object={
	name="tree_cypress_01_generator_1_0"
	render_pass=Map
	clamp_to_water_level=no
	generated_content=yes
	layer="tree_high_layer"
	pdxmesh="tree_cypress_01_a_mesh"
	count=3557
	transform="2321.735107 0.000000 2853.870117 0.000000 0.943763 0.000000 0.330622 1.000000 1.000000 1.000000
2324.299072 0.000000 2854.569580 0.000000 0.005272 0.000000 0.999986 1.000000 1.000000 1.000000
2325.957764 0.000000 2855.244873 0.000000 0.989086 0.000000 0.147338 1.000000 1.000000 1.000000
3544.243652 0.000000 2515.945557 0.000000 0.469699 0.000000 0.882826 1.000000 1.000000 1.000000
3526.775635 0.000000 2518.007812 0.000000 0.699195 0.000000 0.714931 1.000000 1.000000 1.000000
3546.648193 0.000000 2518.167725 0.000000 0.981304 0.000000 0.192463 1.000000 1.000000 1.000000
3524.145020 0.000000 2518.238281 0.000000 0.999963 0.000000 0.008658 1.000000 1.000000 1.000000
2942.904297 0.000000 2807.634277 0.000000 0.946931 0.000000 0.321437 1.000000 1.000000 1.000000
2943.083008 0.000000 2792.582031 0.000000 0.985234 0.000000 0.171210 1.000000 1.000000 1.000000
2949.892334 0.000000 2792.629395 0.000000 0.674862 0.000000 0.737944 1.000000 1.000000 1.000000
2935.489990 0.000000 2807.022217 0.000000 0.284320 0.000000 0.958729 1.000000 1.000000 1.000000
2946.173584 0.000000 2795.473633 0.000000 0.699854 0.000000 0.714286 1.000000 1.000000 1.000000
2932.030762 0.000000 2792.581299 0.000000 0.997870 0.000000 0.065231 1.000000 1.000000 1.000000
2987.783691 0.000000 2796.778564 0.000000 0.813558 0.000000 0.581483 1.000000 1.000000 1.000000
2932.390381 0.000000 2795.173828 0.000000 0.744250 0.000000 0.667902 1.000000 1.000000 1.000000
2937.075928 0.000000 2808.739014 0.000000 0.101394 0.000000 0.994846 1.000000 1.000000 1.000000
3108.694580 0.000000 2879.303223 0.000000 0.198411 0.000000 0.980119 1.000000 1.000000 1.000000
3102.605225 0.000000 2859.432373 0.000000 0.864765 0.000000 0.502177 1.000000 1.000000 1.000000
3109.276855 0.000000 2873.693604 0.000000 0.721337 0.000000 0.692584 1.000000 1.000000 1.000000
3108.818604 0.000000 2876.760986 0.000000 0.655070 0.000000 0.755569 1.000000 1.000000 1.000000
3190.977539 0.000000 2878.676025 0.000000 0.315237 0.000000 0.949013 1.000000 1.000000 1.000000
3211.594238 0.000000 2870.329346 0.000000 0.530323 0.000000 0.847796 1.000000 1.000000 1.000000
3210.920410 0.000000 2872.782959 0.000000 0.809036 0.000000 0.587758 1.000000 1.000000 1.000000
3222.388672 0.000000 2878.541016 0.000000 0.984646 0.000000 0.174562 1.000000 1.000000 1.000000
3212.706543 0.000000 2872.449951 0.000000 0.968324 0.000000 0.249697 1.000000 1.000000 1.000000
3209.114746 0.000000 2872.778564 0.000000 0.585459 0.000000 0.810702 1.000000 1.000000 1.000000
3213.729492 0.000000 2873.390381 0.000000 0.137248 0.000000 0.990537 1.000000 1.000000 1.000000
3211.489014 0.000000 2873.979980 0.000000 0.314989 0.000000 0.949095 1.000000 1.000000 1.000000
3516.231445 0.000000 2584.834473 0.000000 0.332851 0.000000 0.942979 1.000000 1.000000 1.000000
3487.387939 0.000000 2552.458984 0.000000 0.373007 0.000000 0.927828 1.000000 1.000000 1.000000
3487.282227 0.000000 2568.975098 0.000000 0.271149 0.000000 0.962537 1.000000 1.000000 1.000000
3529.274170 0.000000 2519.666504 0.000000 0.891504 0.000000 0.453013 1.000000 1.000000 1.000000
3528.204590 0.000000 2569.007568 0.000000 0.885012 0.000000 0.465567 1.000000 1.000000 1.000000
3491.295410 0.000000 2560.299561 0.000000 0.157600 0.000000 0.987503 1.000000 1.000000 1.000000
3548.833740 0.000000 2520.644531 0.000000 0.998954 0.000000 0.045737 1.000000 1.000000 1.000000
3513.222656 0.000000 2578.065430 0.000000 0.984042 0.000000 0.177937 1.000000 1.000000 1.000000
3513.976562 0.000000 2605.873291 0.000000 0.319611 0.000000 0.947549 1.000000 1.000000 1.000000
3523.108643 0.000000 2521.705811 0.000000 0.308876 0.000000 0.951102 1.000000 1.000000 1.000000
3497.106445 0.000000 2536.447998 0.000000 0.586854 0.000000 0.809693 1.000000 1.000000 1.000000
3494.087891 0.000000 2569.609863 0.000000 0.996982 0.000000 0.077637 1.000000 1.000000 1.000000
3482.257324 0.000000 2549.380371 0.000000 0.267708 0.000000 0.963500 1.000000 1.000000 1.000000
3499.338623 0.000000 2571.562256 0.000000 0.703227 0.000000 0.710965 1.000000 1.000000 1.000000
3493.634766 0.000000 2542.074219 0.000000 0.924460 0.000000 0.381278 1.000000 1.000000 1.000000
3512.292725 0.000000 2582.677246 0.000000 0.913557 0.000000 0.406711 1.000000 1.000000 1.000000
3486.694824 0.000000 2564.969238 0.000000 0.937433 0.000000 0.348165 1.000000 1.000000 1.000000
3494.266846 0.000000 2538.558838 0.000000 0.803176 0.000000 0.595742 1.000000 1.000000 1.000000
3493.687988 0.000000 2572.884521 0.000000 0.176431 0.000000 0.984313 1.000000 1.000000 1.000000
3496.403320 0.000000 2571.525635 0.000000 0.200352 0.000000 0.979724 1.000000 1.000000 1.000000
3519.362793 0.000000 2534.869141 0.000000 0.967083 0.000000 0.254461 1.000000 1.000000 1.000000
3506.906738 0.000000 2578.617920 0.000000 0.938855 0.000000 0.344312 1.000000 1.000000 1.000000
3546.672363 0.000000 2519.793213 0.000000 0.584794 0.000000 0.811182 1.000000 1.000000 1.000000
3514.249268 0.000000 2603.626709 0.000000 0.423913 0.000000 0.905703 1.000000 1.000000 1.000000
3578.706299 0.000000 2593.275146 0.000000 0.349035 0.000000 0.937110 1.000000 1.000000 1.000000
3571.926025 0.000000 2589.014648 0.000000 0.486422 0.000000 0.873724 1.000000 1.000000 1.000000
3514.354736 0.000000 2610.285400 0.000000 0.954435 0.000000 0.298420 1.000000 1.000000 1.000000
3529.970947 0.000000 2618.041260 0.000000 0.874939 0.000000 0.484234 1.000000 1.000000 1.000000
3525.684326 0.000000 2620.401123 0.000000 0.995634 0.000000 0.093343 1.000000 1.000000 1.000000
3581.599609 0.000000 2627.665527 0.000000 0.996918 0.000000 0.078454 1.000000 1.000000 1.000000
3575.060303 0.000000 2652.076172 0.000000 0.526384 0.000000 0.850247 1.000000 1.000000 1.000000
3599.939209 0.000000 2641.276123 0.000000 0.128577 0.000000 0.991700 1.000000 1.000000 1.000000
3593.173096 0.000000 2648.989990 0.000000 0.048595 0.000000 0.998819 1.000000 1.000000 1.000000
3574.849121 0.000000 2646.412842 0.000000 0.802051 0.000000 0.597255 1.000000 1.000000 1.000000
3596.519531 0.000000 2645.136230 0.000000 0.987152 0.000000 0.159787 1.000000 1.000000 1.000000
3563.325928 0.000000 2651.727783 0.000000 0.719678 0.000000 0.694308 1.000000 1.000000 1.000000
3602.194580 0.000000 2626.333984 0.000000 0.616847 0.000000 0.787083 1.000000 1.000000 1.000000
3567.772705 0.000000 2650.090332 0.000000 0.857547 0.000000 0.514406 1.000000 1.000000 1.000000
3582.579346 0.000000 2624.898926 0.000000 0.999630 0.000000 0.027188 1.000000 1.000000 1.000000
3604.767090 0.000000 2626.286621 0.000000 0.920469 0.000000 0.390815 1.000000 1.000000 1.000000
3373.051025 0.000000 2786.657227 0.000000 0.026573 0.000000 0.999647 1.000000 1.000000 1.000000
3366.501221 0.000000 2782.979004 0.000000 0.750505 0.000000 0.660864 1.000000 1.000000 1.000000
3366.970215 0.000000 2778.872314 0.000000 0.239955 0.000000 0.970784 1.000000 1.000000 1.000000
3375.176270 0.000000 2783.663818 0.000000 0.518652 0.000000 0.854986 1.000000 1.000000 1.000000
3368.386230 0.000000 2783.398926 0.000000 0.996174 0.000000 0.087390 1.000000 1.000000 1.000000
3368.958496 0.000000 2784.404297 0.000000 0.791195 0.000000 0.611564 1.000000 1.000000 1.000000
3405.854980 0.000000 2782.571289 0.000000 0.923962 0.000000 0.382484 1.000000 1.000000 1.000000
3430.606201 0.000000 2789.393555 0.000000 0.904660 0.000000 0.426134 1.000000 1.000000 1.000000
3400.161621 0.000000 2781.533447 0.000000 0.973824 0.000000 0.227303 1.000000 1.000000 1.000000
3427.049072 0.000000 2786.537354 0.000000 0.926890 0.000000 0.375332 1.000000 1.000000 1.000000
3418.251465 0.000000 2784.645752 0.000000 0.999803 0.000000 0.019837 1.000000 1.000000 1.000000
3394.078613 0.000000 2780.344971 0.000000 0.998993 0.000000 0.044860 1.000000 1.000000 1.000000
3405.530518 0.000000 2780.210449 0.000000 0.912805 0.000000 0.408396 1.000000 1.000000 1.000000
3416.324463 0.000000 2784.757080 0.000000 0.751344 0.000000 0.659910 1.000000 1.000000 1.000000
3395.190918 0.000000 2782.465576 0.000000 0.993281 0.000000 0.115728 1.000000 1.000000 1.000000
3366.501221 0.000000 2872.963379 0.000000 0.994341 0.000000 0.106231 1.000000 1.000000 1.000000
3360.949951 0.000000 2874.107666 0.000000 0.963152 0.000000 0.268959 1.000000 1.000000 1.000000
3382.421143 0.000000 2879.303223 0.000000 0.724118 0.000000 0.689676 1.000000 1.000000 1.000000
3461.332031 0.000000 2825.843262 0.000000 0.559486 0.000000 0.828840 1.000000 1.000000 1.000000
3389.794678 0.000000 2866.006836 0.000000 0.349108 0.000000 0.937083 1.000000 1.000000 1.000000
3440.461426 0.000000 2876.246826 0.000000 0.113711 0.000000 0.993514 1.000000 1.000000 1.000000
3414.482422 0.000000 2809.387939 0.000000 0.365319 0.000000 0.930882 1.000000 1.000000 1.000000
3402.392578 0.000000 2812.027344 0.000000 0.467446 0.000000 0.884022 1.000000 1.000000 1.000000
3389.066650 0.000000 2801.131836 0.000000 0.436188 0.000000 0.899856 1.000000 1.000000 1.000000
3416.656250 0.000000 2804.732422 0.000000 0.536115 0.000000 0.844145 1.000000 1.000000 1.000000
3460.317871 0.000000 2820.477539 0.000000 0.371742 0.000000 0.928336 1.000000 1.000000 1.000000
3410.090576 0.000000 2808.183594 0.000000 0.125966 0.000000 0.992035 1.000000 1.000000 1.000000
3420.124512 0.000000 2799.499268 0.000000 0.990404 0.000000 0.138206 1.000000 1.000000 1.000000
3392.234131 0.000000 2802.975586 0.000000 0.409119 0.000000 0.912481 1.000000 1.000000 1.000000
3413.528809 0.000000 2806.095703 0.000000 0.633449 0.000000 0.773784 1.000000 1.000000 1.000000
3451.660156 0.000000 2818.065674 0.000000 0.677429 0.000000 0.735588 1.000000 1.000000 1.000000
3431.069824 0.000000 2794.657959 0.000000 0.868831 0.000000 0.495108 1.000000 1.000000 1.000000
3459.526123 0.000000 2823.394043 0.000000 0.283175 0.000000 0.959068 1.000000 1.000000 1.000000
3438.543457 0.000000 2873.960449 0.000000 0.462941 0.000000 0.886389 1.000000 1.000000 1.000000
3416.975098 0.000000 2807.614014 0.000000 0.147594 0.000000 0.989048 1.000000 1.000000 1.000000
3462.059082 0.000000 2822.575928 0.000000 0.412601 0.000000 0.910912 1.000000 1.000000 1.000000
3429.223633 0.000000 2792.006836 0.000000 0.815183 0.000000 0.579203 1.000000 1.000000 1.000000
3433.680176 0.000000 2802.782959 0.000000 0.832338 0.000000 0.554269 1.000000 1.000000 1.000000
3436.646484 0.000000 2875.776123 0.000000 0.992147 0.000000 0.125078 1.000000 1.000000 1.000000
3412.150879 0.000000 2809.479736 0.000000 0.597417 0.000000 0.801931 1.000000 1.000000 1.000000
3436.882324 0.000000 2803.290283 0.000000 0.154544 0.000000 0.987986 1.000000 1.000000 1.000000
3419.028564 0.000000 2804.158203 0.000000 0.705500 0.000000 0.708710 1.000000 1.000000 1.000000
3429.350098 0.000000 2870.315918 0.000000 0.972685 0.000000 0.232130 1.000000 1.000000 1.000000
3387.460693 0.000000 2878.648193 0.000000 0.038335 0.000000 0.999265 1.000000 1.000000 1.000000
3458.515625 0.000000 2821.559082 0.000000 0.778981 0.000000 0.627048 1.000000 1.000000 1.000000
3411.532227 0.000000 2806.802734 0.000000 0.935179 0.000000 0.354175 1.000000 1.000000 1.000000
3453.432129 0.000000 2818.880127 0.000000 0.962972 0.000000 0.269601 1.000000 1.000000 1.000000
3381.587402 0.000000 2865.087646 0.000000 0.734453 0.000000 0.678659 1.000000 1.000000 1.000000
3392.939941 0.000000 2801.281982 0.000000 0.257012 0.000000 0.966408 1.000000 1.000000 1.000000
3384.955078 0.000000 2866.285400 0.000000 0.720683 0.000000 0.693265 1.000000 1.000000 1.000000
3384.607422 0.000000 2800.701904 0.000000 0.188931 0.000000 0.981990 1.000000 1.000000 1.000000
3390.856201 0.000000 2801.304199 0.000000 0.698151 0.000000 0.715951 1.000000 1.000000 1.000000
3430.604980 0.000000 2793.034668 0.000000 0.745498 0.000000 0.666508 1.000000 1.000000 1.000000
3460.307861 0.000000 2822.038330 0.000000 0.794374 0.000000 0.607429 1.000000 1.000000 1.000000
3420.014648 0.000000 2801.230469 0.000000 0.343597 0.000000 0.939117 1.000000 1.000000 1.000000
3428.424316 0.000000 2793.181396 0.000000 0.180135 0.000000 0.983642 1.000000 1.000000 1.000000
977.273193 0.000000 2937.887939 0.000000 0.767367 0.000000 0.641208 1.000000 1.000000 1.000000
979.747437 0.000000 2930.759521 0.000000 0.973610 0.000000 0.228220 1.000000 1.000000 1.000000
975.708557 0.000000 2933.191406 0.000000 0.955326 0.000000 0.295555 1.000000 1.000000 1.000000
993.327087 0.000000 2943.801758 0.000000 0.663656 0.000000 0.748038 1.000000 1.000000 1.000000
993.877197 0.000000 2948.246094 0.000000 0.230018 0.000000 0.973186 1.000000 1.000000 1.000000
994.250671 0.000000 2946.147217 0.000000 0.067243 0.000000 0.997737 1.000000 1.000000 1.000000
992.644592 0.000000 2947.148438 0.000000 0.968456 0.000000 0.249183 1.000000 1.000000 1.000000
1025.239990 0.000000 2943.136475 0.000000 0.661496 0.000000 0.749949 1.000000 1.000000 1.000000
1013.723511 0.000000 2946.937988 0.000000 0.401138 0.000000 0.916018 1.000000 1.000000 1.000000
1049.683594 0.000000 2938.002930 0.000000 0.994419 0.000000 0.105508 1.000000 1.000000 1.000000
1038.301514 0.000000 2956.968262 0.000000 0.764485 0.000000 0.644642 1.000000 1.000000 1.000000
1072.550781 0.000000 2950.597168 0.000000 0.489734 0.000000 0.871872 1.000000 1.000000 1.000000
1081.711914 0.000000 2959.521240 0.000000 0.160557 0.000000 0.987027 1.000000 1.000000 1.000000
1030.548828 0.000000 2929.547363 0.000000 0.878337 0.000000 0.478042 1.000000 1.000000 1.000000
1010.932983 0.000000 2955.988281 0.000000 0.306392 0.000000 0.951905 1.000000 1.000000 1.000000
1035.799438 0.000000 2931.499756 0.000000 0.999198 0.000000 0.040047 1.000000 1.000000 1.000000
1027.801147 0.000000 2947.862061 0.000000 0.628858 0.000000 0.777520 1.000000 1.000000 1.000000
1029.388428 0.000000 2940.103516 0.000000 0.485945 0.000000 0.873989 1.000000 1.000000 1.000000
1046.829468 0.000000 2934.076416 0.000000 0.990854 0.000000 0.134938 1.000000 1.000000 1.000000
1072.321777 0.000000 2954.629395 0.000000 0.721765 0.000000 0.692138 1.000000 1.000000 1.000000
1039.733521 0.000000 2953.364014 0.000000 0.054426 0.000000 0.998518 1.000000 1.000000 1.000000
1017.144775 0.000000 2948.952148 0.000000 0.519314 0.000000 0.854584 1.000000 1.000000 1.000000
1018.847412 0.000000 2952.340820 0.000000 0.227823 0.000000 0.973703 1.000000 1.000000 1.000000
1084.569214 0.000000 2943.801758 0.000000 0.961494 0.000000 0.274825 1.000000 1.000000 1.000000
1011.453613 0.000000 2949.701416 0.000000 0.098537 0.000000 0.995133 1.000000 1.000000 1.000000
1033.901733 0.000000 2928.530518 0.000000 0.239548 0.000000 0.970884 1.000000 1.000000 1.000000
1027.080078 0.000000 2929.916260 0.000000 0.293923 0.000000 0.955829 1.000000 1.000000 1.000000
1027.121460 0.000000 2969.226807 0.000000 0.996151 0.000000 0.087656 1.000000 1.000000 1.000000
1031.511841 0.000000 2946.350098 0.000000 0.000018 0.000000 1.000000 1.000000 1.000000 1.000000
1074.924561 0.000000 2952.881592 0.000000 0.960931 0.000000 0.276790 1.000000 1.000000 1.000000
1082.871704 0.000000 2945.830322 0.000000 0.153644 0.000000 0.988126 1.000000 1.000000 1.000000
1083.947021 0.000000 2960.830322 0.000000 0.634346 0.000000 0.773049 1.000000 1.000000 1.000000
1023.512207 0.000000 2949.992188 0.000000 0.983235 0.000000 0.182342 1.000000 1.000000 1.000000
1036.628052 0.000000 2950.897705 0.000000 0.643521 0.000000 0.765429 1.000000 1.000000 1.000000
1017.825745 0.000000 2968.646240 0.000000 0.997406 0.000000 0.071981 1.000000 1.000000 1.000000
1025.400269 0.000000 2968.000244 0.000000 0.924522 0.000000 0.381130 1.000000 1.000000 1.000000
1019.188538 0.000000 2950.117188 0.000000 0.121484 0.000000 0.992593 1.000000 1.000000 1.000000
1035.534790 0.000000 2927.176270 0.000000 0.199893 0.000000 0.979818 1.000000 1.000000 1.000000
1009.290466 0.000000 2955.072021 0.000000 0.519052 0.000000 0.854743 1.000000 1.000000 1.000000
1027.923584 0.000000 2945.347412 0.000000 0.490880 0.000000 0.871227 1.000000 1.000000 1.000000
1019.420532 0.000000 2968.495361 0.000000 0.380185 0.000000 0.924910 1.000000 1.000000 1.000000
1071.154297 0.000000 2952.193115 0.000000 0.924821 0.000000 0.380402 1.000000 1.000000 1.000000
1025.878174 0.000000 2947.156738 0.000000 0.020532 0.000000 0.999789 1.000000 1.000000 1.000000
1068.720581 0.000000 2950.416016 0.000000 0.977761 0.000000 0.209721 1.000000 1.000000 1.000000
999.978760 0.000000 2981.436279 0.000000 0.806348 0.000000 0.591442 1.000000 1.000000 1.000000
985.851440 0.000000 2995.646240 0.000000 0.972553 0.000000 0.232682 1.000000 1.000000 1.000000
988.961365 0.000000 2973.576660 0.000000 0.652945 0.000000 0.757405 1.000000 1.000000 1.000000
996.615295 0.000000 2975.818115 0.000000 0.958657 0.000000 0.284566 1.000000 1.000000 1.000000
982.553711 0.000000 2990.837891 0.000000 0.940291 0.000000 0.340370 1.000000 1.000000 1.000000
995.166870 0.000000 2981.752441 0.000000 0.032751 0.000000 0.999463 1.000000 1.000000 1.000000
998.103149 0.000000 2985.042480 0.000000 0.895289 0.000000 0.445487 1.000000 1.000000 1.000000
987.003784 0.000000 2976.685547 0.000000 0.060088 0.000000 0.998193 1.000000 1.000000 1.000000
951.917480 0.000000 3056.505371 0.000000 0.039143 0.000000 0.999234 1.000000 1.000000 1.000000
963.475708 0.000000 3050.643311 0.000000 0.992761 0.000000 0.120104 1.000000 1.000000 1.000000
999.405396 0.000000 2974.916992 0.000000 0.659109 0.000000 0.752047 1.000000 1.000000 1.000000
997.620117 0.000000 2982.407715 0.000000 0.533467 0.000000 0.845821 1.000000 1.000000 1.000000
985.409363 0.000000 3010.237549 0.000000 0.685086 0.000000 0.728462 1.000000 1.000000 1.000000
982.378479 0.000000 2992.737305 0.000000 0.174856 0.000000 0.984594 1.000000 1.000000 1.000000
1005.994751 0.000000 2991.362061 0.000000 0.770999 0.000000 0.636837 1.000000 1.000000 1.000000
1035.022461 0.000000 3015.038086 0.000000 0.097910 0.000000 0.995195 1.000000 1.000000 1.000000
1012.397705 0.000000 3013.115967 0.000000 0.648717 0.000000 0.761030 1.000000 1.000000 1.000000
1057.834839 0.000000 3052.412354 0.000000 0.823573 0.000000 0.567210 1.000000 1.000000 1.000000
1089.035034 0.000000 3005.812012 0.000000 0.983749 0.000000 0.179551 1.000000 1.000000 1.000000
1064.445312 0.000000 3040.244873 0.000000 0.062391 0.000000 0.998052 1.000000 1.000000 1.000000
1028.476318 0.000000 3043.089355 0.000000 0.590783 0.000000 0.806831 1.000000 1.000000 1.000000
1004.732971 0.000000 2980.093994 0.000000 0.577150 0.000000 0.816638 1.000000 1.000000 1.000000
1029.905640 0.000000 2997.553223 0.000000 0.995736 0.000000 0.092250 1.000000 1.000000 1.000000
1075.185303 0.000000 2978.220215 0.000000 0.492910 0.000000 0.870081 1.000000 1.000000 1.000000
1050.437622 0.000000 3055.795166 0.000000 0.980541 0.000000 0.196315 1.000000 1.000000 1.000000
1051.711060 0.000000 3049.801758 0.000000 0.999233 0.000000 0.039171 1.000000 1.000000 1.000000
1086.210449 0.000000 3057.703125 0.000000 0.996296 0.000000 0.085991 1.000000 1.000000 1.000000
1007.346375 0.000000 2985.365967 0.000000 0.356358 0.000000 0.934350 1.000000 1.000000 1.000000
1032.121094 0.000000 3047.151855 0.000000 0.711679 0.000000 0.702504 1.000000 1.000000 1.000000
1035.349365 0.000000 2997.613281 0.000000 0.958861 0.000000 0.283875 1.000000 1.000000 1.000000
1092.441772 0.000000 3002.077148 0.000000 0.696567 0.000000 0.717491 1.000000 1.000000 1.000000
1088.332642 0.000000 3045.692383 0.000000 0.985625 0.000000 0.168948 1.000000 1.000000 1.000000
1062.145264 0.000000 2980.338623 0.000000 0.977570 0.000000 0.210609 1.000000 1.000000 1.000000
1086.409058 0.000000 2981.752441 0.000000 0.063683 0.000000 0.997970 1.000000 1.000000 1.000000
1067.037109 0.000000 2983.184570 0.000000 0.989368 0.000000 0.145435 1.000000 1.000000 1.000000
1026.794556 0.000000 3005.848145 0.000000 0.961249 0.000000 0.275681 1.000000 1.000000 1.000000
1052.235962 0.000000 3024.352295 0.000000 0.775452 0.000000 0.631407 1.000000 1.000000 1.000000
1035.665161 0.000000 2979.810303 0.000000 0.949894 0.000000 0.312572 1.000000 1.000000 1.000000
1077.311279 0.000000 3050.108643 0.000000 0.476990 0.000000 0.878909 1.000000 1.000000 1.000000
1033.371826 0.000000 3001.028320 0.000000 0.952054 0.000000 0.305931 1.000000 1.000000 1.000000
1039.733521 0.000000 3043.348389 0.000000 0.313661 0.000000 0.949535 1.000000 1.000000 1.000000
1048.811890 0.000000 3052.200439 0.000000 0.163243 0.000000 0.986586 1.000000 1.000000 1.000000
1017.131104 0.000000 2977.558350 0.000000 0.371348 0.000000 0.928494 1.000000 1.000000 1.000000
1061.567017 0.000000 2976.682129 0.000000 0.997438 0.000000 0.071535 1.000000 1.000000 1.000000
1071.697754 0.000000 2976.747314 0.000000 0.321316 0.000000 0.946972 1.000000 1.000000 1.000000
1053.875244 0.000000 3016.640381 0.000000 0.927616 0.000000 0.373535 1.000000 1.000000 1.000000
1007.107483 0.000000 3007.191650 0.000000 0.590985 0.000000 0.806683 1.000000 1.000000 1.000000
1085.889771 0.000000 2978.071045 0.000000 0.136960 0.000000 0.990577 1.000000 1.000000 1.000000
1035.398438 0.000000 3046.219971 0.000000 0.485878 0.000000 0.874027 1.000000 1.000000 1.000000
1083.585693 0.000000 3055.179199 0.000000 0.997352 0.000000 0.072721 1.000000 1.000000 1.000000
1063.693115 0.000000 2978.200439 0.000000 0.672938 0.000000 0.739699 1.000000 1.000000 1.000000
1028.098267 0.000000 3012.832520 0.000000 0.807192 0.000000 0.590289 1.000000 1.000000 1.000000
1066.926758 0.000000 3045.457764 0.000000 0.844442 0.000000 0.535647 1.000000 1.000000 1.000000
1006.216309 0.000000 2987.810303 0.000000 0.346788 0.000000 0.937944 1.000000 1.000000 1.000000
1033.277588 0.000000 3044.911621 0.000000 0.754787 0.000000 0.655970 1.000000 1.000000 1.000000
1064.536865 0.000000 3047.307617 0.000000 0.298676 0.000000 0.954355 1.000000 1.000000 1.000000
1010.819336 0.000000 3010.881592 0.000000 0.992797 0.000000 0.119809 1.000000 1.000000 1.000000
1064.585449 0.000000 2983.259033 0.000000 0.983967 0.000000 0.178349 1.000000 1.000000 1.000000
1046.450684 0.000000 3052.280029 0.000000 0.009577 0.000000 0.999954 1.000000 1.000000 1.000000
1033.267578 0.000000 3013.775391 0.000000 0.133962 0.000000 0.990986 1.000000 1.000000 1.000000
1014.965027 0.000000 2977.908203 0.000000 0.580832 0.000000 0.814023 1.000000 1.000000 1.000000
1060.417969 0.000000 2978.476562 0.000000 0.025361 0.000000 0.999678 1.000000 1.000000 1.000000
1030.094849 0.000000 3002.323730 0.000000 0.325544 0.000000 0.945527 1.000000 1.000000 1.000000
1050.776001 0.000000 3051.557373 0.000000 0.298246 0.000000 0.954489 1.000000 1.000000 1.000000
1034.038574 0.000000 3047.633789 0.000000 0.885981 0.000000 0.463722 1.000000 1.000000 1.000000
1043.389282 0.000000 3009.831299 0.000000 0.837536 0.000000 0.546382 1.000000 1.000000 1.000000
1055.404175 0.000000 3020.558838 0.000000 0.875661 0.000000 0.482926 1.000000 1.000000 1.000000
1027.395142 0.000000 3039.562012 0.000000 0.651209 0.000000 0.758898 1.000000 1.000000 1.000000
1036.958374 0.000000 3046.052979 0.000000 0.772726 0.000000 0.634740 1.000000 1.000000 1.000000
1009.665039 0.000000 2999.057129 0.000000 0.950629 0.000000 0.310329 1.000000 1.000000 1.000000
956.439453 0.000000 3083.978271 0.000000 0.080372 0.000000 0.996765 1.000000 1.000000 1.000000
980.142639 0.000000 3074.736084 0.000000 0.911815 0.000000 0.410601 1.000000 1.000000 1.000000
987.476624 0.000000 3079.751465 0.000000 0.992998 0.000000 0.118134 1.000000 1.000000 1.000000
999.928040 0.000000 3118.519043 0.000000 0.994811 0.000000 0.101739 1.000000 1.000000 1.000000
963.056763 0.000000 3086.516357 0.000000 0.595726 0.000000 0.803187 1.000000 1.000000 1.000000
971.537354 0.000000 3115.528564 0.000000 0.974879 0.000000 0.222734 1.000000 1.000000 1.000000
968.167725 0.000000 3089.089111 0.000000 0.340158 0.000000 0.940368 1.000000 1.000000 1.000000
990.070190 0.000000 3114.910156 0.000000 0.070831 0.000000 0.997488 1.000000 1.000000 1.000000
979.419739 0.000000 3070.118408 0.000000 0.884052 0.000000 0.467389 1.000000 1.000000 1.000000
954.824341 0.000000 3080.162842 0.000000 0.348054 0.000000 0.937475 1.000000 1.000000 1.000000
973.000977 0.000000 3105.258057 0.000000 0.056102 0.000000 0.998425 1.000000 1.000000 1.000000
997.108582 0.000000 3110.096436 0.000000 0.435834 0.000000 0.900027 1.000000 1.000000 1.000000
958.801575 0.000000 3081.827393 0.000000 0.988302 0.000000 0.152512 1.000000 1.000000 1.000000
975.099915 0.000000 3115.983643 0.000000 0.909575 0.000000 0.415541 1.000000 1.000000 1.000000
961.461609 0.000000 3079.249268 0.000000 0.992955 0.000000 0.118492 1.000000 1.000000 1.000000
973.513977 0.000000 3114.082520 0.000000 0.048260 0.000000 0.998835 1.000000 1.000000 1.000000
979.478760 0.000000 3128.816162 0.000000 0.925020 0.000000 0.379919 1.000000 1.000000 1.000000
960.725952 0.000000 3086.877930 0.000000 0.570574 0.000000 0.821246 1.000000 1.000000 1.000000
971.150818 0.000000 3104.230225 0.000000 0.860348 0.000000 0.509707 1.000000 1.000000 1.000000
965.760559 0.000000 3088.849121 0.000000 0.196232 0.000000 0.980558 1.000000 1.000000 1.000000
1004.094788 0.000000 3125.010254 0.000000 0.948460 0.000000 0.316898 1.000000 1.000000 1.000000
1010.124390 0.000000 3149.256348 0.000000 0.428400 0.000000 0.903589 1.000000 1.000000 1.000000
1012.397705 0.000000 3103.100342 0.000000 0.190011 0.000000 0.981782 1.000000 1.000000 1.000000
1005.626038 0.000000 3094.070557 0.000000 0.329801 0.000000 0.944050 1.000000 1.000000 1.000000
1017.242798 0.000000 3083.553223 0.000000 0.965835 0.000000 0.259157 1.000000 1.000000 1.000000
1076.544556 0.000000 3125.344727 0.000000 0.276964 0.000000 0.960880 1.000000 1.000000 1.000000
1085.294678 0.000000 3060.550781 0.000000 0.027803 0.000000 0.999613 1.000000 1.000000 1.000000
1004.329651 0.000000 3102.018066 0.000000 0.992124 0.000000 0.125256 1.000000 1.000000 1.000000
1046.540039 0.000000 3131.135010 0.000000 0.996453 0.000000 0.084150 1.000000 1.000000 1.000000
1018.261353 0.000000 3122.081787 0.000000 0.646955 0.000000 0.762528 1.000000 1.000000 1.000000
1072.550781 0.000000 3130.565918 0.000000 0.835622 0.000000 0.549305 1.000000 1.000000 1.000000
1057.892822 0.000000 3128.958984 0.000000 0.378671 0.000000 0.925531 1.000000 1.000000 1.000000
1019.524170 0.000000 3064.862793 0.000000 0.941484 0.000000 0.337056 1.000000 1.000000 1.000000
1016.769775 0.000000 3071.084961 0.000000 0.485333 0.000000 0.874329 1.000000 1.000000 1.000000
1047.976929 0.000000 3095.426758 0.000000 0.776067 0.000000 0.630650 1.000000 1.000000 1.000000
1008.888733 0.000000 3126.015381 0.000000 0.524139 0.000000 0.851633 1.000000 1.000000 1.000000
1080.767578 0.000000 3123.747314 0.000000 0.921522 0.000000 0.388326 1.000000 1.000000 1.000000
1047.976074 0.000000 3126.947021 0.000000 0.841867 0.000000 0.539686 1.000000 1.000000 1.000000
1072.940918 0.000000 3147.081543 0.000000 0.776587 0.000000 0.630010 1.000000 1.000000 1.000000
1058.887695 0.000000 3073.313477 0.000000 0.737221 0.000000 0.675652 1.000000 1.000000 1.000000
1061.929810 0.000000 3126.338379 0.000000 0.599220 0.000000 0.800585 1.000000 1.000000 1.000000
1012.782471 0.000000 3107.328369 0.000000 0.978926 0.000000 0.204216 1.000000 1.000000 1.000000
1012.573364 0.000000 3145.538086 0.000000 0.935761 0.000000 0.352635 1.000000 1.000000 1.000000
1047.827637 0.000000 3069.452393 0.000000 0.397827 0.000000 0.917460 1.000000 1.000000 1.000000
1014.746338 0.000000 3120.424072 0.000000 0.519579 0.000000 0.854422 1.000000 1.000000 1.000000
1052.363159 0.000000 3075.249512 0.000000 0.949536 0.000000 0.313659 1.000000 1.000000 1.000000
1023.597839 0.000000 3064.584717 0.000000 0.096549 0.000000 0.995328 1.000000 1.000000 1.000000
1007.428284 0.000000 3134.856689 0.000000 0.845480 0.000000 0.534007 1.000000 1.000000 1.000000
1024.696411 0.000000 3101.793213 0.000000 0.983350 0.000000 0.181720 1.000000 1.000000 1.000000
1078.245972 0.000000 3066.669922 0.000000 0.369719 0.000000 0.929143 1.000000 1.000000 1.000000
1063.401611 0.000000 3123.889160 0.000000 0.576524 0.000000 0.817080 1.000000 1.000000 1.000000
1081.660034 0.000000 3066.051758 0.000000 0.964273 0.000000 0.264910 1.000000 1.000000 1.000000
1020.140015 0.000000 3062.092529 0.000000 0.151566 0.000000 0.988447 1.000000 1.000000 1.000000
1055.823730 0.000000 3074.775391 0.000000 0.230285 0.000000 0.973123 1.000000 1.000000 1.000000
1034.240601 0.000000 3125.998291 0.000000 0.926333 0.000000 0.376705 1.000000 1.000000 1.000000
1019.177551 0.000000 3069.676758 0.000000 0.594938 0.000000 0.803772 1.000000 1.000000 1.000000
1070.184448 0.000000 3147.908691 0.000000 0.918867 0.000000 0.394568 1.000000 1.000000 1.000000
1074.871460 0.000000 3074.298096 0.000000 0.294758 0.000000 0.955572 1.000000 1.000000 1.000000
1047.666260 0.000000 3066.889648 0.000000 0.048299 0.000000 0.998833 1.000000 1.000000 1.000000
1018.084412 0.000000 3063.092529 0.000000 0.008968 0.000000 0.999960 1.000000 1.000000 1.000000
1078.487305 0.000000 3072.051758 0.000000 0.526838 0.000000 0.849966 1.000000 1.000000 1.000000
1021.394653 0.000000 3064.729736 0.000000 0.881364 0.000000 0.472439 1.000000 1.000000 1.000000
1075.499146 0.000000 3072.713135 0.000000 0.999999 0.000000 0.001085 1.000000 1.000000 1.000000
1020.510376 0.000000 3065.989990 0.000000 0.749399 0.000000 0.662119 1.000000 1.000000 1.000000
994.309692 0.000000 3201.860107 0.000000 0.790100 0.000000 0.612978 1.000000 1.000000 1.000000
996.713989 0.000000 3168.800293 0.000000 0.879376 0.000000 0.476128 1.000000 1.000000 1.000000
987.476624 0.000000 3169.735840 0.000000 0.987425 0.000000 0.158086 1.000000 1.000000 1.000000
991.124451 0.000000 3209.563477 0.000000 0.995858 0.000000 0.090918 1.000000 1.000000 1.000000
999.978760 0.000000 3161.405029 0.000000 0.419179 0.000000 0.907903 1.000000 1.000000 1.000000
982.916382 0.000000 3232.876465 0.000000 0.989778 0.000000 0.142616 1.000000 1.000000 1.000000
996.615295 0.000000 3155.786865 0.000000 0.996051 0.000000 0.088780 1.000000 1.000000 1.000000
1001.385742 0.000000 3172.226074 0.000000 0.561062 0.000000 0.827774 1.000000 1.000000 1.000000
986.414673 0.000000 3221.328125 0.000000 0.429263 0.000000 0.903179 1.000000 1.000000 1.000000
1000.898926 0.000000 3213.136719 0.000000 0.981185 0.000000 0.193069 1.000000 1.000000 1.000000
995.527039 0.000000 3197.166016 0.000000 0.226272 0.000000 0.974064 1.000000 1.000000 1.000000
995.166870 0.000000 3161.721191 0.000000 0.845674 0.000000 0.533701 1.000000 1.000000 1.000000
998.815735 0.000000 3204.248779 0.000000 0.124173 0.000000 0.992261 1.000000 1.000000 1.000000
991.659973 0.000000 3198.800781 0.000000 0.125914 0.000000 0.992041 1.000000 1.000000 1.000000
989.458496 0.000000 3149.529053 0.000000 0.803448 0.000000 0.595375 1.000000 1.000000 1.000000
994.647522 0.000000 3158.039795 0.000000 0.481511 0.000000 0.876440 1.000000 1.000000 1.000000
1002.774170 0.000000 3223.693359 0.000000 0.993705 0.000000 0.112030 1.000000 1.000000 1.000000
992.832581 0.000000 3196.541992 0.000000 0.439743 0.000000 0.898124 1.000000 1.000000 1.000000
988.646851 0.000000 3151.531494 0.000000 0.910440 0.000000 0.413642 1.000000 1.000000 1.000000
995.678284 0.000000 3159.822998 0.000000 0.910882 0.000000 0.412667 1.000000 1.000000 1.000000
999.846619 0.000000 3171.193604 0.000000 0.993928 0.000000 0.110028 1.000000 1.000000 1.000000
993.181335 0.000000 3198.115234 0.000000 0.920432 0.000000 0.390902 1.000000 1.000000 1.000000
1076.065430 0.000000 3226.038086 0.000000 0.020483 0.000000 0.999790 1.000000 1.000000 1.000000
1089.946167 0.000000 3230.294922 0.000000 0.999946 0.000000 0.010416 1.000000 1.000000 1.000000
1064.445312 0.000000 3220.213623 0.000000 0.405315 0.000000 0.914177 1.000000 1.000000 1.000000
1005.133362 0.000000 3227.937988 0.000000 0.216100 0.000000 0.976371 1.000000 1.000000 1.000000
1013.273071 0.000000 3165.108643 0.000000 0.512921 0.000000 0.858436 1.000000 1.000000 1.000000
1091.170166 0.000000 3208.503418 0.000000 0.848568 0.000000 0.529086 1.000000 1.000000 1.000000
1060.476807 0.000000 3225.968994 0.000000 0.084812 0.000000 0.996397 1.000000 1.000000 1.000000
1018.261353 0.000000 3212.066162 0.000000 0.816671 0.000000 0.577104 1.000000 1.000000 1.000000
1007.869568 0.000000 3196.289551 0.000000 0.973549 0.000000 0.228476 1.000000 1.000000 1.000000
1014.910889 0.000000 3177.143066 0.000000 0.223046 0.000000 0.974808 1.000000 1.000000 1.000000
1012.782471 0.000000 3197.312744 0.000000 0.816093 0.000000 0.577921 1.000000 1.000000 1.000000
1068.316406 0.000000 3218.983398 0.000000 0.813944 0.000000 0.580944 1.000000 1.000000 1.000000
1071.237549 0.000000 3149.481934 0.000000 0.907472 0.000000 0.420112 1.000000 1.000000 1.000000
1029.182861 0.000000 3214.024170 0.000000 0.974168 0.000000 0.225825 1.000000 1.000000 1.000000
1089.094727 0.000000 3234.133057 0.000000 0.008305 0.000000 0.999965 1.000000 1.000000 1.000000
1043.013916 0.000000 3221.549072 0.000000 0.544938 0.000000 0.838476 1.000000 1.000000 1.000000
1017.131104 0.000000 3157.527100 0.000000 0.901535 0.000000 0.432705 1.000000 1.000000 1.000000
1012.868958 0.000000 3174.141846 0.000000 0.643959 0.000000 0.765060 1.000000 1.000000 1.000000
1059.588867 0.000000 3229.163330 0.000000 0.977714 0.000000 0.209941 1.000000 1.000000 1.000000
1057.246338 0.000000 3196.484375 0.000000 0.017449 0.000000 0.999848 1.000000 1.000000 1.000000
1091.912720 0.000000 3233.678223 0.000000 0.908523 0.000000 0.417834 1.000000 1.000000 1.000000
1012.769531 0.000000 3162.349854 0.000000 0.343213 0.000000 0.939258 1.000000 1.000000 1.000000
1009.745911 0.000000 3194.177979 0.000000 0.584047 0.000000 0.811720 1.000000 1.000000 1.000000
1069.970947 0.000000 3221.105469 0.000000 0.757141 0.000000 0.653252 1.000000 1.000000 1.000000
1026.212036 0.000000 3215.553711 0.000000 0.173057 0.000000 0.984912 1.000000 1.000000 1.000000
1070.720947 0.000000 3218.800537 0.000000 0.998571 0.000000 0.053449 1.000000 1.000000 1.000000
1015.208069 0.000000 3162.914795 0.000000 0.810412 0.000000 0.585861 1.000000 1.000000 1.000000
1091.543945 0.000000 3231.650146 0.000000 0.235400 0.000000 0.971898 1.000000 1.000000 1.000000
1056.993042 0.000000 3192.203125 0.000000 0.995061 0.000000 0.099262 1.000000 1.000000 1.000000
1017.953064 0.000000 3155.795654 0.000000 0.119162 0.000000 0.992875 1.000000 1.000000 1.000000
1108.739990 0.000000 2955.991211 0.000000 0.328537 0.000000 0.944491 1.000000 1.000000 1.000000
1130.004272 0.000000 2949.502197 0.000000 0.218598 0.000000 0.975815 1.000000 1.000000 1.000000
1155.687500 0.000000 2950.260498 0.000000 0.924963 0.000000 0.380057 1.000000 1.000000 1.000000
1114.985229 0.000000 2928.912598 0.000000 0.486631 0.000000 0.873608 1.000000 1.000000 1.000000
1147.925415 0.000000 2934.666260 0.000000 0.956890 0.000000 0.290450 1.000000 1.000000 1.000000
1171.946777 0.000000 2965.867432 0.000000 0.993962 0.000000 0.109728 1.000000 1.000000 1.000000
1119.718506 0.000000 2953.104980 0.000000 0.932036 0.000000 0.362365 1.000000 1.000000 1.000000
1104.965698 0.000000 2946.937988 0.000000 0.888241 0.000000 0.459378 1.000000 1.000000 1.000000
1124.362549 0.000000 2943.514893 0.000000 0.995354 0.000000 0.096286 1.000000 1.000000 1.000000
1097.826660 0.000000 2937.881104 0.000000 0.170833 0.000000 0.985300 1.000000 1.000000 1.000000
1133.427856 0.000000 2899.372314 0.000000 0.807384 0.000000 0.590026 1.000000 1.000000 1.000000
1109.503540 0.000000 2942.113037 0.000000 0.567654 0.000000 0.823267 1.000000 1.000000 1.000000
1163.792969 0.000000 2950.597168 0.000000 0.057439 0.000000 0.998349 1.000000 1.000000 1.000000
1162.231812 0.000000 2930.759521 0.000000 0.325420 0.000000 0.945570 1.000000 1.000000 1.000000
1172.954102 0.000000 2959.521240 0.000000 0.783401 0.000000 0.621516 1.000000 1.000000 1.000000
1142.598389 0.000000 2919.727295 0.000000 0.372397 0.000000 0.928073 1.000000 1.000000 1.000000
1146.936035 0.000000 2940.045654 0.000000 0.998819 0.000000 0.048582 1.000000 1.000000 1.000000
1144.854126 0.000000 2930.236816 0.000000 0.077386 0.000000 0.997001 1.000000 1.000000 1.000000
1178.397827 0.000000 2922.710938 0.000000 0.459097 0.000000 0.888386 1.000000 1.000000 1.000000
1128.446899 0.000000 2945.466064 0.000000 0.820961 0.000000 0.570985 1.000000 1.000000 1.000000
1168.553467 0.000000 2960.124268 0.000000 0.642797 0.000000 0.766037 1.000000 1.000000 1.000000
1095.277100 0.000000 2949.416748 0.000000 0.253303 0.000000 0.967387 1.000000 1.000000 1.000000
1139.597534 0.000000 2921.887695 0.000000 0.992819 0.000000 0.119622 1.000000 1.000000 1.000000
1168.678711 0.000000 2941.779785 0.000000 0.885663 0.000000 0.464329 1.000000 1.000000 1.000000
1102.695801 0.000000 2949.701416 0.000000 0.581223 0.000000 0.813744 1.000000 1.000000 1.000000
1118.322266 0.000000 2929.916260 0.000000 0.775408 0.000000 0.631460 1.000000 1.000000 1.000000
1117.367554 0.000000 2950.721191 0.000000 0.810419 0.000000 0.585851 1.000000 1.000000 1.000000
1102.140015 0.000000 2934.681641 0.000000 0.989811 0.000000 0.142391 1.000000 1.000000 1.000000
1159.150635 0.000000 2928.901123 0.000000 0.656563 0.000000 0.754271 1.000000 1.000000 1.000000
1172.789673 0.000000 2962.761963 0.000000 0.649330 0.000000 0.760507 1.000000 1.000000 1.000000
1139.641235 0.000000 2918.756104 0.000000 0.797121 0.000000 0.603820 1.000000 1.000000 1.000000
1142.404053 0.000000 2927.780029 0.000000 0.625396 0.000000 0.780308 1.000000 1.000000 1.000000
1153.017456 0.000000 2949.249512 0.000000 0.994296 0.000000 0.106656 1.000000 1.000000 1.000000
1161.213135 0.000000 2951.152344 0.000000 0.806299 0.000000 0.591508 1.000000 1.000000 1.000000
1145.715698 0.000000 2932.765625 0.000000 0.909085 0.000000 0.416611 1.000000 1.000000 1.000000
1112.688843 0.000000 2951.817627 0.000000 0.880889 0.000000 0.473324 1.000000 1.000000 1.000000
1099.760742 0.000000 2936.097412 0.000000 0.691465 0.000000 0.722410 1.000000 1.000000 1.000000
1160.311035 0.000000 2959.339600 0.000000 0.251542 0.000000 0.967847 1.000000 1.000000 1.000000
1143.408569 0.000000 2932.076660 0.000000 0.592653 0.000000 0.805458 1.000000 1.000000 1.000000
1111.765137 0.000000 2942.178223 0.000000 0.524439 0.000000 0.851448 1.000000 1.000000 1.000000
1117.506592 0.000000 2953.166504 0.000000 0.567620 0.000000 0.823291 1.000000 1.000000 1.000000
1114.746704 0.000000 2955.243896 0.000000 0.973543 0.000000 0.228504 1.000000 1.000000 1.000000
1113.308472 0.000000 2953.814209 0.000000 0.737210 0.000000 0.675664 1.000000 1.000000 1.000000
1128.980469 0.000000 2947.749023 0.000000 0.388879 0.000000 0.921289 1.000000 1.000000 1.000000
1268.036255 0.000000 2931.906982 0.000000 0.005594 0.000000 0.999984 1.000000 1.000000 1.000000
1219.784180 0.000000 2912.186768 0.000000 0.881733 0.000000 0.471749 1.000000 1.000000 1.000000
1244.482300 0.000000 2914.319824 0.000000 0.142216 0.000000 0.989836 1.000000 1.000000 1.000000
1186.639526 0.000000 2930.889160 0.000000 0.317821 0.000000 0.948151 1.000000 1.000000 1.000000
1250.648926 0.000000 2966.231201 0.000000 0.944024 0.000000 0.329876 1.000000 1.000000 1.000000
1205.431152 0.000000 2964.483643 0.000000 0.977782 0.000000 0.209626 1.000000 1.000000 1.000000
1202.763306 0.000000 2922.029297 0.000000 0.675437 0.000000 0.737417 1.000000 1.000000 1.000000
1220.876343 0.000000 2918.943115 0.000000 0.559745 0.000000 0.828665 1.000000 1.000000 1.000000
1210.348999 0.000000 2961.502197 0.000000 0.165513 0.000000 0.986208 1.000000 1.000000 1.000000
1245.852539 0.000000 2963.328857 0.000000 0.767074 0.000000 0.641559 1.000000 1.000000 1.000000
1260.674561 0.000000 2922.050781 0.000000 0.500911 0.000000 0.865499 1.000000 1.000000 1.000000
1197.395264 0.000000 2907.189941 0.000000 0.909279 0.000000 0.416187 1.000000 1.000000 1.000000
1247.333130 0.000000 2917.425537 0.000000 0.976527 0.000000 0.215394 1.000000 1.000000 1.000000
1202.385254 0.000000 2927.358154 0.000000 0.295516 0.000000 0.955338 1.000000 1.000000 1.000000
1208.642090 0.000000 2966.001221 0.000000 0.975401 0.000000 0.220438 1.000000 1.000000 1.000000
1270.835205 0.000000 2930.127686 0.000000 0.158956 0.000000 0.987286 1.000000 1.000000 1.000000
1242.073242 0.000000 2959.210205 0.000000 0.132902 0.000000 0.991129 1.000000 1.000000 1.000000
1261.271851 0.000000 2935.509033 0.000000 0.647306 0.000000 0.762230 1.000000 1.000000 1.000000
1251.060791 0.000000 2964.094727 0.000000 0.655959 0.000000 0.754797 1.000000 1.000000 1.000000
1259.350464 0.000000 2936.364258 0.000000 0.518823 0.000000 0.854881 1.000000 1.000000 1.000000
1253.703857 0.000000 2966.191895 0.000000 0.949894 0.000000 0.312572 1.000000 1.000000 1.000000
1206.767456 0.000000 2965.962402 0.000000 0.966102 0.000000 0.258159 1.000000 1.000000 1.000000
1243.696655 0.000000 2960.144775 0.000000 0.312392 0.000000 0.949953 1.000000 1.000000 1.000000
1210.365356 0.000000 2965.838867 0.000000 0.998044 0.000000 0.062512 1.000000 1.000000 1.000000
1252.334717 0.000000 2931.959473 0.000000 0.391320 0.000000 0.920255 1.000000 1.000000 1.000000
1208.930298 0.000000 2964.654297 0.000000 0.639498 0.000000 0.768793 1.000000 1.000000 1.000000
1252.123901 0.000000 2930.820068 0.000000 0.762174 0.000000 0.647372 1.000000 1.000000 1.000000
1101.366577 0.000000 3059.271973 0.000000 0.935307 0.000000 0.353838 1.000000 1.000000 1.000000
1149.077026 0.000000 3052.412354 0.000000 0.016136 0.000000 0.999870 1.000000 1.000000 1.000000
1180.277222 0.000000 3005.812012 0.000000 0.704321 0.000000 0.709882 1.000000 1.000000 1.000000
1162.627075 0.000000 2984.751709 0.000000 0.202878 0.000000 0.979204 1.000000 1.000000 1.000000
1152.128418 0.000000 2993.040771 0.000000 0.198465 0.000000 0.980108 1.000000 1.000000 1.000000
1095.397339 0.000000 3020.873535 0.000000 0.209514 0.000000 0.977806 1.000000 1.000000 1.000000
1174.101074 0.000000 2978.630371 0.000000 0.323544 0.000000 0.946213 1.000000 1.000000 1.000000
1143.751831 0.000000 3002.973877 0.000000 0.939083 0.000000 0.343692 1.000000 1.000000 1.000000
1157.674072 0.000000 2977.978760 0.000000 0.822735 0.000000 0.568426 1.000000 1.000000 1.000000
1154.168213 0.000000 2985.239014 0.000000 0.510385 0.000000 0.859946 1.000000 1.000000 1.000000
1124.362549 0.000000 3033.499268 0.000000 0.092646 0.000000 0.995699 1.000000 1.000000 1.000000
1183.213379 0.000000 3041.999756 0.000000 0.837514 0.000000 0.546416 1.000000 1.000000 1.000000
1112.288940 0.000000 3039.197754 0.000000 0.441605 0.000000 0.897209 1.000000 1.000000 1.000000
1151.718994 0.000000 3046.000244 0.000000 0.669141 0.000000 0.743135 1.000000 1.000000 1.000000
1109.503540 0.000000 3032.097412 0.000000 0.144830 0.000000 0.989457 1.000000 1.000000 1.000000
1115.708252 0.000000 2993.850098 0.000000 0.998393 0.000000 0.056669 1.000000 1.000000 1.000000
1129.838745 0.000000 3031.040527 0.000000 0.763849 0.000000 0.645395 1.000000 1.000000 1.000000
1136.823120 0.000000 3058.780273 0.000000 0.117908 0.000000 0.993025 1.000000 1.000000 1.000000
1126.238525 0.000000 3057.555176 0.000000 0.401170 0.000000 0.916004 1.000000 1.000000 1.000000
1105.466309 0.000000 3042.131592 0.000000 0.720677 0.000000 0.693271 1.000000 1.000000 1.000000
1132.980469 0.000000 3005.073730 0.000000 0.829178 0.000000 0.558984 1.000000 1.000000 1.000000
1158.279297 0.000000 2983.184570 0.000000 0.776416 0.000000 0.630220 1.000000 1.000000 1.000000
1163.599487 0.000000 2995.554199 0.000000 0.011954 0.000000 0.999929 1.000000 1.000000 1.000000
1168.553467 0.000000 3050.108643 0.000000 0.968965 0.000000 0.247196 1.000000 1.000000 1.000000
1159.903687 0.000000 3051.811523 0.000000 0.486874 0.000000 0.873472 1.000000 1.000000 1.000000
1103.815552 0.000000 3055.553711 0.000000 0.761505 0.000000 0.648158 1.000000 1.000000 1.000000
1154.195923 0.000000 3049.264893 0.000000 0.169363 0.000000 0.985554 1.000000 1.000000 1.000000
1160.331665 0.000000 2997.766357 0.000000 0.988489 0.000000 0.151292 1.000000 1.000000 1.000000
1109.043091 0.000000 3027.933838 0.000000 0.753475 0.000000 0.657477 1.000000 1.000000 1.000000
1146.567505 0.000000 3000.161621 0.000000 0.867389 0.000000 0.497630 1.000000 1.000000 1.000000
1131.922974 0.000000 3034.601807 0.000000 0.219246 0.000000 0.975670 1.000000 1.000000 1.000000
1153.392578 0.000000 2996.556885 0.000000 0.108697 0.000000 0.994075 1.000000 1.000000 1.000000
1112.246704 0.000000 3045.474121 0.000000 0.929538 0.000000 0.368727 1.000000 1.000000 1.000000
1115.234985 0.000000 3037.166016 0.000000 0.272818 0.000000 0.962066 1.000000 1.000000 1.000000
1101.900757 0.000000 2977.189941 0.000000 0.057191 0.000000 0.998363 1.000000 1.000000 1.000000
1129.314819 0.000000 3058.164062 0.000000 0.786394 0.000000 0.617725 1.000000 1.000000 1.000000
1150.015259 0.000000 2974.626709 0.000000 0.633486 0.000000 0.773754 1.000000 1.000000 1.000000
1156.791382 0.000000 3051.057617 0.000000 0.885361 0.000000 0.464905 1.000000 1.000000 1.000000
1148.603027 0.000000 2996.797607 0.000000 0.213031 0.000000 0.977045 1.000000 1.000000 1.000000
1156.299805 0.000000 2980.963135 0.000000 0.861730 0.000000 0.507367 1.000000 1.000000 1.000000
1127.144165 0.000000 3032.769043 0.000000 0.381718 0.000000 0.924279 1.000000 1.000000 1.000000
1101.293945 0.000000 3018.382812 0.000000 0.351815 0.000000 0.936070 1.000000 1.000000 1.000000
1131.313110 0.000000 3002.818115 0.000000 0.943459 0.000000 0.331488 1.000000 1.000000 1.000000
1159.058105 0.000000 2980.547363 0.000000 0.972783 0.000000 0.231719 1.000000 1.000000 1.000000
1123.891968 0.000000 2998.152100 0.000000 0.892347 0.000000 0.451350 1.000000 1.000000 1.000000
1165.976440 0.000000 2994.210449 0.000000 0.510185 0.000000 0.860065 1.000000 1.000000 1.000000
1185.217529 0.000000 3035.134766 0.000000 0.918392 0.000000 0.395671 1.000000 1.000000 1.000000
1160.909058 0.000000 2982.736084 0.000000 0.113764 0.000000 0.993508 1.000000 1.000000 1.000000
1170.651611 0.000000 3051.371582 0.000000 0.963716 0.000000 0.266929 1.000000 1.000000 1.000000
1155.779053 0.000000 3047.307617 0.000000 0.149978 0.000000 0.988689 1.000000 1.000000 1.000000
1126.984619 0.000000 2999.968262 0.000000 0.964535 0.000000 0.263956 1.000000 1.000000 1.000000
1129.680542 0.000000 3033.503906 0.000000 0.340285 0.000000 0.940322 1.000000 1.000000 1.000000
1121.675415 0.000000 2994.315186 0.000000 0.033632 0.000000 0.999434 1.000000 1.000000 1.000000
1148.295288 0.000000 3050.284668 0.000000 0.904051 0.000000 0.427424 1.000000 1.000000 1.000000
1103.943481 0.000000 3043.859131 0.000000 0.272952 0.000000 0.962028 1.000000 1.000000 1.000000
1165.128174 0.000000 2976.498535 0.000000 0.814268 0.000000 0.580489 1.000000 1.000000 1.000000
1130.328979 0.000000 3000.956787 0.000000 0.984304 0.000000 0.176483 1.000000 1.000000 1.000000
1119.176025 0.000000 3007.563965 0.000000 0.439884 0.000000 0.898054 1.000000 1.000000 1.000000
1124.976562 0.000000 2996.404297 0.000000 0.748999 0.000000 0.662571 1.000000 1.000000 1.000000
1144.085815 0.000000 3001.041504 0.000000 0.994006 0.000000 0.109328 1.000000 1.000000 1.000000
1156.527100 0.000000 3049.084229 0.000000 0.622860 0.000000 0.782333 1.000000 1.000000 1.000000
1131.128174 0.000000 2998.759521 0.000000 0.955183 0.000000 0.296016 1.000000 1.000000 1.000000
1128.687500 0.000000 3032.196289 0.000000 0.835629 0.000000 0.549294 1.000000 1.000000 1.000000
1216.042358 0.000000 3052.524414 0.000000 0.147801 0.000000 0.989017 1.000000 1.000000 1.000000
1186.579102 0.000000 3035.025879 0.000000 0.997439 0.000000 0.071527 1.000000 1.000000 1.000000
1270.165405 0.000000 3035.884766 0.000000 0.637351 0.000000 0.770574 1.000000 1.000000 1.000000
1209.481323 0.000000 2972.550781 0.000000 0.255493 0.000000 0.966811 1.000000 1.000000 1.000000
1227.782593 0.000000 3009.698730 0.000000 0.996273 0.000000 0.086260 1.000000 1.000000 1.000000
1265.185913 0.000000 2997.567383 0.000000 0.985779 0.000000 0.168049 1.000000 1.000000 1.000000
1248.219604 0.000000 2969.588379 0.000000 0.997052 0.000000 0.076733 1.000000 1.000000 1.000000
1236.512573 0.000000 3044.167725 0.000000 0.818997 0.000000 0.573798 1.000000 1.000000 1.000000
1213.396851 0.000000 3004.151367 0.000000 0.941614 0.000000 0.336694 1.000000 1.000000 1.000000
1227.295532 0.000000 3015.248291 0.000000 0.240970 0.000000 0.970533 1.000000 1.000000 1.000000
1209.992188 0.000000 3015.357422 0.000000 0.028536 0.000000 0.999593 1.000000 1.000000 1.000000
1222.408936 0.000000 3014.093262 0.000000 0.925007 0.000000 0.379949 1.000000 1.000000 1.000000
1239.631958 0.000000 3034.258789 0.000000 0.503139 0.000000 0.864205 1.000000 1.000000 1.000000
1275.887085 0.000000 3006.120605 0.000000 0.820727 0.000000 0.571321 1.000000 1.000000 1.000000
1222.074463 0.000000 2992.180908 0.000000 0.289568 0.000000 0.957157 1.000000 1.000000 1.000000
1206.082153 0.000000 2974.600342 0.000000 0.998749 0.000000 0.050007 1.000000 1.000000 1.000000
1254.182129 0.000000 2976.747314 0.000000 0.782371 0.000000 0.622813 1.000000 1.000000 1.000000
1236.359619 0.000000 3016.640381 0.000000 0.666947 0.000000 0.745105 1.000000 1.000000 1.000000
1212.487427 0.000000 3040.066162 0.000000 0.888243 0.000000 0.459375 1.000000 1.000000 1.000000
1225.644043 0.000000 3056.505371 0.000000 0.933135 0.000000 0.359526 1.000000 1.000000 1.000000
1220.557007 0.000000 3058.164062 0.000000 0.024785 0.000000 0.999693 1.000000 1.000000 1.000000
1238.951050 0.000000 2990.604004 0.000000 0.820195 0.000000 0.572083 1.000000 1.000000 1.000000
1195.968018 0.000000 2988.141602 0.000000 0.025197 0.000000 0.999682 1.000000 1.000000 1.000000
1234.959229 0.000000 2999.121582 0.000000 0.928719 0.000000 0.370785 1.000000 1.000000 1.000000
1233.646240 0.000000 3017.764404 0.000000 0.998363 0.000000 0.057198 1.000000 1.000000 1.000000
1268.588257 0.000000 3006.190918 0.000000 0.067374 0.000000 0.997728 1.000000 1.000000 1.000000
1195.253906 0.000000 2982.381104 0.000000 0.702434 0.000000 0.711749 1.000000 1.000000 1.000000
1250.992432 0.000000 2970.390137 0.000000 0.647810 0.000000 0.761802 1.000000 1.000000 1.000000
1224.490845 0.000000 2983.015381 0.000000 0.663325 0.000000 0.748331 1.000000 1.000000 1.000000
1237.356201 0.000000 3004.354492 0.000000 0.440737 0.000000 0.897636 1.000000 1.000000 1.000000
1223.295410 0.000000 3046.166016 0.000000 0.381412 0.000000 0.924405 1.000000 1.000000 1.000000
1205.996582 0.000000 3039.976562 0.000000 0.999835 0.000000 0.018162 1.000000 1.000000 1.000000
1243.867676 0.000000 2982.751709 0.000000 0.036742 0.000000 0.999325 1.000000 1.000000 1.000000
1225.063599 0.000000 3013.833008 0.000000 0.233635 0.000000 0.972324 1.000000 1.000000 1.000000
1225.961792 0.000000 2999.318604 0.000000 0.886585 0.000000 0.462566 1.000000 1.000000 1.000000
1242.127197 0.000000 2980.363037 0.000000 0.354017 0.000000 0.935239 1.000000 1.000000 1.000000
1223.445068 0.000000 3058.017090 0.000000 0.816491 0.000000 0.577358 1.000000 1.000000 1.000000
1246.536011 0.000000 2971.559570 0.000000 0.185353 0.000000 0.982672 1.000000 1.000000 1.000000
1216.718384 0.000000 3041.266113 0.000000 0.262941 0.000000 0.964812 1.000000 1.000000 1.000000
1199.496948 0.000000 3030.044189 0.000000 0.214637 0.000000 0.976694 1.000000 1.000000 1.000000
1269.936646 0.000000 3008.003174 0.000000 0.787834 0.000000 0.615888 1.000000 1.000000 1.000000
1223.902222 0.000000 2997.879395 0.000000 0.867404 0.000000 0.497605 1.000000 1.000000 1.000000
1234.973267 0.000000 2983.048584 0.000000 0.911701 0.000000 0.410854 1.000000 1.000000 1.000000
1223.090454 0.000000 2981.352783 0.000000 0.049955 0.000000 0.998751 1.000000 1.000000 1.000000
1207.904907 0.000000 2989.258301 0.000000 0.524073 0.000000 0.851673 1.000000 1.000000 1.000000
1238.981934 0.000000 3032.082764 0.000000 0.434404 0.000000 0.900718 1.000000 1.000000 1.000000
1256.370361 0.000000 2976.498535 0.000000 0.228802 0.000000 0.973473 1.000000 1.000000 1.000000
1241.336060 0.000000 3047.258545 0.000000 0.854062 0.000000 0.520171 1.000000 1.000000 1.000000
1214.362793 0.000000 3040.785889 0.000000 0.772288 0.000000 0.635273 1.000000 1.000000 1.000000
1192.690186 0.000000 2990.804443 0.000000 0.875115 0.000000 0.483915 1.000000 1.000000 1.000000
1265.445679 0.000000 2999.442139 0.000000 0.060545 0.000000 0.998165 1.000000 1.000000 1.000000
1266.820923 0.000000 2998.552979 0.000000 0.744075 0.000000 0.668096 1.000000 1.000000 1.000000
1253.736450 0.000000 2999.487061 0.000000 0.540776 0.000000 0.841166 1.000000 1.000000 1.000000
1199.314819 0.000000 2988.210693 0.000000 0.866223 0.000000 0.499657 1.000000 1.000000 1.000000
1233.598877 0.000000 2998.174805 0.000000 0.992394 0.000000 0.123100 1.000000 1.000000 1.000000
1279.352661 0.000000 2914.101807 0.000000 0.902774 0.000000 0.430115 1.000000 1.000000 1.000000
1297.125854 0.000000 2969.099609 0.000000 0.410867 0.000000 0.911695 1.000000 1.000000 1.000000
1277.574463 0.000000 2917.734131 0.000000 0.950363 0.000000 0.311143 1.000000 1.000000 1.000000
1314.769043 0.000000 2910.122070 0.000000 0.774042 0.000000 0.633134 1.000000 1.000000 1.000000
1315.449463 0.000000 2920.780762 0.000000 0.799424 0.000000 0.600767 1.000000 1.000000 1.000000
1337.969727 0.000000 2925.289307 0.000000 0.756353 0.000000 0.654164 1.000000 1.000000 1.000000
1349.791992 0.000000 3046.069336 0.000000 0.984204 0.000000 0.177036 1.000000 1.000000 1.000000
1359.278442 0.000000 3021.891357 0.000000 0.999862 0.000000 0.016585 1.000000 1.000000 1.000000
1321.408203 0.000000 2993.993896 0.000000 0.357444 0.000000 0.933935 1.000000 1.000000 1.000000
1331.561401 0.000000 3052.412354 0.000000 0.201502 0.000000 0.979488 1.000000 1.000000 1.000000
1342.241943 0.000000 3027.872314 0.000000 0.881087 0.000000 0.472954 1.000000 1.000000 1.000000
1279.352661 0.000000 3004.086182 0.000000 0.957618 0.000000 0.288042 1.000000 1.000000 1.000000
1350.271118 0.000000 3035.360352 0.000000 0.501511 0.000000 0.865152 1.000000 1.000000 1.000000
1295.613281 0.000000 2979.901123 0.000000 0.354202 0.000000 0.935169 1.000000 1.000000 1.000000
1284.186035 0.000000 2997.938965 0.000000 0.989240 0.000000 0.146305 1.000000 1.000000 1.000000
1323.410156 0.000000 3027.987305 0.000000 0.999988 0.000000 0.004952 1.000000 1.000000 1.000000
1343.063599 0.000000 3034.973145 0.000000 0.937336 0.000000 0.348427 1.000000 1.000000 1.000000
1346.277344 0.000000 3040.581543 0.000000 0.819868 0.000000 0.572553 1.000000 1.000000 1.000000
1347.912842 0.000000 3029.867676 0.000000 0.610882 0.000000 0.791722 1.000000 1.000000 1.000000
1355.365723 0.000000 3038.175293 0.000000 0.634954 0.000000 0.772550 1.000000 1.000000 1.000000
1293.250732 0.000000 2974.878418 0.000000 0.079625 0.000000 0.996825 1.000000 1.000000 1.000000
1292.757690 0.000000 3051.063965 0.000000 0.699344 0.000000 0.714785 1.000000 1.000000 1.000000
1359.173096 0.000000 3052.932129 0.000000 0.558951 0.000000 0.829201 1.000000 1.000000 1.000000
1355.038940 0.000000 3024.925781 0.000000 0.817246 0.000000 0.576289 1.000000 1.000000 1.000000
1345.819580 0.000000 3025.174316 0.000000 0.994685 0.000000 0.102962 1.000000 1.000000 1.000000
1296.472656 0.000000 2970.895020 0.000000 0.732870 0.000000 0.680369 1.000000 1.000000 1.000000
1288.637451 0.000000 2997.174316 0.000000 0.851652 0.000000 0.524107 1.000000 1.000000 1.000000
1351.654785 0.000000 3028.076660 0.000000 0.208004 0.000000 0.978128 1.000000 1.000000 1.000000
1277.574463 0.000000 3007.718506 0.000000 0.355561 0.000000 0.934653 1.000000 1.000000 1.000000
1318.592773 0.000000 2997.197998 0.000000 0.483353 0.000000 0.875426 1.000000 1.000000 1.000000
1289.234985 0.000000 3049.392822 0.000000 0.769095 0.000000 0.639135 1.000000 1.000000 1.000000
1346.746826 0.000000 3033.635742 0.000000 0.983057 0.000000 0.183302 1.000000 1.000000 1.000000
1362.821289 0.000000 3054.164307 0.000000 0.908835 0.000000 0.417156 1.000000 1.000000 1.000000
1351.163086 0.000000 3031.764160 0.000000 0.704246 0.000000 0.709956 1.000000 1.000000 1.000000
1343.741333 0.000000 3031.259277 0.000000 0.594147 0.000000 0.804356 1.000000 1.000000 1.000000
1277.427490 0.000000 3025.533936 0.000000 0.988060 0.000000 0.154066 1.000000 1.000000 1.000000
1344.835693 0.000000 3054.205078 0.000000 0.642283 0.000000 0.766467 1.000000 1.000000 1.000000
1348.651123 0.000000 3042.865967 0.000000 0.996133 0.000000 0.087854 1.000000 1.000000 1.000000
1327.951782 0.000000 3041.059326 0.000000 0.951244 0.000000 0.308439 1.000000 1.000000 1.000000
1357.962280 0.000000 3024.778320 0.000000 0.356659 0.000000 0.934235 1.000000 1.000000 1.000000
1278.300903 0.000000 3029.950684 0.000000 0.755701 0.000000 0.654916 1.000000 1.000000 1.000000
1320.177368 0.000000 3026.974365 0.000000 0.426226 0.000000 0.904617 1.000000 1.000000 1.000000
1368.108154 0.000000 3058.180176 0.000000 0.983326 0.000000 0.181853 1.000000 1.000000 1.000000
1291.508301 0.000000 3049.078125 0.000000 0.972167 0.000000 0.234290 1.000000 1.000000 1.000000
1277.467407 0.000000 3005.479736 0.000000 0.053119 0.000000 0.998588 1.000000 1.000000 1.000000
1279.586792 0.000000 3025.807617 0.000000 0.236343 0.000000 0.971670 1.000000 1.000000 1.000000
1277.887573 0.000000 3027.649658 0.000000 0.237072 0.000000 0.971492 1.000000 1.000000 1.000000
1316.989990 0.000000 2995.685791 0.000000 0.361484 0.000000 0.932378 1.000000 1.000000 1.000000
1354.546631 0.000000 3036.368652 0.000000 0.150715 0.000000 0.988577 1.000000 1.000000 1.000000
1322.018311 0.000000 3026.537842 0.000000 0.348598 0.000000 0.937272 1.000000 1.000000 1.000000
1324.498901 0.000000 3041.551758 0.000000 0.778310 0.000000 0.627881 1.000000 1.000000 1.000000
1288.223267 0.000000 2998.817871 0.000000 0.254164 0.000000 0.967161 1.000000 1.000000 1.000000
1295.855713 0.000000 3058.289795 0.000000 0.468524 0.000000 0.883451 1.000000 1.000000 1.000000
1278.396973 0.000000 3026.453369 0.000000 0.999636 0.000000 0.026975 1.000000 1.000000 1.000000
1429.414062 0.000000 3040.244873 0.000000 0.976957 0.000000 0.213437 1.000000 1.000000 1.000000
1429.634277 0.000000 3018.929443 0.000000 0.215616 0.000000 0.976478 1.000000 1.000000 1.000000
1416.679810 0.000000 3049.801758 0.000000 0.635468 0.000000 0.772127 1.000000 1.000000 1.000000
1446.607910 0.000000 3038.175293 0.000000 0.315914 0.000000 0.948788 1.000000 1.000000 1.000000
1418.050781 0.000000 3053.274414 0.000000 0.395955 0.000000 0.918270 1.000000 1.000000 1.000000
1446.034546 0.000000 3041.797852 0.000000 0.559290 0.000000 0.828972 1.000000 1.000000 1.000000
1439.761963 0.000000 3026.819092 0.000000 0.919071 0.000000 0.394092 1.000000 1.000000 1.000000
1426.664917 0.000000 3017.696045 0.000000 0.613503 0.000000 0.789692 1.000000 1.000000 1.000000
1426.744019 0.000000 3039.233887 0.000000 0.764346 0.000000 0.644806 1.000000 1.000000 1.000000
1428.370361 0.000000 3033.904785 0.000000 0.763729 0.000000 0.645537 1.000000 1.000000 1.000000
1434.066284 0.000000 3025.077881 0.000000 0.188544 0.000000 0.982065 1.000000 1.000000 1.000000
1458.944092 0.000000 3035.134766 0.000000 0.508889 0.000000 0.860832 1.000000 1.000000 1.000000
1420.430542 0.000000 3053.214355 0.000000 0.979723 0.000000 0.200357 1.000000 1.000000 1.000000
1428.279053 0.000000 3031.508301 0.000000 0.006050 0.000000 0.999982 1.000000 1.000000 1.000000
1426.955078 0.000000 3041.016602 0.000000 0.258499 0.000000 0.966012 1.000000 1.000000 1.000000
1118.060425 0.000000 3077.587402 0.000000 0.043434 0.000000 0.999056 1.000000 1.000000 1.000000
1142.057983 0.000000 3060.207275 0.000000 0.068939 0.000000 0.997621 1.000000 1.000000 1.000000
1127.058105 0.000000 3082.458984 0.000000 0.914347 0.000000 0.404931 1.000000 1.000000 1.000000
1135.586670 0.000000 3123.823242 0.000000 0.459487 0.000000 0.888185 1.000000 1.000000 1.000000
1132.256714 0.000000 3109.160156 0.000000 0.957299 0.000000 0.289101 1.000000 1.000000 1.000000
1098.588623 0.000000 3075.350342 0.000000 0.519677 0.000000 0.854363 1.000000 1.000000 1.000000
1171.445679 0.000000 3063.561035 0.000000 0.601609 0.000000 0.798790 1.000000 1.000000 1.000000
1179.099609 0.000000 3065.802490 0.000000 0.038283 0.000000 0.999267 1.000000 1.000000 1.000000
1184.503418 0.000000 3077.086670 0.000000 0.076369 0.000000 0.997080 1.000000 1.000000 1.000000
1165.792725 0.000000 3095.078125 0.000000 0.775916 0.000000 0.630837 1.000000 1.000000 1.000000
1177.651245 0.000000 3071.736816 0.000000 0.570241 0.000000 0.821477 1.000000 1.000000 1.000000
1122.394409 0.000000 3103.027588 0.000000 0.973878 0.000000 0.227071 1.000000 1.000000 1.000000
1114.398071 0.000000 3104.875488 0.000000 0.138687 0.000000 0.990336 1.000000 1.000000 1.000000
1108.386963 0.000000 3128.920898 0.000000 0.125626 0.000000 0.992078 1.000000 1.000000 1.000000
1130.832275 0.000000 3082.165283 0.000000 0.995087 0.000000 0.099009 1.000000 1.000000 1.000000
1134.256104 0.000000 3131.564697 0.000000 0.932695 0.000000 0.360666 1.000000 1.000000 1.000000
1167.689697 0.000000 3097.969971 0.000000 0.465447 0.000000 0.885076 1.000000 1.000000 1.000000
1139.105103 0.000000 3106.011719 0.000000 0.741045 0.000000 0.671455 1.000000 1.000000 1.000000
1123.188110 0.000000 3106.100098 0.000000 0.991978 0.000000 0.126411 1.000000 1.000000 1.000000
1177.131958 0.000000 3068.055420 0.000000 0.436701 0.000000 0.899607 1.000000 1.000000 1.000000
1133.164917 0.000000 3106.304688 0.000000 0.742253 0.000000 0.670120 1.000000 1.000000 1.000000
1142.404053 0.000000 3107.748779 0.000000 0.010474 0.000000 0.999945 1.000000 1.000000 1.000000
1119.340454 0.000000 3102.816895 0.000000 0.890456 0.000000 0.455069 1.000000 1.000000 1.000000
1116.539062 0.000000 3075.418457 0.000000 0.965959 0.000000 0.258696 1.000000 1.000000 1.000000
1178.162720 0.000000 3069.838623 0.000000 0.020213 0.000000 0.999796 1.000000 1.000000 1.000000
1130.429199 0.000000 3108.814697 0.000000 0.185319 0.000000 0.982678 1.000000 1.000000 1.000000
1250.999756 0.000000 3117.856689 0.000000 0.740320 0.000000 0.672254 1.000000 1.000000 1.000000
1276.010742 0.000000 3064.062988 0.000000 0.288582 0.000000 0.957455 1.000000 1.000000 1.000000
1246.929688 0.000000 3130.229248 0.000000 0.853035 0.000000 0.521853 1.000000 1.000000 1.000000
1234.994019 0.000000 3092.958252 0.000000 0.596482 0.000000 0.802626 1.000000 1.000000 1.000000
1195.757446 0.000000 3075.124268 0.000000 0.973720 0.000000 0.227749 1.000000 1.000000 1.000000
1259.015381 0.000000 3114.199463 0.000000 0.698280 0.000000 0.715825 1.000000 1.000000 1.000000
1267.779053 0.000000 3060.550781 0.000000 0.403663 0.000000 0.914908 1.000000 1.000000 1.000000
1264.850952 0.000000 3119.579102 0.000000 0.586839 0.000000 0.809704 1.000000 1.000000 1.000000
1264.196289 0.000000 3139.489990 0.000000 0.834142 0.000000 0.551550 1.000000 1.000000 1.000000
1239.467041 0.000000 3097.712158 0.000000 0.403359 0.000000 0.915042 1.000000 1.000000 1.000000
1259.578003 0.000000 3085.630615 0.000000 0.192438 0.000000 0.981309 1.000000 1.000000 1.000000
1192.955566 0.000000 3070.578613 0.000000 0.581679 0.000000 0.813419 1.000000 1.000000 1.000000
1274.926147 0.000000 3092.061523 0.000000 0.687471 0.000000 0.726212 1.000000 1.000000 1.000000
1267.930908 0.000000 3142.916504 0.000000 0.602420 0.000000 0.798179 1.000000 1.000000 1.000000
1250.802856 0.000000 3133.188232 0.000000 0.853779 0.000000 0.520636 1.000000 1.000000 1.000000
1274.625488 0.000000 3123.152344 0.000000 0.170262 0.000000 0.985399 1.000000 1.000000 1.000000
1236.122559 0.000000 3081.898193 0.000000 0.850438 0.000000 0.526075 1.000000 1.000000 1.000000
1270.056763 0.000000 3130.722168 0.000000 0.990707 0.000000 0.136011 1.000000 1.000000 1.000000
1268.399902 0.000000 3138.809814 0.000000 0.985233 0.000000 0.171222 1.000000 1.000000 1.000000
1263.185059 0.000000 3059.544678 0.000000 0.838204 0.000000 0.545357 1.000000 1.000000 1.000000
1274.301636 0.000000 3067.576172 0.000000 0.982577 0.000000 0.185853 1.000000 1.000000 1.000000
1244.634766 0.000000 3086.541260 0.000000 0.985608 0.000000 0.169044 1.000000 1.000000 1.000000
1210.356323 0.000000 3084.717773 0.000000 0.919505 0.000000 0.393079 1.000000 1.000000 1.000000
1258.487549 0.000000 3089.105469 0.000000 0.920578 0.000000 0.390560 1.000000 1.000000 1.000000
1277.379150 0.000000 3067.255371 0.000000 0.851948 0.000000 0.523626 1.000000 1.000000 1.000000
1271.810791 0.000000 3133.014160 0.000000 0.084091 0.000000 0.996458 1.000000 1.000000 1.000000
1266.131470 0.000000 3130.686035 0.000000 0.267719 0.000000 0.963497 1.000000 1.000000 1.000000
1252.455322 0.000000 3131.121094 0.000000 0.972320 0.000000 0.233654 1.000000 1.000000 1.000000
1269.859985 0.000000 3141.115234 0.000000 0.329209 0.000000 0.944257 1.000000 1.000000 1.000000
1277.213013 0.000000 3093.788086 0.000000 0.045397 0.000000 0.998969 1.000000 1.000000 1.000000
1266.431396 0.000000 3140.799072 0.000000 0.407123 0.000000 0.913374 1.000000 1.000000 1.000000
1188.700684 0.000000 3077.794678 0.000000 0.908227 0.000000 0.418478 1.000000 1.000000 1.000000
1269.128784 0.000000 3133.033691 0.000000 0.987820 0.000000 0.155603 1.000000 1.000000 1.000000
1245.183960 0.000000 3084.360840 0.000000 0.407772 0.000000 0.913084 1.000000 1.000000 1.000000
1189.478149 0.000000 3079.612549 0.000000 0.959551 0.000000 0.281533 1.000000 1.000000 1.000000
1266.404785 0.000000 3061.162598 0.000000 0.791824 0.000000 0.610749 1.000000 1.000000 1.000000
1266.716797 0.000000 3132.039795 0.000000 0.110663 0.000000 0.993858 1.000000 1.000000 1.000000
1095.336914 0.000000 3214.994629 0.000000 0.679701 0.000000 0.733489 1.000000 1.000000 1.000000
1149.077026 0.000000 3232.381104 0.000000 0.876349 0.000000 0.481676 1.000000 1.000000 1.000000
1159.406738 0.000000 3236.184326 0.000000 0.333955 0.000000 0.942589 1.000000 1.000000 1.000000
1104.965698 0.000000 3216.891113 0.000000 0.942847 0.000000 0.333225 1.000000 1.000000 1.000000
1141.679810 0.000000 3235.763916 0.000000 0.945336 0.000000 0.326099 1.000000 1.000000 1.000000
1112.288940 0.000000 3219.166504 0.000000 0.307997 0.000000 0.951387 1.000000 1.000000 1.000000
1114.934692 0.000000 3227.741943 0.000000 0.304027 0.000000 0.952663 1.000000 1.000000 1.000000
1101.707153 0.000000 3201.251221 0.000000 0.906540 0.000000 0.422120 1.000000 1.000000 1.000000
1179.574829 0.000000 3225.661133 0.000000 0.365732 0.000000 0.930720 1.000000 1.000000 1.000000
1162.789551 0.000000 3228.810547 0.000000 0.680730 0.000000 0.732535 1.000000 1.000000 1.000000
1113.165283 0.000000 3210.285400 0.000000 0.971158 0.000000 0.238439 1.000000 1.000000 1.000000
1108.386963 0.000000 3218.905273 0.000000 0.793821 0.000000 0.608151 1.000000 1.000000 1.000000
1151.163940 0.000000 3235.639893 0.000000 0.973036 0.000000 0.230653 1.000000 1.000000 1.000000
1140.054077 0.000000 3232.169189 0.000000 0.999128 0.000000 0.041747 1.000000 1.000000 1.000000
1102.695801 0.000000 3219.654541 0.000000 0.711502 0.000000 0.702684 1.000000 1.000000 1.000000
1101.293945 0.000000 3198.351562 0.000000 0.734297 0.000000 0.678828 1.000000 1.000000 1.000000
1170.229370 0.000000 3227.802246 0.000000 0.926339 0.000000 0.376691 1.000000 1.000000 1.000000
1117.513794 0.000000 3229.170898 0.000000 0.642038 0.000000 0.766673 1.000000 1.000000 1.000000
1157.145996 0.000000 3237.867432 0.000000 0.596637 0.000000 0.802511 1.000000 1.000000 1.000000
1097.925171 0.000000 3214.632568 0.000000 0.019344 0.000000 0.999813 1.000000 1.000000 1.000000
1095.855347 0.000000 3212.583740 0.000000 0.316437 0.000000 0.948613 1.000000 1.000000 1.000000
1119.996826 0.000000 3229.256348 0.000000 0.965213 0.000000 0.261466 1.000000 1.000000 1.000000
1101.286499 0.000000 3196.377686 0.000000 0.389545 0.000000 0.921007 1.000000 1.000000 1.000000
1240.319214 0.000000 3232.381104 0.000000 0.998241 0.000000 0.059293 1.000000 1.000000 1.000000
1239.167603 0.000000 3204.619385 0.000000 0.997461 0.000000 0.071209 1.000000 1.000000 1.000000
1250.648926 0.000000 3236.184326 0.000000 0.574918 0.000000 0.818211 1.000000 1.000000 1.000000
1257.669678 0.000000 3158.188965 0.000000 0.127537 0.000000 0.991834 1.000000 1.000000 1.000000
1186.211182 0.000000 3235.561523 0.000000 0.288347 0.000000 0.957526 1.000000 1.000000 1.000000
1240.793701 0.000000 3239.315430 0.000000 0.989542 0.000000 0.144244 1.000000 1.000000 1.000000
1209.345459 0.000000 3203.580322 0.000000 0.985679 0.000000 0.168634 1.000000 1.000000 1.000000
1255.425293 0.000000 3237.065918 0.000000 0.998933 0.000000 0.046193 1.000000 1.000000 1.000000
1228.438965 0.000000 3234.567627 0.000000 0.495801 0.000000 0.868436 1.000000 1.000000 1.000000
1242.001343 0.000000 3208.076172 0.000000 0.077396 0.000000 0.997000 1.000000 1.000000 1.000000
1197.230713 0.000000 3210.408447 0.000000 0.951867 0.000000 0.306512 1.000000 1.000000 1.000000
1257.907837 0.000000 3218.581055 0.000000 0.431715 0.000000 0.902010 1.000000 1.000000 1.000000
1187.357666 0.000000 3232.345947 0.000000 0.992922 0.000000 0.118770 1.000000 1.000000 1.000000
1209.605835 0.000000 3239.179932 0.000000 0.850376 0.000000 0.526176 1.000000 1.000000 1.000000
1271.845459 0.000000 3171.773682 0.000000 0.813245 0.000000 0.581921 1.000000 1.000000 1.000000
1201.087891 0.000000 3234.130615 0.000000 0.539919 0.000000 0.841717 1.000000 1.000000 1.000000
1248.388184 0.000000 3237.867432 0.000000 0.990582 0.000000 0.136922 1.000000 1.000000 1.000000
1259.020142 0.000000 3161.350342 0.000000 0.971890 0.000000 0.235436 1.000000 1.000000 1.000000
1222.773926 0.000000 3205.336670 0.000000 0.981227 0.000000 0.192857 1.000000 1.000000 1.000000
1264.434326 0.000000 3224.006836 0.000000 0.429564 0.000000 0.903036 1.000000 1.000000 1.000000
1188.424683 0.000000 3230.286621 0.000000 0.448074 0.000000 0.893996 1.000000 1.000000 1.000000
1257.197754 0.000000 3220.594971 0.000000 0.929079 0.000000 0.369882 1.000000 1.000000 1.000000
1189.958252 0.000000 3232.978760 0.000000 0.351947 0.000000 0.936020 1.000000 1.000000 1.000000
1274.891479 0.000000 3238.613525 0.000000 0.143570 0.000000 0.989640 1.000000 1.000000 1.000000
1255.220337 0.000000 3166.449219 0.000000 0.157823 0.000000 0.987467 1.000000 1.000000 1.000000
1308.749023 0.000000 3105.022461 0.000000 0.220519 0.000000 0.975383 1.000000 1.000000 1.000000
1277.821289 0.000000 3125.010254 0.000000 0.650448 0.000000 0.759551 1.000000 1.000000 1.000000
1345.111450 0.000000 3074.736084 0.000000 0.018992 0.000000 0.999820 1.000000 1.000000 1.000000
1279.352661 0.000000 3094.070557 0.000000 0.820547 0.000000 0.571579 1.000000 1.000000 1.000000
1277.881714 0.000000 3110.857910 0.000000 0.886291 0.000000 0.463128 1.000000 1.000000 1.000000
1356.585449 0.000000 3068.614746 0.000000 0.934410 0.000000 0.356199 1.000000 1.000000 1.000000
1323.011719 0.000000 3073.120850 0.000000 0.177435 0.000000 0.984133 1.000000 1.000000 1.000000
1327.754761 0.000000 3134.152100 0.000000 0.799168 0.000000 0.601108 1.000000 1.000000 1.000000
1301.482788 0.000000 3100.205811 0.000000 0.731077 0.000000 0.682295 1.000000 1.000000 1.000000
1359.021240 0.000000 3060.550781 0.000000 0.795047 0.000000 0.606548 1.000000 1.000000 1.000000
1306.846924 0.000000 3123.483643 0.000000 0.992054 0.000000 0.125813 1.000000 1.000000 1.000000
1343.063599 0.000000 3124.957520 0.000000 0.097743 0.000000 0.995212 1.000000 1.000000 1.000000
1304.639038 0.000000 3094.135742 0.000000 0.699439 0.000000 0.714693 1.000000 1.000000 1.000000
1325.232422 0.000000 3067.467529 0.000000 0.919024 0.000000 0.394202 1.000000 1.000000 1.000000
1325.437622 0.000000 3139.786133 0.000000 0.430345 0.000000 0.902664 1.000000 1.000000 1.000000
1281.072998 0.000000 3075.350342 0.000000 0.967994 0.000000 0.250973 1.000000 1.000000 1.000000
1332.489380 0.000000 3109.140625 0.000000 0.867983 0.000000 0.496594 1.000000 1.000000 1.000000
1284.151123 0.000000 3097.700439 0.000000 0.988454 0.000000 0.151521 1.000000 1.000000 1.000000
1357.847656 0.000000 3092.946777 0.000000 0.807857 0.000000 0.589379 1.000000 1.000000 1.000000
1305.847656 0.000000 3137.136230 0.000000 0.323188 0.000000 0.946335 1.000000 1.000000 1.000000
1358.465332 0.000000 3098.980469 0.000000 0.818064 0.000000 0.575127 1.000000 1.000000 1.000000
1287.950684 0.000000 3132.115967 0.000000 0.600456 0.000000 0.799657 1.000000 1.000000 1.000000
1303.114990 0.000000 3120.072266 0.000000 0.048394 0.000000 0.998828 1.000000 1.000000 1.000000
1310.763062 0.000000 3116.279541 0.000000 0.193130 0.000000 0.981173 1.000000 1.000000 1.000000
1284.437622 0.000000 3092.708252 0.000000 0.925479 0.000000 0.378800 1.000000 1.000000 1.000000
1361.747559 0.000000 3090.430664 0.000000 0.388030 0.000000 0.921647 1.000000 1.000000 1.000000
1344.388428 0.000000 3070.118408 0.000000 0.226785 0.000000 0.973945 1.000000 1.000000 1.000000
1297.651489 0.000000 3133.181396 0.000000 0.322711 0.000000 0.946498 1.000000 1.000000 1.000000
1345.819580 0.000000 3115.158691 0.000000 0.380046 0.000000 0.924967 1.000000 1.000000 1.000000
1296.472656 0.000000 3060.879395 0.000000 0.973754 0.000000 0.227604 1.000000 1.000000 1.000000
1333.243530 0.000000 3118.091797 0.000000 0.825316 0.000000 0.564671 1.000000 1.000000 1.000000
1280.665527 0.000000 3122.010986 0.000000 0.119096 0.000000 0.992883 1.000000 1.000000 1.000000
1277.841309 0.000000 3064.020996 0.000000 0.999804 0.000000 0.019786 1.000000 1.000000 1.000000
1342.388062 0.000000 3141.795898 0.000000 0.652009 0.000000 0.758211 1.000000 1.000000 1.000000
1280.975952 0.000000 3113.807373 0.000000 0.773155 0.000000 0.634217 1.000000 1.000000 1.000000
1346.048340 0.000000 3134.598145 0.000000 0.007311 0.000000 0.999973 1.000000 1.000000 1.000000
1301.726440 0.000000 3136.996094 0.000000 0.968583 0.000000 0.248692 1.000000 1.000000 1.000000
1302.909424 0.000000 3124.039795 0.000000 0.467055 0.000000 0.884228 1.000000 1.000000 1.000000
1358.027344 0.000000 3064.468506 0.000000 0.141826 0.000000 0.989892 1.000000 1.000000 1.000000
1294.731079 0.000000 3135.458496 0.000000 0.880142 0.000000 0.474711 1.000000 1.000000 1.000000
1304.454346 0.000000 3078.465088 0.000000 0.923320 0.000000 0.384032 1.000000 1.000000 1.000000
1277.424683 0.000000 3091.133057 0.000000 0.127442 0.000000 0.991846 1.000000 1.000000 1.000000
1303.683960 0.000000 3097.509766 0.000000 0.981683 0.000000 0.190522 1.000000 1.000000 1.000000
1280.833984 0.000000 3097.176025 0.000000 0.051239 0.000000 0.998686 1.000000 1.000000 1.000000
1325.286377 0.000000 3070.709229 0.000000 0.026740 0.000000 0.999642 1.000000 1.000000 1.000000
1313.619995 0.000000 3117.922607 0.000000 0.928523 0.000000 0.371274 1.000000 1.000000 1.000000
1348.253296 0.000000 3138.608398 0.000000 0.459786 0.000000 0.888030 1.000000 1.000000 1.000000
1360.955811 0.000000 3093.347168 0.000000 0.072870 0.000000 0.997341 1.000000 1.000000 1.000000
1359.616333 0.000000 3068.055420 0.000000 0.943733 0.000000 0.330709 1.000000 1.000000 1.000000
1320.177368 0.000000 3116.958740 0.000000 0.651712 0.000000 0.758467 1.000000 1.000000 1.000000
1358.312134 0.000000 3090.169434 0.000000 0.772034 0.000000 0.635581 1.000000 1.000000 1.000000
1282.477417 0.000000 3094.783203 0.000000 0.973366 0.000000 0.229256 1.000000 1.000000 1.000000
1310.645142 0.000000 3145.379395 0.000000 0.739450 0.000000 0.673212 1.000000 1.000000 1.000000
1335.775513 0.000000 3119.410645 0.000000 0.178581 0.000000 0.983925 1.000000 1.000000 1.000000
1327.755981 0.000000 3136.745850 0.000000 0.469405 0.000000 0.882983 1.000000 1.000000 1.000000
1290.307129 0.000000 3133.564453 0.000000 0.259171 0.000000 0.965831 1.000000 1.000000 1.000000
1280.409546 0.000000 3124.648193 0.000000 0.955463 0.000000 0.295110 1.000000 1.000000 1.000000
1285.076538 0.000000 3095.071289 0.000000 0.922390 0.000000 0.386259 1.000000 1.000000 1.000000
1295.956787 0.000000 3083.125977 0.000000 0.991447 0.000000 0.130508 1.000000 1.000000 1.000000
1286.725342 0.000000 3093.307129 0.000000 0.699616 0.000000 0.714519 1.000000 1.000000 1.000000
1347.549072 0.000000 3136.346191 0.000000 0.999965 0.000000 0.008311 1.000000 1.000000 1.000000
1361.178833 0.000000 3097.987549 0.000000 0.944138 0.000000 0.329549 1.000000 1.000000 1.000000
1294.681519 0.000000 3059.555908 0.000000 0.992616 0.000000 0.121297 1.000000 1.000000 1.000000
1357.855713 0.000000 3066.778564 0.000000 0.987217 0.000000 0.159381 1.000000 1.000000 1.000000
1323.781372 0.000000 3069.126465 0.000000 0.252082 0.000000 0.967706 1.000000 1.000000 1.000000
1277.516235 0.000000 3093.138184 0.000000 0.651176 0.000000 0.758927 1.000000 1.000000 1.000000
1301.587769 0.000000 3134.996094 0.000000 0.990843 0.000000 0.135022 1.000000 1.000000 1.000000
1359.562134 0.000000 3065.829834 0.000000 0.969317 0.000000 0.245815 1.000000 1.000000 1.000000
1333.901245 0.000000 3119.951660 0.000000 0.607371 0.000000 0.794418 1.000000 1.000000 1.000000
1325.823853 0.000000 3134.552734 0.000000 0.760416 0.000000 0.649436 1.000000 1.000000 1.000000
1356.000732 0.000000 3064.219727 0.000000 0.117283 0.000000 0.993098 1.000000 1.000000 1.000000
1288.594604 0.000000 3092.414795 0.000000 0.901144 0.000000 0.433521 1.000000 1.000000 1.000000
1358.347412 0.000000 3097.184082 0.000000 0.623122 0.000000 0.782125 1.000000 1.000000 1.000000
1343.905518 0.000000 3140.752441 0.000000 0.948999 0.000000 0.315278 1.000000 1.000000 1.000000
1356.167236 0.000000 3094.362305 0.000000 0.773093 0.000000 0.634292 1.000000 1.000000 1.000000
1302.969238 0.000000 3099.116943 0.000000 0.964817 0.000000 0.262921 1.000000 1.000000 1.000000
1359.320923 0.000000 3093.626709 0.000000 0.412145 0.000000 0.911118 1.000000 1.000000 1.000000
1342.432373 0.000000 3134.697021 0.000000 0.957043 0.000000 0.289947 1.000000 1.000000 1.000000
1344.613403 0.000000 3135.254639 0.000000 0.128457 0.000000 0.991715 1.000000 1.000000 1.000000
1356.861694 0.000000 3065.616211 0.000000 0.763219 0.000000 0.646140 1.000000 1.000000 1.000000
1283.864380 0.000000 3094.154053 0.000000 0.177967 0.000000 0.984037 1.000000 1.000000 1.000000
1295.022461 0.000000 3061.178711 0.000000 0.476956 0.000000 0.878927 1.000000 1.000000 1.000000
1285.397705 0.000000 3093.715576 0.000000 0.861329 0.000000 0.508048 1.000000 1.000000 1.000000
1287.952515 0.000000 3093.506592 0.000000 0.596852 0.000000 0.802351 1.000000 1.000000 1.000000
1450.520630 0.000000 3111.875732 0.000000 0.989457 0.000000 0.144829 1.000000 1.000000 1.000000
1452.649780 0.000000 3125.869141 0.000000 0.471447 0.000000 0.881894 1.000000 1.000000 1.000000
1403.730835 0.000000 3129.470947 0.000000 0.367129 0.000000 0.930170 1.000000 1.000000 1.000000
1388.711792 0.000000 3108.881348 0.000000 0.998440 0.000000 0.055834 1.000000 1.000000 1.000000
1410.266968 0.000000 3099.683105 0.000000 0.947690 0.000000 0.319193 1.000000 1.000000 1.000000
1415.784546 0.000000 3060.207275 0.000000 0.881194 0.000000 0.472754 1.000000 1.000000 1.000000
1443.687622 0.000000 3079.751465 0.000000 0.894739 0.000000 0.446589 1.000000 1.000000 1.000000
1392.724976 0.000000 3100.205811 0.000000 0.121252 0.000000 0.992622 1.000000 1.000000 1.000000
1386.508423 0.000000 3116.395020 0.000000 0.218368 0.000000 0.975867 1.000000 1.000000 1.000000
1394.511108 0.000000 3146.957520 0.000000 0.053485 0.000000 0.998569 1.000000 1.000000 1.000000
1432.998291 0.000000 3104.530273 0.000000 0.207431 0.000000 0.978250 1.000000 1.000000 1.000000
1383.999878 0.000000 3141.048340 0.000000 0.833626 0.000000 0.552329 1.000000 1.000000 1.000000
1419.893799 0.000000 3063.709473 0.000000 0.900302 0.000000 0.435267 1.000000 1.000000 1.000000
1373.857544 0.000000 3126.015381 0.000000 0.704911 0.000000 0.709296 1.000000 1.000000 1.000000
1457.132202 0.000000 3100.017822 0.000000 0.188146 0.000000 0.982141 1.000000 1.000000 1.000000
1455.026611 0.000000 3114.264404 0.000000 0.234382 0.000000 0.972145 1.000000 1.000000 1.000000
1452.124390 0.000000 3102.679688 0.000000 0.929576 0.000000 0.368630 1.000000 1.000000 1.000000
1385.956665 0.000000 3081.005127 0.000000 0.425433 0.000000 0.904990 1.000000 1.000000 1.000000
1381.054443 0.000000 3079.588379 0.000000 0.925111 0.000000 0.379698 1.000000 1.000000 1.000000
1399.649048 0.000000 3095.032227 0.000000 0.979511 0.000000 0.201390 1.000000 1.000000 1.000000
1449.537964 0.000000 3123.770508 0.000000 0.898085 0.000000 0.439822 1.000000 1.000000 1.000000
1373.353149 0.000000 3061.462646 0.000000 0.516920 0.000000 0.856034 1.000000 1.000000 1.000000
1382.099854 0.000000 3067.542725 0.000000 0.928200 0.000000 0.372082 1.000000 1.000000 1.000000
1444.652588 0.000000 3076.280518 0.000000 0.634312 0.000000 0.773078 1.000000 1.000000 1.000000
1441.743164 0.000000 3082.383057 0.000000 0.816314 0.000000 0.577608 1.000000 1.000000 1.000000
1416.654663 0.000000 3063.272461 0.000000 0.336995 0.000000 0.941506 1.000000 1.000000 1.000000
1400.670898 0.000000 3097.880859 0.000000 0.924313 0.000000 0.381636 1.000000 1.000000 1.000000
1417.672607 0.000000 3079.249268 0.000000 0.785028 0.000000 0.619460 1.000000 1.000000 1.000000
1379.804199 0.000000 3082.204102 0.000000 0.937504 0.000000 0.347975 1.000000 1.000000 1.000000
1395.579102 0.000000 3100.305420 0.000000 0.522203 0.000000 0.852821 1.000000 1.000000 1.000000
1455.435181 0.000000 3102.133789 0.000000 0.415468 0.000000 0.909608 1.000000 1.000000 1.000000
1419.840576 0.000000 3094.338867 0.000000 0.276316 0.000000 0.961067 1.000000 1.000000 1.000000
1443.949219 0.000000 3099.532715 0.000000 0.646532 0.000000 0.762887 1.000000 1.000000 1.000000
1381.549316 0.000000 3133.564453 0.000000 0.736547 0.000000 0.676386 1.000000 1.000000 1.000000
1442.219727 0.000000 3077.266602 0.000000 0.189136 0.000000 0.981951 1.000000 1.000000 1.000000
1381.273193 0.000000 3065.126953 0.000000 0.999701 0.000000 0.024462 1.000000 1.000000 1.000000
1445.813232 0.000000 3107.287109 0.000000 0.338681 0.000000 0.940901 1.000000 1.000000 1.000000
1375.958008 0.000000 3127.261963 0.000000 0.933313 0.000000 0.359064 1.000000 1.000000 1.000000
1449.316162 0.000000 3070.603271 0.000000 0.122944 0.000000 0.992414 1.000000 1.000000 1.000000
1381.480835 0.000000 3131.117920 0.000000 0.585828 0.000000 0.810436 1.000000 1.000000 1.000000
1380.170044 0.000000 3084.754883 0.000000 0.582648 0.000000 0.812725 1.000000 1.000000 1.000000
1419.531372 0.000000 3092.223389 0.000000 0.997949 0.000000 0.064015 1.000000 1.000000 1.000000
1411.664185 0.000000 3097.513184 0.000000 0.286278 0.000000 0.958147 1.000000 1.000000 1.000000
1409.031494 0.000000 3133.297852 0.000000 0.731310 0.000000 0.682045 1.000000 1.000000 1.000000
1456.952393 0.000000 3069.581055 0.000000 0.818047 0.000000 0.575151 1.000000 1.000000 1.000000
1446.024414 0.000000 3070.115967 0.000000 0.263937 0.000000 0.964540 1.000000 1.000000 1.000000
1420.312866 0.000000 3096.348877 0.000000 0.214536 0.000000 0.976716 1.000000 1.000000 1.000000
1398.703125 0.000000 3086.388672 0.000000 0.921994 0.000000 0.387204 1.000000 1.000000 1.000000
1445.574341 0.000000 3098.600098 0.000000 0.937364 0.000000 0.348351 1.000000 1.000000 1.000000
1386.750000 0.000000 3114.269287 0.000000 0.899786 0.000000 0.436331 1.000000 1.000000 1.000000
1381.472046 0.000000 3081.695557 0.000000 0.430940 0.000000 0.902381 1.000000 1.000000 1.000000
1418.236694 0.000000 3063.688721 0.000000 0.352822 0.000000 0.935690 1.000000 1.000000 1.000000
1372.093018 0.000000 3126.253174 0.000000 0.015455 0.000000 0.999881 1.000000 1.000000 1.000000
1380.478516 0.000000 3066.441162 0.000000 0.901601 0.000000 0.432568 1.000000 1.000000 1.000000
1380.755005 0.000000 3083.308350 0.000000 0.786400 0.000000 0.617718 1.000000 1.000000 1.000000
1308.749023 0.000000 3195.006836 0.000000 0.332705 0.000000 0.943031 1.000000 1.000000 1.000000
1329.456909 0.000000 3193.679199 0.000000 0.897666 0.000000 0.440677 1.000000 1.000000 1.000000
1362.761597 0.000000 3185.780762 0.000000 0.219174 0.000000 0.975686 1.000000 1.000000 1.000000
1300.723511 0.000000 3152.519531 0.000000 0.664682 0.000000 0.747127 1.000000 1.000000 1.000000
1334.612793 0.000000 3173.009521 0.000000 0.035060 0.000000 0.999385 1.000000 1.000000 1.000000
1353.289673 0.000000 3186.946533 0.000000 0.418396 0.000000 0.908265 1.000000 1.000000 1.000000
1286.999634 0.000000 3165.108643 0.000000 0.849953 0.000000 0.526858 1.000000 1.000000 1.000000
1336.652588 0.000000 3165.207764 0.000000 0.967783 0.000000 0.251787 1.000000 1.000000 1.000000
1336.861938 0.000000 3191.637451 0.000000 0.992200 0.000000 0.124652 1.000000 1.000000 1.000000
1292.444946 0.000000 3179.270996 0.000000 0.989670 0.000000 0.143361 1.000000 1.000000 1.000000
1285.615845 0.000000 3150.628418 0.000000 0.825607 0.000000 0.564246 1.000000 1.000000 1.000000
1293.794312 0.000000 3186.319092 0.000000 0.668799 0.000000 0.743443 1.000000 1.000000 1.000000
1301.234375 0.000000 3195.326172 0.000000 0.950944 0.000000 0.309364 1.000000 1.000000 1.000000
1338.683594 0.000000 3169.601562 0.000000 0.063271 0.000000 0.997996 1.000000 1.000000 1.000000
1297.334595 0.000000 3188.590332 0.000000 0.825313 0.000000 0.564676 1.000000 1.000000 1.000000
1313.468628 0.000000 3203.050781 0.000000 0.777995 0.000000 0.628271 1.000000 1.000000 1.000000
1310.315796 0.000000 3149.706543 0.000000 0.602121 0.000000 0.798405 1.000000 1.000000 1.000000
1332.584961 0.000000 3191.287354 0.000000 0.992730 0.000000 0.120359 1.000000 1.000000 1.000000
1334.813477 0.000000 3188.017822 0.000000 0.922662 0.000000 0.385610 1.000000 1.000000 1.000000
1282.110962 0.000000 3151.447021 0.000000 0.145405 0.000000 0.989372 1.000000 1.000000 1.000000
1293.865723 0.000000 3182.597168 0.000000 0.867747 0.000000 0.497006 1.000000 1.000000 1.000000
1307.628296 0.000000 3198.483643 0.000000 0.811237 0.000000 0.584717 1.000000 1.000000 1.000000
1280.839966 0.000000 3176.490479 0.000000 0.462356 0.000000 0.886695 1.000000 1.000000 1.000000
1309.363281 0.000000 3163.476807 0.000000 0.174625 0.000000 0.984635 1.000000 1.000000 1.000000
1284.385132 0.000000 3157.158691 0.000000 0.404360 0.000000 0.914600 1.000000 1.000000 1.000000
1351.281372 0.000000 3184.363525 0.000000 0.717031 0.000000 0.697041 1.000000 1.000000 1.000000
1306.802856 0.000000 3162.016113 0.000000 0.713082 0.000000 0.701081 1.000000 1.000000 1.000000
1302.413574 0.000000 3197.629883 0.000000 0.637388 0.000000 0.770543 1.000000 1.000000 1.000000
1311.279663 0.000000 3165.364746 0.000000 0.998651 0.000000 0.051924 1.000000 1.000000 1.000000
1317.020630 0.000000 3198.350098 0.000000 0.605168 0.000000 0.796098 1.000000 1.000000 1.000000
1288.934692 0.000000 3162.914795 0.000000 0.996237 0.000000 0.086667 1.000000 1.000000 1.000000
1294.969727 0.000000 3184.416748 0.000000 0.615506 0.000000 0.788132 1.000000 1.000000 1.000000
1317.113403 0.000000 3155.631836 0.000000 0.587129 0.000000 0.809493 1.000000 1.000000 1.000000
1307.473389 0.000000 3196.543701 0.000000 0.890238 0.000000 0.455495 1.000000 1.000000 1.000000
1286.891235 0.000000 3157.775635 0.000000 0.227481 0.000000 0.973782 1.000000 1.000000 1.000000
1295.642944 0.000000 3182.352539 0.000000 0.477404 0.000000 0.878684 1.000000 1.000000 1.000000
1296.263428 0.000000 3187.117676 0.000000 0.997308 0.000000 0.073333 1.000000 1.000000 1.000000
1377.366455 0.000000 3193.084717 0.000000 0.958987 0.000000 0.283452 1.000000 1.000000 1.000000
1385.247681 0.000000 3191.982422 0.000000 0.797503 0.000000 0.603315 1.000000 1.000000 1.000000
1375.393311 0.000000 3187.684814 0.000000 0.055363 0.000000 0.998466 1.000000 1.000000 1.000000
1376.005981 0.000000 3153.750732 0.000000 0.187405 0.000000 0.982283 1.000000 1.000000 1.000000
1383.961182 0.000000 3189.120850 0.000000 0.553373 0.000000 0.832934 1.000000 1.000000 1.000000
1371.088013 0.000000 3189.780762 0.000000 0.637849 0.000000 0.770161 1.000000 1.000000 1.000000
1397.618530 0.000000 3178.120850 0.000000 0.982133 0.000000 0.188188 1.000000 1.000000 1.000000
1392.302246 0.000000 3155.028564 0.000000 0.945454 0.000000 0.325754 1.000000 1.000000 1.000000
981.614441 0.000000 3269.935059 0.000000 0.729098 0.000000 0.684409 1.000000 1.000000 1.000000
980.142639 0.000000 3254.704834 0.000000 0.429566 0.000000 0.903035 1.000000 1.000000 1.000000
985.302307 0.000000 3305.313477 0.000000 0.436784 0.000000 0.899567 1.000000 1.000000 1.000000
990.396973 0.000000 3308.128418 0.000000 0.003627 0.000000 0.999993 1.000000 1.000000 1.000000
996.615295 0.000000 3245.771240 0.000000 0.698518 0.000000 0.715592 1.000000 1.000000 1.000000
1000.533020 0.000000 3290.057617 0.000000 0.742155 0.000000 0.670228 1.000000 1.000000 1.000000
1000.898926 0.000000 3303.121094 0.000000 0.657917 0.000000 0.753090 1.000000 1.000000 1.000000
995.166870 0.000000 3251.705566 0.000000 0.959085 0.000000 0.283120 1.000000 1.000000 1.000000
970.687561 0.000000 3306.307129 0.000000 0.921461 0.000000 0.388471 1.000000 1.000000 1.000000
1003.527588 0.000000 3300.245605 0.000000 0.217320 0.000000 0.976101 1.000000 1.000000 1.000000
989.823608 0.000000 3311.750977 0.000000 0.335340 0.000000 0.942097 1.000000 1.000000 1.000000
987.003784 0.000000 3246.638672 0.000000 0.991651 0.000000 0.128947 1.000000 1.000000 1.000000
997.535767 0.000000 3249.042480 0.000000 0.213610 0.000000 0.976919 1.000000 1.000000 1.000000
991.422607 0.000000 3241.943848 0.000000 0.472362 0.000000 0.881404 1.000000 1.000000 1.000000
970.533081 0.000000 3309.187012 0.000000 0.058293 0.000000 0.998300 1.000000 1.000000 1.000000
1001.543640 0.000000 3292.818115 0.000000 0.473619 0.000000 0.880730 1.000000 1.000000 1.000000
1002.733215 0.000000 3305.087891 0.000000 0.434563 0.000000 0.900642 1.000000 1.000000 1.000000
982.769470 0.000000 3267.490234 0.000000 0.951593 0.000000 0.307361 1.000000 1.000000 1.000000
1002.958435 0.000000 3302.341797 0.000000 0.021197 0.000000 0.999775 1.000000 1.000000 1.000000
1002.479492 0.000000 3290.970459 0.000000 0.291801 0.000000 0.956479 1.000000 1.000000 1.000000
984.646118 0.000000 3267.091553 0.000000 0.973890 0.000000 0.227019 1.000000 1.000000 1.000000
990.578796 0.000000 3309.990723 0.000000 0.680274 0.000000 0.732958 1.000000 1.000000 1.000000
1072.856567 0.000000 3269.935059 0.000000 0.845401 0.000000 0.534133 1.000000 1.000000 1.000000
1004.094788 0.000000 3304.979004 0.000000 0.766629 0.000000 0.642090 1.000000 1.000000 1.000000
1012.397705 0.000000 3283.069092 0.000000 0.105593 0.000000 0.994409 1.000000 1.000000 1.000000
1005.626038 0.000000 3274.039307 0.000000 0.908546 0.000000 0.417785 1.000000 1.000000 1.000000
1082.858887 0.000000 3248.583496 0.000000 0.793787 0.000000 0.608195 1.000000 1.000000 1.000000
1031.898926 0.000000 3295.645508 0.000000 0.423574 0.000000 0.905861 1.000000 1.000000 1.000000
1022.946716 0.000000 3324.421143 0.000000 0.751172 0.000000 0.660106 1.000000 1.000000 1.000000
1085.294678 0.000000 3240.519531 0.000000 0.843372 0.000000 0.537330 1.000000 1.000000 1.000000
1012.030701 0.000000 3321.449463 0.000000 0.919628 0.000000 0.392789 1.000000 1.000000 1.000000
1018.261353 0.000000 3302.050537 0.000000 0.897296 0.000000 0.441429 1.000000 1.000000 1.000000
1080.203491 0.000000 3243.529785 0.000000 0.032955 0.000000 0.999457 1.000000 1.000000 1.000000
1093.261230 0.000000 3257.055420 0.000000 0.972758 0.000000 0.231822 1.000000 1.000000 1.000000
1006.938965 0.000000 3301.979736 0.000000 0.888917 0.000000 0.458067 1.000000 1.000000 1.000000
1021.923035 0.000000 3300.269775 0.000000 0.995493 0.000000 0.094837 1.000000 1.000000 1.000000
1015.470093 0.000000 3323.121826 0.000000 0.188681 0.000000 0.982038 1.000000 1.000000 1.000000
1003.700989 0.000000 3295.487061 0.000000 0.424026 0.000000 0.905650 1.000000 1.000000 1.000000
1071.703369 0.000000 3262.729736 0.000000 0.551269 0.000000 0.834328 1.000000 1.000000 1.000000
1093.707031 0.000000 3259.749756 0.000000 0.623917 0.000000 0.781491 1.000000 1.000000 1.000000
1066.240967 0.000000 3261.859863 0.000000 0.975164 0.000000 0.221486 1.000000 1.000000 1.000000
1010.706604 0.000000 3323.615479 0.000000 0.049479 0.000000 0.998775 1.000000 1.000000 1.000000
1070.091064 0.000000 3264.625000 0.000000 0.786841 0.000000 0.617156 1.000000 1.000000 1.000000
1020.929443 0.000000 3329.145020 0.000000 0.885010 0.000000 0.465572 1.000000 1.000000 1.000000
1067.851562 0.000000 3260.241211 0.000000 0.386380 0.000000 0.922339 1.000000 1.000000 1.000000
1085.835571 0.000000 3245.798584 0.000000 0.848773 0.000000 0.528758 1.000000 1.000000 1.000000
1082.274170 0.000000 3244.188477 0.000000 0.600893 0.000000 0.799329 1.000000 1.000000 1.000000
1014.829651 0.000000 3280.330811 0.000000 0.020396 0.000000 0.999792 1.000000 1.000000 1.000000
1005.999634 0.000000 3303.185303 0.000000 0.977159 0.000000 0.212508 1.000000 1.000000 1.000000
996.713989 0.000000 3348.769043 0.000000 0.866775 0.000000 0.498700 1.000000 1.000000 1.000000
959.573608 0.000000 3330.160400 0.000000 0.301793 0.000000 0.953373 1.000000 1.000000 1.000000
977.677734 0.000000 3352.424561 0.000000 0.954877 0.000000 0.297001 1.000000 1.000000 1.000000
979.202881 0.000000 3333.488037 0.000000 0.636699 0.000000 0.771112 1.000000 1.000000 1.000000
996.615295 0.000000 3335.755615 0.000000 0.129260 0.000000 0.991611 1.000000 1.000000 1.000000
992.319092 0.000000 3352.003906 0.000000 0.963021 0.000000 0.269426 1.000000 1.000000 1.000000
996.420288 0.000000 3354.416504 0.000000 0.896998 0.000000 0.442036 1.000000 1.000000 1.000000
957.560303 0.000000 3334.726807 0.000000 0.605111 0.000000 0.796141 1.000000 1.000000 1.000000
957.934875 0.000000 3332.131836 0.000000 0.927665 0.000000 0.373413 1.000000 1.000000 1.000000
1001.811035 0.000000 3335.968262 0.000000 0.753117 0.000000 0.657887 1.000000 1.000000 1.000000
1023.848938 0.000000 3362.318359 0.000000 0.214676 0.000000 0.976685 1.000000 1.000000 1.000000
1093.526367 0.000000 3334.016113 0.000000 0.855896 0.000000 0.517149 1.000000 1.000000 1.000000
1060.886230 0.000000 3352.978271 0.000000 0.281076 0.000000 0.959685 1.000000 1.000000 1.000000
1023.743042 0.000000 3378.834473 0.000000 0.174505 0.000000 0.984656 1.000000 1.000000 1.000000
1082.701538 0.000000 3357.504883 0.000000 0.260985 0.000000 0.965343 1.000000 1.000000 1.000000
1031.380005 0.000000 3339.608887 0.000000 0.396371 0.000000 0.918091 1.000000 1.000000 1.000000
1091.220947 0.000000 3341.373779 0.000000 0.954978 0.000000 0.296678 1.000000 1.000000 1.000000
1038.391968 0.000000 3368.864990 0.000000 0.249923 0.000000 0.968266 1.000000 1.000000 1.000000
1024.466064 0.000000 3353.787598 0.000000 0.633717 0.000000 0.773565 1.000000 1.000000 1.000000
1041.081909 0.000000 3355.636719 0.000000 0.845692 0.000000 0.533672 1.000000 1.000000 1.000000
1038.648071 0.000000 3336.442871 0.000000 0.653572 0.000000 0.756864 1.000000 1.000000 1.000000
1077.093628 0.000000 3355.583740 0.000000 0.763557 0.000000 0.645740 1.000000 1.000000 1.000000
1012.089417 0.000000 3350.709961 0.000000 0.681785 0.000000 0.731553 1.000000 1.000000 1.000000
1054.603760 0.000000 3342.062256 0.000000 0.503474 0.000000 0.864011 1.000000 1.000000 1.000000
1033.116943 0.000000 3368.964111 0.000000 0.541971 0.000000 0.840397 1.000000 1.000000 1.000000
1037.793701 0.000000 3348.089844 0.000000 0.442659 0.000000 0.896690 1.000000 1.000000 1.000000
1072.357300 0.000000 3355.491699 0.000000 0.428825 0.000000 0.903388 1.000000 1.000000 1.000000
1014.910889 0.000000 3357.111816 0.000000 0.971557 0.000000 0.236807 1.000000 1.000000 1.000000
1030.087524 0.000000 3335.379883 0.000000 0.532835 0.000000 0.846219 1.000000 1.000000 1.000000
1020.805237 0.000000 3355.103027 0.000000 0.856651 0.000000 0.515897 1.000000 1.000000 1.000000
1023.273804 0.000000 3348.037842 0.000000 0.998049 0.000000 0.062431 1.000000 1.000000 1.000000
1036.279419 0.000000 3371.685059 0.000000 0.112505 0.000000 0.993651 1.000000 1.000000 1.000000
1037.735962 0.000000 3355.237549 0.000000 0.521385 0.000000 0.853321 1.000000 1.000000 1.000000
1034.465454 0.000000 3349.471436 0.000000 0.340516 0.000000 0.940239 1.000000 1.000000 1.000000
1056.466675 0.000000 3350.541504 0.000000 0.909198 0.000000 0.416363 1.000000 1.000000 1.000000
1013.483704 0.000000 3348.079102 0.000000 0.144919 0.000000 0.989444 1.000000 1.000000 1.000000
1045.691772 0.000000 3377.935547 0.000000 0.461414 0.000000 0.887185 1.000000 1.000000 1.000000
1071.703369 0.000000 3352.714111 0.000000 0.685540 0.000000 0.728035 1.000000 1.000000 1.000000
1019.177551 0.000000 3339.629883 0.000000 0.349310 0.000000 0.937007 1.000000 1.000000 1.000000
1074.734253 0.000000 3354.147949 0.000000 0.630539 0.000000 0.776158 1.000000 1.000000 1.000000
1090.466431 0.000000 3372.086914 0.000000 0.133988 0.000000 0.990983 1.000000 1.000000 1.000000
1059.646729 0.000000 3355.496338 0.000000 0.562322 0.000000 0.826918 1.000000 1.000000 1.000000
1033.532227 0.000000 3371.561768 0.000000 0.791521 0.000000 0.611143 1.000000 1.000000 1.000000
1025.199707 0.000000 3376.638672 0.000000 0.262241 0.000000 0.965003 1.000000 1.000000 1.000000
1020.527039 0.000000 3357.478271 0.000000 0.541042 0.000000 0.840996 1.000000 1.000000 1.000000
1022.230286 0.000000 3353.079102 0.000000 0.718499 0.000000 0.695528 1.000000 1.000000 1.000000
1022.314819 0.000000 3377.005127 0.000000 0.981974 0.000000 0.189016 1.000000 1.000000 1.000000
1033.520630 0.000000 3338.699463 0.000000 0.207545 0.000000 0.978225 1.000000 1.000000 1.000000
1035.051514 0.000000 3369.907715 0.000000 0.641279 0.000000 0.767307 1.000000 1.000000 1.000000
1037.806396 0.000000 3353.128662 0.000000 0.447831 0.000000 0.894118 1.000000 1.000000 1.000000
1049.767456 0.000000 3376.313477 0.000000 0.748121 0.000000 0.663562 1.000000 1.000000 1.000000
1039.458740 0.000000 3354.200684 0.000000 0.332949 0.000000 0.942945 1.000000 1.000000 1.000000
1020.642944 0.000000 3341.188232 0.000000 0.432485 0.000000 0.901641 1.000000 1.000000 1.000000
1020.700012 0.000000 3338.443848 0.000000 0.995738 0.000000 0.092225 1.000000 1.000000 1.000000
1073.620728 0.000000 3352.674805 0.000000 0.006656 0.000000 0.999978 1.000000 1.000000 1.000000
1022.794556 0.000000 3338.305908 0.000000 0.777609 0.000000 0.628749 1.000000 1.000000 1.000000
1035.025269 0.000000 3337.789795 0.000000 0.299770 0.000000 0.954012 1.000000 1.000000 1.000000
1011.033081 0.000000 3359.364746 0.000000 0.929940 0.000000 0.367711 1.000000 1.000000 1.000000
1023.310425 0.000000 3340.271484 0.000000 0.017592 0.000000 0.999845 1.000000 1.000000 1.000000
1118.060425 0.000000 3257.556152 0.000000 0.853204 0.000000 0.521578 1.000000 1.000000 1.000000
1149.390747 0.000000 3247.900391 0.000000 0.897126 0.000000 0.441774 1.000000 1.000000 1.000000
1159.757568 0.000000 3297.825439 0.000000 0.997816 0.000000 0.066061 1.000000 1.000000 1.000000
1105.138672 0.000000 3246.079590 0.000000 0.160035 0.000000 0.987111 1.000000 1.000000 1.000000
1142.748047 0.000000 3247.436279 0.000000 0.804268 0.000000 0.594267 1.000000 1.000000 1.000000
1165.428467 0.000000 3299.820801 0.000000 0.131751 0.000000 0.991283 1.000000 1.000000 1.000000
1150.005005 0.000000 3289.109375 0.000000 0.550263 0.000000 0.834991 1.000000 1.000000 1.000000
1144.854126 0.000000 3290.174316 0.000000 0.946689 0.000000 0.322148 1.000000 1.000000 1.000000
1126.591553 0.000000 3267.566406 0.000000 0.563047 0.000000 0.826425 1.000000 1.000000 1.000000
1156.199219 0.000000 3259.585938 0.000000 0.984651 0.000000 0.174533 1.000000 1.000000 1.000000
1176.688721 0.000000 3322.885254 0.000000 0.835888 0.000000 0.548900 1.000000 1.000000 1.000000
1156.861938 0.000000 3301.886719 0.000000 0.983580 0.000000 0.180471 1.000000 1.000000 1.000000
1094.909912 0.000000 3257.725342 0.000000 0.998728 0.000000 0.050417 1.000000 1.000000 1.000000
1152.853271 0.000000 3291.797607 0.000000 0.920016 0.000000 0.391880 1.000000 1.000000 1.000000
1123.885986 0.000000 3264.712158 0.000000 0.037286 0.000000 0.999305 1.000000 1.000000 1.000000
1155.888916 0.000000 3298.464844 0.000000 0.606817 0.000000 0.794842 1.000000 1.000000 1.000000
1166.665649 0.000000 3308.565430 0.000000 0.994296 0.000000 0.106652 1.000000 1.000000 1.000000
1162.730103 0.000000 3273.398926 0.000000 0.650806 0.000000 0.759244 1.000000 1.000000 1.000000
1180.603271 0.000000 3261.758057 0.000000 0.717771 0.000000 0.696279 1.000000 1.000000 1.000000
1124.318481 0.000000 3252.000488 0.000000 0.711227 0.000000 0.702962 1.000000 1.000000 1.000000
1153.627686 0.000000 3258.295166 0.000000 0.919569 0.000000 0.392928 1.000000 1.000000 1.000000
1166.508789 0.000000 3282.123535 0.000000 0.258183 0.000000 0.966096 1.000000 1.000000 1.000000
1154.615479 0.000000 3261.903320 0.000000 0.363494 0.000000 0.931597 1.000000 1.000000 1.000000
1178.617798 0.000000 3321.083984 0.000000 0.184513 0.000000 0.982830 1.000000 1.000000 1.000000
1137.494263 0.000000 3301.991699 0.000000 0.236139 0.000000 0.971719 1.000000 1.000000 1.000000
1154.258179 0.000000 3260.054688 0.000000 0.893503 0.000000 0.449058 1.000000 1.000000 1.000000
1123.062988 0.000000 3271.808594 0.000000 0.450890 0.000000 0.892579 1.000000 1.000000 1.000000
1183.550415 0.000000 3263.961670 0.000000 0.290874 0.000000 0.956761 1.000000 1.000000 1.000000
1182.328735 0.000000 3262.809570 0.000000 0.650465 0.000000 0.759536 1.000000 1.000000 1.000000
1230.166016 0.000000 3263.947021 0.000000 0.927550 0.000000 0.373700 1.000000 1.000000 1.000000
1253.869263 0.000000 3254.704834 0.000000 0.693169 0.000000 0.720775 1.000000 1.000000 1.000000
1209.481323 0.000000 3242.503906 0.000000 0.605525 0.000000 0.795826 1.000000 1.000000 1.000000
1219.784180 0.000000 3272.124268 0.000000 0.832183 0.000000 0.554501 1.000000 1.000000 1.000000
1239.167603 0.000000 3294.603760 0.000000 0.188623 0.000000 0.982050 1.000000 1.000000 1.000000
1197.649902 0.000000 3274.288818 0.000000 0.748977 0.000000 0.662596 1.000000 1.000000 1.000000
1245.410400 0.000000 3255.192139 0.000000 0.935477 0.000000 0.353389 1.000000 1.000000 1.000000
1186.814087 0.000000 3281.986816 0.000000 0.638878 0.000000 0.769308 1.000000 1.000000 1.000000
1201.094116 0.000000 3239.443115 0.000000 0.024460 0.000000 0.999701 1.000000 1.000000 1.000000
1186.158569 0.000000 3267.589600 0.000000 0.468123 0.000000 0.883663 1.000000 1.000000 1.000000
1241.247192 0.000000 3289.109375 0.000000 0.846233 0.000000 0.532813 1.000000 1.000000 1.000000
1224.222656 0.000000 3275.026855 0.000000 0.929890 0.000000 0.367839 1.000000 1.000000 1.000000
1262.677612 0.000000 3315.253906 0.000000 0.063330 0.000000 0.997993 1.000000 1.000000 1.000000
1206.092407 0.000000 3278.574707 0.000000 0.956146 0.000000 0.292890 1.000000 1.000000 1.000000
1223.526855 0.000000 3270.059570 0.000000 0.941303 0.000000 0.337563 1.000000 1.000000 1.000000
1256.993042 0.000000 3243.982422 0.000000 0.929735 0.000000 0.368229 1.000000 1.000000 1.000000
1196.356567 0.000000 3270.776855 0.000000 0.044801 0.000000 0.998996 1.000000 1.000000 1.000000
1223.165161 0.000000 3304.554932 0.000000 0.644165 0.000000 0.764887 1.000000 1.000000 1.000000
1271.845459 0.000000 3261.758057 0.000000 0.307384 0.000000 0.951586 1.000000 1.000000 1.000000
1239.362915 0.000000 3291.565186 0.000000 0.774413 0.000000 0.632680 1.000000 1.000000 1.000000
1275.996582 0.000000 3240.992676 0.000000 0.182231 0.000000 0.983256 1.000000 1.000000 1.000000
1199.369263 0.000000 3271.705811 0.000000 0.797298 0.000000 0.603586 1.000000 1.000000 1.000000
1273.469482 0.000000 3259.207275 0.000000 0.369312 0.000000 0.929305 1.000000 1.000000 1.000000
1222.555298 0.000000 3272.771240 0.000000 0.591967 0.000000 0.805962 1.000000 1.000000 1.000000
1191.151245 0.000000 3299.981689 0.000000 0.905018 0.000000 0.425372 1.000000 1.000000 1.000000
1277.213013 0.000000 3273.756836 0.000000 0.280959 0.000000 0.959720 1.000000 1.000000 1.000000
1204.864380 0.000000 3280.710449 0.000000 0.766759 0.000000 0.641935 1.000000 1.000000 1.000000
1247.069824 0.000000 3253.212158 0.000000 0.777068 0.000000 0.629416 1.000000 1.000000 1.000000
1241.774902 0.000000 3291.437012 0.000000 0.632789 0.000000 0.774324 1.000000 1.000000 1.000000
1252.966919 0.000000 3256.627930 0.000000 0.420624 0.000000 0.907235 1.000000 1.000000 1.000000
1260.673340 0.000000 3315.947021 0.000000 0.406078 0.000000 0.913838 1.000000 1.000000 1.000000
1154.377563 0.000000 3371.606201 0.000000 0.222192 0.000000 0.975003 1.000000 1.000000 1.000000
1183.870117 0.000000 3352.194824 0.000000 0.461755 0.000000 0.887007 1.000000 1.000000 1.000000
1142.085815 0.000000 3374.691650 0.000000 0.989832 0.000000 0.142238 1.000000 1.000000 1.000000
1118.036743 0.000000 3365.785645 0.000000 0.970027 0.000000 0.242995 1.000000 1.000000 1.000000
1184.644897 0.000000 3366.058105 0.000000 0.953747 0.000000 0.300611 1.000000 1.000000 1.000000
1158.266113 0.000000 3370.749023 0.000000 0.810490 0.000000 0.585752 1.000000 1.000000 1.000000
1180.603271 0.000000 3351.742432 0.000000 0.999957 0.000000 0.009275 1.000000 1.000000 1.000000
1121.852539 0.000000 3370.258545 0.000000 0.139552 0.000000 0.990215 1.000000 1.000000 1.000000
1124.509766 0.000000 3373.712891 0.000000 0.968820 0.000000 0.247767 1.000000 1.000000 1.000000
1123.641113 0.000000 3370.428223 0.000000 0.743009 0.000000 0.669282 1.000000 1.000000 1.000000
1189.591797 0.000000 3367.129150 0.000000 0.677770 0.000000 0.735274 1.000000 1.000000 1.000000
1300.723511 0.000000 3242.503906 0.000000 0.261126 0.000000 0.965305 1.000000 1.000000 1.000000
1277.881714 0.000000 3290.826660 0.000000 0.714380 0.000000 0.699758 1.000000 1.000000 1.000000
1284.191528 0.000000 3291.235596 0.000000 0.996406 0.000000 0.084703 1.000000 1.000000 1.000000
1293.794312 0.000000 3276.303467 0.000000 0.068526 0.000000 0.997649 1.000000 1.000000 1.000000
1280.975952 0.000000 3293.776123 0.000000 0.733784 0.000000 0.679383 1.000000 1.000000 1.000000
1277.424683 0.000000 3271.101807 0.000000 0.637623 0.000000 0.770348 1.000000 1.000000 1.000000
1352.251709 0.000000 3307.762939 0.000000 0.535955 0.000000 0.844247 1.000000 1.000000 1.000000
1278.469727 0.000000 3293.237549 0.000000 0.030700 0.000000 0.999529 1.000000 1.000000 1.000000
1281.957397 0.000000 3291.668701 0.000000 0.348193 0.000000 0.937423 1.000000 1.000000 1.000000
1370.963501 0.000000 3261.315186 0.000000 0.612787 0.000000 0.790248 1.000000 1.000000 1.000000
1382.211548 0.000000 3263.521973 0.000000 0.999238 0.000000 0.039037 1.000000 1.000000 1.000000
1378.692261 0.000000 3306.875488 0.000000 0.693844 0.000000 0.720125 1.000000 1.000000 1.000000
1398.089111 0.000000 3303.452393 0.000000 0.426035 0.000000 0.904707 1.000000 1.000000 1.000000
1403.565308 0.000000 3300.993652 0.000000 0.935477 0.000000 0.353389 1.000000 1.000000 1.000000
1377.058105 0.000000 3260.725586 0.000000 0.142869 0.000000 0.989742 1.000000 1.000000 1.000000
1372.838257 0.000000 3286.273926 0.000000 0.632291 0.000000 0.774731 1.000000 1.000000 1.000000
1378.818237 0.000000 3303.516846 0.000000 0.172846 0.000000 0.984949 1.000000 1.000000 1.000000
1450.520630 0.000000 3381.828857 0.000000 0.406208 0.000000 0.913781 1.000000 1.000000 1.000000
1454.003784 0.000000 3365.749512 0.000000 0.992474 0.000000 0.122454 1.000000 1.000000 1.000000
1438.458740 0.000000 3374.237305 0.000000 0.625519 0.000000 0.780209 1.000000 1.000000 1.000000
1402.268555 0.000000 3362.108643 0.000000 0.057301 0.000000 0.998357 1.000000 1.000000 1.000000
1417.478394 0.000000 3362.911377 0.000000 0.983669 0.000000 0.179987 1.000000 1.000000 1.000000
1441.499756 0.000000 3384.152588 0.000000 0.182324 0.000000 0.983238 1.000000 1.000000 1.000000
1421.951416 0.000000 3367.665283 0.000000 0.980007 0.000000 0.198964 1.000000 1.000000 1.000000
1451.179199 0.000000 3417.640625 0.000000 0.281634 0.000000 0.959522 1.000000 1.000000 1.000000
1432.998291 0.000000 3374.483398 0.000000 0.981350 0.000000 0.192228 1.000000 1.000000 1.000000
1449.707520 0.000000 3368.933594 0.000000 0.999872 0.000000 0.016011 1.000000 1.000000 1.000000
1434.058228 0.000000 3357.703857 0.000000 0.190193 0.000000 0.981747 1.000000 1.000000 1.000000
1435.618164 0.000000 3377.073730 0.000000 0.042743 0.000000 0.999086 1.000000 1.000000 1.000000
1446.391846 0.000000 3370.335693 0.000000 0.934964 0.000000 0.354742 1.000000 1.000000 1.000000
1441.421021 0.000000 3375.645752 0.000000 0.950460 0.000000 0.310848 1.000000 1.000000 1.000000
1454.690674 0.000000 3377.422119 0.000000 0.995489 0.000000 0.094880 1.000000 1.000000 1.000000
1405.039673 0.000000 3362.755615 0.000000 0.972534 0.000000 0.232761 1.000000 1.000000 1.000000
1449.252319 0.000000 3371.724854 0.000000 0.345035 0.000000 0.938590 1.000000 1.000000 1.000000
1456.104980 0.000000 3367.457031 0.000000 0.998725 0.000000 0.050474 1.000000 1.000000 1.000000
1448.561646 0.000000 3387.267578 0.000000 0.299897 0.000000 0.953972 1.000000 1.000000 1.000000
1456.180664 0.000000 3364.537109 0.000000 0.492050 0.000000 0.870567 1.000000 1.000000 1.000000
1447.518555 0.000000 3368.392090 0.000000 0.131184 0.000000 0.991358 1.000000 1.000000 1.000000
1436.872559 0.000000 3374.966064 0.000000 0.835971 0.000000 0.548773 1.000000 1.000000 1.000000
1436.220825 0.000000 3359.424561 0.000000 0.467728 0.000000 0.883873 1.000000 1.000000 1.000000
1406.021240 0.000000 3361.572266 0.000000 0.407247 0.000000 0.913318 1.000000 1.000000 1.000000
1407.446655 0.000000 3360.490479 0.000000 0.248312 0.000000 0.968680 1.000000 1.000000 1.000000
1431.921143 0.000000 3498.022705 0.000000 0.395821 0.000000 0.918328 1.000000 1.000000 1.000000
1455.657959 0.000000 3419.701416 0.000000 0.879116 0.000000 0.476608 1.000000 1.000000 1.000000
1450.415283 0.000000 3502.854004 0.000000 0.966796 0.000000 0.255550 1.000000 1.000000 1.000000
1429.357544 0.000000 3451.791748 0.000000 0.996330 0.000000 0.085594 1.000000 1.000000 1.000000
1427.025146 0.000000 3505.237793 0.000000 0.049283 0.000000 0.998785 1.000000 1.000000 1.000000
1454.095581 0.000000 3502.051758 0.000000 0.917235 0.000000 0.398347 1.000000 1.000000 1.000000
1430.253662 0.000000 3499.006104 0.000000 0.695311 0.000000 0.718709 1.000000 1.000000 1.000000
1426.529663 0.000000 3503.505859 0.000000 0.736459 0.000000 0.676482 1.000000 1.000000 1.000000
1429.973999 0.000000 3502.639893 0.000000 0.530616 0.000000 0.847612 1.000000 1.000000 1.000000
1429.061768 0.000000 3500.281982 0.000000 0.845930 0.000000 0.533294 1.000000 1.000000 1.000000
1435.855591 0.000000 3495.192139 0.000000 0.853453 0.000000 0.521170 1.000000 1.000000 1.000000
1460.305664 0.000000 3035.025879 0.000000 0.852006 0.000000 0.523532 1.000000 1.000000 1.000000
1464.149170 0.000000 3041.024170 0.000000 0.278678 0.000000 0.960385 1.000000 1.000000 1.000000
1488.332031 0.000000 3047.151855 0.000000 0.175586 0.000000 0.984464 1.000000 1.000000 1.000000
1460.245117 0.000000 3043.542236 0.000000 0.845198 0.000000 0.534453 1.000000 1.000000 1.000000
1480.203735 0.000000 3037.166016 0.000000 0.408046 0.000000 0.912961 1.000000 1.000000 1.000000
1462.893921 0.000000 3034.663818 0.000000 0.958312 0.000000 0.285723 1.000000 1.000000 1.000000
1481.694092 0.000000 3038.649414 0.000000 0.556697 0.000000 0.830716 1.000000 1.000000 1.000000
1460.943970 0.000000 3070.078369 0.000000 0.720894 0.000000 0.693046 1.000000 1.000000 1.000000
1474.820679 0.000000 3059.474365 0.000000 0.338648 0.000000 0.940913 1.000000 1.000000 1.000000
1477.750610 0.000000 3116.395020 0.000000 0.963623 0.000000 0.267264 1.000000 1.000000 1.000000
1484.012085 0.000000 3127.830811 0.000000 0.440489 0.000000 0.897758 1.000000 1.000000 1.000000
1467.248169 0.000000 3063.766357 0.000000 0.969097 0.000000 0.246680 1.000000 1.000000 1.000000
1471.759399 0.000000 3102.105469 0.000000 0.496401 0.000000 0.868094 1.000000 1.000000 1.000000
1462.709595 0.000000 3127.792480 0.000000 0.995516 0.000000 0.094597 1.000000 1.000000 1.000000
1469.596924 0.000000 3062.820557 0.000000 0.650040 0.000000 0.759900 1.000000 1.000000 1.000000
1477.165894 0.000000 3059.555908 0.000000 0.954464 0.000000 0.298325 1.000000 1.000000 1.000000
1476.225586 0.000000 3117.666260 0.000000 0.855106 0.000000 0.518453 1.000000 1.000000 1.000000
1468.211182 0.000000 3065.669189 0.000000 0.850735 0.000000 0.525595 1.000000 1.000000 1.000000
1466.171143 0.000000 3065.383545 0.000000 0.112473 0.000000 0.993655 1.000000 1.000000 1.000000
1485.615479 0.000000 3128.437012 0.000000 0.279174 0.000000 0.960240 1.000000 1.000000 1.000000
1468.008179 0.000000 3062.298584 0.000000 0.228371 0.000000 0.973574 1.000000 1.000000 1.000000
1574.450073 0.000000 3062.535156 0.000000 0.654565 0.000000 0.756006 1.000000 1.000000 1.000000
1529.067505 0.000000 3179.950684 0.000000 0.773040 0.000000 0.634357 1.000000 1.000000 1.000000
1491.233398 0.000000 3195.006836 0.000000 0.595690 0.000000 0.803215 1.000000 1.000000 1.000000
1541.762817 0.000000 3201.860107 0.000000 0.629984 0.000000 0.776608 1.000000 1.000000 1.000000
1481.450928 0.000000 3213.089600 0.000000 0.105049 0.000000 0.994467 1.000000 1.000000 1.000000
1520.876465 0.000000 3198.898193 0.000000 0.947670 0.000000 0.319251 1.000000 1.000000 1.000000
1478.097656 0.000000 3159.869873 0.000000 0.322650 0.000000 0.946518 1.000000 1.000000 1.000000
1532.741943 0.000000 3204.183838 0.000000 0.937608 0.000000 0.347694 1.000000 1.000000 1.000000
1538.577515 0.000000 3209.563477 0.000000 0.046508 0.000000 0.998918 1.000000 1.000000 1.000000
1539.279785 0.000000 3194.215820 0.000000 0.617491 0.000000 0.786578 1.000000 1.000000 1.000000
1502.750977 0.000000 3221.119385 0.000000 0.990798 0.000000 0.135352 1.000000 1.000000 1.000000
1521.404053 0.000000 3178.409424 0.000000 0.553197 0.000000 0.833051 1.000000 1.000000 1.000000
1518.990479 0.000000 3205.512939 0.000000 0.294246 0.000000 0.955730 1.000000 1.000000 1.000000
1542.980225 0.000000 3197.166016 0.000000 0.275830 0.000000 0.961206 1.000000 1.000000 1.000000
1482.237549 0.000000 3157.347168 0.000000 0.280399 0.000000 0.959884 1.000000 1.000000 1.000000
1486.795532 0.000000 3149.513672 0.000000 0.853700 0.000000 0.520765 1.000000 1.000000 1.000000
1534.139160 0.000000 3208.045410 0.000000 0.869292 0.000000 0.494300 1.000000 1.000000 1.000000
1539.113159 0.000000 3198.800781 0.000000 0.954214 0.000000 0.299123 1.000000 1.000000 1.000000
1493.647095 0.000000 3197.949951 0.000000 0.130399 0.000000 0.991462 1.000000 1.000000 1.000000
1479.808716 0.000000 3154.569092 0.000000 0.615568 0.000000 0.788084 1.000000 1.000000 1.000000
1518.361328 0.000000 3176.525635 0.000000 0.247860 0.000000 0.968796 1.000000 1.000000 1.000000
1490.112671 0.000000 3198.483643 0.000000 0.999434 0.000000 0.033634 1.000000 1.000000 1.000000
1488.156860 0.000000 3196.084473 0.000000 0.461859 0.000000 0.886954 1.000000 1.000000 1.000000
1483.596436 0.000000 3149.490723 0.000000 0.911660 0.000000 0.410946 1.000000 1.000000 1.000000
1518.735474 0.000000 3179.587158 0.000000 0.401729 0.000000 0.915759 1.000000 1.000000 1.000000
1527.914307 0.000000 3172.745361 0.000000 0.092125 0.000000 0.995747 1.000000 1.000000 1.000000
1507.101685 0.000000 3216.845947 0.000000 0.591801 0.000000 0.806084 1.000000 1.000000 1.000000
1483.043945 0.000000 3210.980957 0.000000 0.927071 0.000000 0.374885 1.000000 1.000000 1.000000
1483.544434 0.000000 3155.028564 0.000000 0.999334 0.000000 0.036501 1.000000 1.000000 1.000000
1540.285645 0.000000 3196.541992 0.000000 0.843555 0.000000 0.537043 1.000000 1.000000 1.000000
1524.778687 0.000000 3201.241211 0.000000 0.746830 0.000000 0.665015 1.000000 1.000000 1.000000
1526.302002 0.000000 3174.640625 0.000000 0.218066 0.000000 0.975934 1.000000 1.000000 1.000000
1522.517456 0.000000 3200.558350 0.000000 0.986272 0.000000 0.165130 1.000000 1.000000 1.000000
1521.864258 0.000000 3176.215820 0.000000 0.402308 0.000000 0.915504 1.000000 1.000000 1.000000
1504.003784 0.000000 3219.121094 0.000000 0.759608 0.000000 0.650382 1.000000 1.000000 1.000000
1485.093384 0.000000 3151.069336 0.000000 0.942544 0.000000 0.334083 1.000000 1.000000 1.000000
1480.217163 0.000000 3156.600098 0.000000 0.848429 0.000000 0.529309 1.000000 1.000000 1.000000
1489.957764 0.000000 3196.543701 0.000000 0.552093 0.000000 0.833783 1.000000 1.000000 1.000000
1529.831665 0.000000 3172.706055 0.000000 0.646029 0.000000 0.763313 1.000000 1.000000 1.000000
1541.708130 0.000000 3196.174316 0.000000 0.918735 0.000000 0.394875 1.000000 1.000000 1.000000
1561.176636 0.000000 3216.891113 0.000000 0.861208 0.000000 0.508253 1.000000 1.000000 1.000000
1554.037598 0.000000 3207.834229 0.000000 0.328259 0.000000 0.944588 1.000000 1.000000 1.000000
1555.971680 0.000000 3206.050537 0.000000 0.716619 0.000000 0.697465 1.000000 1.000000 1.000000
1553.313354 0.000000 3205.776367 0.000000 0.623243 0.000000 0.782028 1.000000 1.000000 1.000000
1555.737061 0.000000 3207.704102 0.000000 0.017296 0.000000 0.999850 1.000000 1.000000 1.000000
1651.093018 0.000000 3103.100342 0.000000 0.883720 0.000000 0.468017 1.000000 1.000000 1.000000
1726.376343 0.000000 3125.869141 0.000000 0.893321 0.000000 0.449418 1.000000 1.000000 1.000000
1675.995117 0.000000 3092.155518 0.000000 0.978031 0.000000 0.208459 1.000000 1.000000 1.000000
1687.188354 0.000000 3109.161133 0.000000 0.817746 0.000000 0.575579 1.000000 1.000000 1.000000
1666.451538 0.000000 3100.205811 0.000000 0.117767 0.000000 0.993041 1.000000 1.000000 1.000000
1677.087280 0.000000 3098.911865 0.000000 0.997669 0.000000 0.068246 1.000000 1.000000 1.000000
1720.334473 0.000000 3128.159668 0.000000 0.212800 0.000000 0.977096 1.000000 1.000000 1.000000
1730.836426 0.000000 3123.152344 0.000000 0.883786 0.000000 0.467892 1.000000 1.000000 1.000000
1651.477783 0.000000 3107.328369 0.000000 0.406567 0.000000 0.913621 1.000000 1.000000 1.000000
1733.465088 0.000000 3120.276855 0.000000 0.395553 0.000000 0.918443 1.000000 1.000000 1.000000
1714.118774 0.000000 3128.596680 0.000000 0.969164 0.000000 0.246416 1.000000 1.000000 1.000000
1663.391724 0.000000 3101.793213 0.000000 0.183182 0.000000 0.983079 1.000000 1.000000 1.000000
1677.210815 0.000000 3095.274902 0.000000 0.999987 0.000000 0.005083 1.000000 1.000000 1.000000
1689.857178 0.000000 3107.748779 0.000000 0.148083 0.000000 0.988975 1.000000 1.000000 1.000000
1684.387085 0.000000 3107.982422 0.000000 0.381134 0.000000 0.924520 1.000000 1.000000 1.000000
1729.491089 0.000000 3125.693604 0.000000 0.395709 0.000000 0.918376 1.000000 1.000000 1.000000
1648.441162 0.000000 3104.193604 0.000000 0.996535 0.000000 0.083179 1.000000 1.000000 1.000000
1732.670654 0.000000 3125.119141 0.000000 0.357856 0.000000 0.933777 1.000000 1.000000 1.000000
1718.334229 0.000000 3129.869385 0.000000 0.955961 0.000000 0.293493 1.000000 1.000000 1.000000
1678.881104 0.000000 3096.976562 0.000000 0.585513 0.000000 0.810663 1.000000 1.000000 1.000000
1669.128540 0.000000 3084.299561 0.000000 0.445630 0.000000 0.895217 1.000000 1.000000 1.000000
1679.110474 0.000000 3099.106934 0.000000 0.355492 0.000000 0.934679 1.000000 1.000000 1.000000
1715.955811 0.000000 3129.470703 0.000000 0.580548 0.000000 0.814226 1.000000 1.000000 1.000000
1685.315918 0.000000 3109.670410 0.000000 0.998895 0.000000 0.046999 1.000000 1.000000 1.000000
1734.032227 0.000000 3125.010254 0.000000 0.984742 0.000000 0.174019 1.000000 1.000000 1.000000
1734.550659 0.000000 3122.599365 0.000000 0.608967 0.000000 0.793196 1.000000 1.000000 1.000000
1983.806763 0.000000 3074.736084 0.000000 0.779618 0.000000 0.626255 1.000000 1.000000 1.000000
1995.123413 0.000000 3087.551758 0.000000 0.577940 0.000000 0.816079 1.000000 1.000000 1.000000
1991.984985 0.000000 3096.962158 0.000000 0.188857 0.000000 0.982005 1.000000 1.000000 1.000000
1988.952881 0.000000 3114.199463 0.000000 0.960685 0.000000 0.277639 1.000000 1.000000 1.000000
1995.370239 0.000000 3075.278564 0.000000 0.955118 0.000000 0.296226 1.000000 1.000000 1.000000
1986.608154 0.000000 3119.852051 0.000000 0.372230 0.000000 0.928140 1.000000 1.000000 1.000000
2000.279297 0.000000 3065.802490 0.000000 0.929368 0.000000 0.369154 1.000000 1.000000 1.000000
1986.139282 0.000000 3099.576904 0.000000 0.791340 0.000000 0.611376 1.000000 1.000000 1.000000
1986.410400 0.000000 3071.651611 0.000000 0.975649 0.000000 0.219339 1.000000 1.000000 1.000000
2000.918823 0.000000 3062.422852 0.000000 0.990441 0.000000 0.137935 1.000000 1.000000 1.000000
1984.119629 0.000000 3066.731689 0.000000 0.937927 0.000000 0.346833 1.000000 1.000000 1.000000
1994.205566 0.000000 3072.006592 0.000000 0.660868 0.000000 0.750502 1.000000 1.000000 1.000000
1986.307861 0.000000 3066.482910 0.000000 0.646719 0.000000 0.762728 1.000000 1.000000 1.000000
1992.317139 0.000000 3144.060791 0.000000 0.444553 0.000000 0.895753 1.000000 1.000000 1.000000
1964.931519 0.000000 3182.942627 0.000000 0.814389 0.000000 0.580320 1.000000 1.000000 1.000000
1991.140747 0.000000 3169.735840 0.000000 0.152432 0.000000 0.988314 1.000000 1.000000 1.000000
1978.853760 0.000000 3157.947510 0.000000 0.896513 0.000000 0.443018 1.000000 1.000000 1.000000
1997.160645 0.000000 3188.964844 0.000000 0.979462 0.000000 0.201630 1.000000 1.000000 1.000000
1995.983154 0.000000 3172.035156 0.000000 0.351726 0.000000 0.936103 1.000000 1.000000 1.000000
1986.217773 0.000000 3170.806641 0.000000 0.854780 0.000000 0.518990 1.000000 1.000000 1.000000
2007.302979 0.000000 3196.670410 0.000000 0.921774 0.000000 0.387729 1.000000 1.000000 1.000000
1987.139771 0.000000 3166.969727 0.000000 0.960199 0.000000 0.279315 1.000000 1.000000 1.000000
1967.747192 0.000000 3180.130371 0.000000 0.451262 0.000000 0.892392 1.000000 1.000000 1.000000
1989.672852 0.000000 3167.250977 0.000000 0.369779 0.000000 0.929120 1.000000 1.000000 1.000000
1992.982788 0.000000 3158.122070 0.000000 0.956624 0.000000 0.291325 1.000000 1.000000 1.000000
1986.612183 0.000000 3168.844482 0.000000 0.030050 0.000000 0.999548 1.000000 1.000000 1.000000
2016.061768 0.000000 3103.100342 0.000000 0.404312 0.000000 0.914621 1.000000 1.000000 1.000000
2014.123535 0.000000 3087.923340 0.000000 0.995334 0.000000 0.096485 1.000000 1.000000 1.000000
2037.231445 0.000000 3076.354248 0.000000 0.573717 0.000000 0.819054 1.000000 1.000000 1.000000
2015.753418 0.000000 3080.756836 0.000000 0.760104 0.000000 0.649801 1.000000 1.000000 1.000000
2036.781006 0.000000 3099.010986 0.000000 0.053556 0.000000 0.998565 1.000000 1.000000 1.000000
2031.465210 0.000000 3127.830811 0.000000 0.462410 0.000000 0.886666 1.000000 1.000000 1.000000
2014.375122 0.000000 3092.708252 0.000000 0.956935 0.000000 0.290304 1.000000 1.000000 1.000000
2020.357178 0.000000 3104.904053 0.000000 0.012486 0.000000 0.999922 1.000000 1.000000 1.000000
2010.698853 0.000000 3090.050537 0.000000 0.447555 0.000000 0.894256 1.000000 1.000000 1.000000
2017.536255 0.000000 3090.808105 0.000000 0.871764 0.000000 0.489926 1.000000 1.000000 1.000000
2032.161255 0.000000 3116.652100 0.000000 0.814740 0.000000 0.579826 1.000000 1.000000 1.000000
2019.212524 0.000000 3102.105469 0.000000 0.999638 0.000000 0.026889 1.000000 1.000000 1.000000
2015.469727 0.000000 3090.825928 0.000000 0.988597 0.000000 0.150587 1.000000 1.000000 1.000000
2038.686523 0.000000 3195.006836 0.000000 0.927796 0.000000 0.373087 1.000000 1.000000 1.000000
2042.708252 0.000000 3163.104492 0.000000 0.980452 0.000000 0.196757 1.000000 1.000000 1.000000
2037.470459 0.000000 3152.566895 0.000000 0.967652 0.000000 0.252287 1.000000 1.000000 1.000000
2034.212891 0.000000 3199.500488 0.000000 0.764670 0.000000 0.644422 1.000000 1.000000 1.000000
2036.781006 0.000000 3188.995361 0.000000 0.186338 0.000000 0.982486 1.000000 1.000000 1.000000
2037.565796 0.000000 3198.483643 0.000000 0.645486 0.000000 0.763772 1.000000 1.000000 1.000000
2045.562256 0.000000 3157.228027 0.000000 0.675027 0.000000 0.737793 1.000000 1.000000 1.000000
2035.609985 0.000000 3196.084473 0.000000 0.999201 0.000000 0.039976 1.000000 1.000000 1.000000
2034.327148 0.000000 3197.565918 0.000000 0.041821 0.000000 0.999125 1.000000 1.000000 1.000000
1508.699097 0.000000 3282.389160 0.000000 0.880643 0.000000 0.473781 1.000000 1.000000 1.000000
1630.312012 0.000000 3248.583496 0.000000 0.996465 0.000000 0.084009 1.000000 1.000000 1.000000
1618.114990 0.000000 3250.087158 0.000000 0.497983 0.000000 0.867187 1.000000 1.000000 1.000000
1520.656250 0.000000 3400.182373 0.000000 0.333409 0.000000 0.942782 1.000000 1.000000 1.000000
1461.837036 0.000000 3364.023682 0.000000 0.405436 0.000000 0.914123 1.000000 1.000000 1.000000
1488.109863 0.000000 3385.629883 0.000000 0.417398 0.000000 0.908724 1.000000 1.000000 1.000000
1510.239136 0.000000 3404.105225 0.000000 0.588947 0.000000 0.808172 1.000000 1.000000 1.000000
1483.967163 0.000000 3370.158936 0.000000 0.249849 0.000000 0.968285 1.000000 1.000000 1.000000
1548.182129 0.000000 3401.937256 0.000000 0.628432 0.000000 0.777864 1.000000 1.000000 1.000000
1497.225464 0.000000 3379.113281 0.000000 0.969166 0.000000 0.246408 1.000000 1.000000 1.000000
1537.850098 0.000000 3398.112793 0.000000 0.942160 0.000000 0.335164 1.000000 1.000000 1.000000
1466.635498 0.000000 3367.653564 0.000000 0.252846 0.000000 0.967507 1.000000 1.000000 1.000000
1492.010376 0.000000 3381.421631 0.000000 0.413944 0.000000 0.910302 1.000000 1.000000 1.000000
1493.247437 0.000000 3386.232666 0.000000 0.613680 0.000000 0.789555 1.000000 1.000000 1.000000
1533.867798 0.000000 3401.296875 0.000000 0.958876 0.000000 0.283824 1.000000 1.000000 1.000000
1524.150879 0.000000 3362.598877 0.000000 0.972122 0.000000 0.234474 1.000000 1.000000 1.000000
1549.755249 0.000000 3406.382080 0.000000 0.779752 0.000000 0.626088 1.000000 1.000000 1.000000
1487.363159 0.000000 3372.980713 0.000000 0.133028 0.000000 0.991112 1.000000 1.000000 1.000000
1460.058838 0.000000 3367.656006 0.000000 0.830972 0.000000 0.556315 1.000000 1.000000 1.000000
1477.629150 0.000000 3382.359863 0.000000 0.352490 0.000000 0.935816 1.000000 1.000000 1.000000
1523.234863 0.000000 3370.749023 0.000000 0.576705 0.000000 0.816952 1.000000 1.000000 1.000000
1495.944458 0.000000 3403.285889 0.000000 0.646326 0.000000 0.763061 1.000000 1.000000 1.000000
1540.780151 0.000000 3393.723633 0.000000 0.892758 0.000000 0.450536 1.000000 1.000000 1.000000
1499.224854 0.000000 3401.517822 0.000000 0.364509 0.000000 0.931200 1.000000 1.000000 1.000000
1513.184570 0.000000 3402.355957 0.000000 0.087843 0.000000 0.996134 1.000000 1.000000 1.000000
1463.318359 0.000000 3367.129150 0.000000 0.025142 0.000000 0.999684 1.000000 1.000000 1.000000
1490.811279 0.000000 3384.290771 0.000000 0.932352 0.000000 0.361551 1.000000 1.000000 1.000000
1480.123047 0.000000 3384.423340 0.000000 0.679459 0.000000 0.733714 1.000000 1.000000 1.000000
1469.442139 0.000000 3366.666504 0.000000 0.322487 0.000000 0.946574 1.000000 1.000000 1.000000
1464.961792 0.000000 3364.736328 0.000000 0.738559 0.000000 0.674189 1.000000 1.000000 1.000000
1486.821289 0.000000 3370.258545 0.000000 0.977942 0.000000 0.208876 1.000000 1.000000 1.000000
1494.760132 0.000000 3380.539062 0.000000 0.974280 0.000000 0.225341 1.000000 1.000000 1.000000
1490.460815 0.000000 3386.957764 0.000000 0.606159 0.000000 0.795343 1.000000 1.000000 1.000000
1512.400879 0.000000 3378.846680 0.000000 0.318584 0.000000 0.947895 1.000000 1.000000 1.000000
1533.113525 0.000000 3380.526855 0.000000 0.878292 0.000000 0.478125 1.000000 1.000000 1.000000
1539.803833 0.000000 3387.267578 0.000000 0.920729 0.000000 0.390204 1.000000 1.000000 1.000000
1539.068115 0.000000 3391.921143 0.000000 0.990050 0.000000 0.140714 1.000000 1.000000 1.000000
1492.838989 0.000000 3400.819580 0.000000 0.559335 0.000000 0.828942 1.000000 1.000000 1.000000
1523.368896 0.000000 3368.275635 0.000000 0.111794 0.000000 0.993731 1.000000 1.000000 1.000000
1515.501465 0.000000 3381.421387 0.000000 0.956569 0.000000 0.291505 1.000000 1.000000 1.000000
1460.319824 0.000000 3374.371338 0.000000 0.875704 0.000000 0.482848 1.000000 1.000000 1.000000
1523.640625 0.000000 3365.943604 0.000000 0.626557 0.000000 0.779376 1.000000 1.000000 1.000000
1530.759033 0.000000 3418.587891 0.000000 0.917122 0.000000 0.398607 1.000000 1.000000 1.000000
1489.478516 0.000000 3373.712891 0.000000 0.754686 0.000000 0.656086 1.000000 1.000000 1.000000
1497.006958 0.000000 3401.620361 0.000000 0.572601 0.000000 0.819834 1.000000 1.000000 1.000000
1495.397949 0.000000 3378.767822 0.000000 0.095219 0.000000 0.995456 1.000000 1.000000 1.000000
1485.773438 0.000000 3371.717285 0.000000 0.223128 0.000000 0.974789 1.000000 1.000000 1.000000
1479.436035 0.000000 3382.733154 0.000000 0.352604 0.000000 0.935773 1.000000 1.000000 1.000000
1482.841064 0.000000 3371.739258 0.000000 0.636839 0.000000 0.770997 1.000000 1.000000 1.000000
1465.048828 0.000000 3366.523682 0.000000 0.940304 0.000000 0.340335 1.000000 1.000000 1.000000
1551.067993 0.000000 3401.816895 0.000000 0.603410 0.000000 0.797431 1.000000 1.000000 1.000000
1467.893555 0.000000 3366.774414 0.000000 0.945140 0.000000 0.326666 1.000000 1.000000 1.000000
1549.634155 0.000000 3402.145752 0.000000 0.645239 0.000000 0.763981 1.000000 1.000000 1.000000
1494.085693 0.000000 3379.290527 0.000000 0.453508 0.000000 0.891252 1.000000 1.000000 1.000000
1551.547852 0.000000 3394.963379 0.000000 0.978499 0.000000 0.206252 1.000000 1.000000 1.000000
1595.134766 0.000000 3353.931396 0.000000 0.990417 0.000000 0.138108 1.000000 1.000000 1.000000
1592.751343 0.000000 3369.636230 0.000000 0.790242 0.000000 0.612795 1.000000 1.000000 1.000000
1559.483765 0.000000 3411.433838 0.000000 0.595513 0.000000 0.803345 1.000000 1.000000 1.000000
1597.890747 0.000000 3415.732666 0.000000 0.932592 0.000000 0.360932 1.000000 1.000000 1.000000
1565.714478 0.000000 3392.034912 0.000000 0.176128 0.000000 0.984367 1.000000 1.000000 1.000000
1606.863037 0.000000 3359.042236 0.000000 0.886591 0.000000 0.462555 1.000000 1.000000 1.000000
1556.341919 0.000000 3395.968506 0.000000 0.745346 0.000000 0.666678 1.000000 1.000000 1.000000
1585.246826 0.000000 3348.089844 0.000000 0.377376 0.000000 0.926060 1.000000 1.000000 1.000000
1593.407715 0.000000 3414.536377 0.000000 0.752776 0.000000 0.658277 1.000000 1.000000 1.000000
1606.970093 0.000000 3388.044922 0.000000 0.908031 0.000000 0.418902 1.000000 1.000000 1.000000
1568.919067 0.000000 3394.503906 0.000000 0.939511 0.000000 0.342518 1.000000 1.000000 1.000000
1584.878174 0.000000 3412.635742 0.000000 0.798261 0.000000 0.602311 1.000000 1.000000 1.000000
1571.445923 0.000000 3397.103516 0.000000 0.603534 0.000000 0.797337 1.000000 1.000000 1.000000
1631.524170 0.000000 3348.501953 0.000000 0.566471 0.000000 0.824081 1.000000 1.000000 1.000000
1551.417847 0.000000 3354.130615 0.000000 0.859856 0.000000 0.510537 1.000000 1.000000 1.000000
1622.377686 0.000000 3402.803467 0.000000 0.850169 0.000000 0.526510 1.000000 1.000000 1.000000
1601.678345 0.000000 3400.996826 0.000000 0.848767 0.000000 0.528767 1.000000 1.000000 1.000000
1609.977661 0.000000 3359.555908 0.000000 0.845574 0.000000 0.533859 1.000000 1.000000 1.000000
1628.917725 0.000000 3349.866699 0.000000 0.818606 0.000000 0.574356 1.000000 1.000000 1.000000
1584.371704 0.000000 3415.332520 0.000000 0.940843 0.000000 0.338843 1.000000 1.000000 1.000000
1589.459595 0.000000 3342.952881 0.000000 0.565338 0.000000 0.824859 1.000000 1.000000 1.000000
1625.228638 0.000000 3403.985107 0.000000 0.975102 0.000000 0.221756 1.000000 1.000000 1.000000
1629.254150 0.000000 3347.448242 0.000000 0.677626 0.000000 0.735407 1.000000 1.000000 1.000000
1595.770874 0.000000 3414.750732 0.000000 0.264192 0.000000 0.964470 1.000000 1.000000 1.000000
1595.245972 0.000000 3399.089844 0.000000 0.999187 0.000000 0.040323 1.000000 1.000000 1.000000
1604.872803 0.000000 3348.603516 0.000000 0.997010 0.000000 0.077278 1.000000 1.000000 1.000000
1562.953125 0.000000 3407.165039 0.000000 0.993947 0.000000 0.109863 1.000000 1.000000 1.000000
1628.535889 0.000000 3407.152588 0.000000 0.420415 0.000000 0.907332 1.000000 1.000000 1.000000
1599.069458 0.000000 3388.596436 0.000000 0.999772 0.000000 0.021353 1.000000 1.000000 1.000000
1602.177612 0.000000 3349.504395 0.000000 0.650759 0.000000 0.759285 1.000000 1.000000 1.000000
1591.760254 0.000000 3368.168701 0.000000 0.424216 0.000000 0.905561 1.000000 1.000000 1.000000
1560.302856 0.000000 3409.772949 0.000000 0.431169 0.000000 0.902271 1.000000 1.000000 1.000000
1632.247192 0.000000 3407.184570 0.000000 0.080136 0.000000 0.996784 1.000000 1.000000 1.000000
1561.912231 0.000000 3408.203125 0.000000 0.515812 0.000000 0.856702 1.000000 1.000000 1.000000
1568.986328 0.000000 3393.071533 0.000000 0.103671 0.000000 0.994612 1.000000 1.000000 1.000000
1561.673950 0.000000 3409.770020 0.000000 0.975584 0.000000 0.219625 1.000000 1.000000 1.000000
1661.642090 0.000000 3324.421143 0.000000 0.263960 0.000000 0.964534 1.000000 1.000000 1.000000
1653.860840 0.000000 3274.288818 0.000000 0.213054 0.000000 0.977040 1.000000 1.000000 1.000000
1660.234985 0.000000 3296.363770 0.000000 0.383092 0.000000 0.923710 1.000000 1.000000 1.000000
1649.628296 0.000000 3315.925781 0.000000 0.972525 0.000000 0.232799 1.000000 1.000000 1.000000
1649.166504 0.000000 3250.547363 0.000000 0.660191 0.000000 0.751097 1.000000 1.000000 1.000000
1655.465088 0.000000 3251.053711 0.000000 0.135105 0.000000 0.990831 1.000000 1.000000 1.000000
1658.757935 0.000000 3326.918945 0.000000 0.633731 0.000000 0.773554 1.000000 1.000000 1.000000
1665.513550 0.000000 3347.540527 0.000000 0.732435 0.000000 0.680837 1.000000 1.000000 1.000000
1700.693237 0.000000 3364.241699 0.000000 0.939758 0.000000 0.341840 1.000000 1.000000 1.000000
1655.158325 0.000000 3379.399170 0.000000 0.033621 0.000000 0.999435 1.000000 1.000000 1.000000
1662.387817 0.000000 3407.710693 0.000000 0.145484 0.000000 0.989361 1.000000 1.000000 1.000000
1677.291870 0.000000 3390.978027 0.000000 0.990354 0.000000 0.138558 1.000000 1.000000 1.000000
1694.389160 0.000000 3389.967529 0.000000 0.993895 0.000000 0.110331 1.000000 1.000000 1.000000
1668.791016 0.000000 3351.933594 0.000000 0.439428 0.000000 0.898278 1.000000 1.000000 1.000000
1675.731812 0.000000 3386.232666 0.000000 0.821104 0.000000 0.570778 1.000000 1.000000 1.000000
1696.034546 0.000000 3363.184326 0.000000 0.323217 0.000000 0.946325 1.000000 1.000000 1.000000
1669.847534 0.000000 3372.980713 0.000000 0.711589 0.000000 0.702596 1.000000 1.000000 1.000000
1675.900024 0.000000 3395.387939 0.000000 0.801371 0.000000 0.598167 1.000000 1.000000 1.000000
1703.544067 0.000000 3367.347412 0.000000 0.439475 0.000000 0.898255 1.000000 1.000000 1.000000
1671.339111 0.000000 3354.696533 0.000000 0.997843 0.000000 0.065650 1.000000 1.000000 1.000000
1723.264526 0.000000 3393.723633 0.000000 0.511477 0.000000 0.859297 1.000000 1.000000 1.000000
1709.344727 0.000000 3377.073730 0.000000 0.799058 0.000000 0.601255 1.000000 1.000000 1.000000
1690.749268 0.000000 3390.715820 0.000000 0.643515 0.000000 0.765433 1.000000 1.000000 1.000000
1692.570557 0.000000 3376.577881 0.000000 0.214395 0.000000 0.976747 1.000000 1.000000 1.000000
1665.406006 0.000000 3350.969482 0.000000 0.414760 0.000000 0.909931 1.000000 1.000000 1.000000
1643.356934 0.000000 3377.329102 0.000000 0.635994 0.000000 0.771694 1.000000 1.000000 1.000000
1678.588745 0.000000 3387.875732 0.000000 0.659145 0.000000 0.752016 1.000000 1.000000 1.000000
1697.945679 0.000000 3365.535400 0.000000 0.755773 0.000000 0.654834 1.000000 1.000000 1.000000
1718.844971 0.000000 3391.133789 0.000000 0.542394 0.000000 0.840124 1.000000 1.000000 1.000000
1695.377075 0.000000 3387.509033 0.000000 0.912262 0.000000 0.409607 1.000000 1.000000 1.000000
1667.382324 0.000000 3377.598633 0.000000 0.404044 0.000000 0.914740 1.000000 1.000000 1.000000
1703.331787 0.000000 3369.747314 0.000000 0.305999 0.000000 0.952032 1.000000 1.000000 1.000000
1668.596313 0.000000 3374.969482 0.000000 0.990792 0.000000 0.135394 1.000000 1.000000 1.000000
1707.216064 0.000000 3372.297607 0.000000 0.978644 0.000000 0.205565 1.000000 1.000000 1.000000
1664.115845 0.000000 3349.195801 0.000000 0.176653 0.000000 0.984273 1.000000 1.000000 1.000000
1693.257935 0.000000 3362.176514 0.000000 0.563823 0.000000 0.825896 1.000000 1.000000 1.000000
1663.142456 0.000000 3409.390137 0.000000 0.783987 0.000000 0.620777 1.000000 1.000000 1.000000
1653.250854 0.000000 3341.157959 0.000000 0.434672 0.000000 0.900589 1.000000 1.000000 1.000000
1670.481934 0.000000 3353.104736 0.000000 0.804051 0.000000 0.594560 1.000000 1.000000 1.000000
1651.005859 0.000000 3340.608154 0.000000 0.575510 0.000000 0.817794 1.000000 1.000000 1.000000
1699.701782 0.000000 3365.994385 0.000000 0.987955 0.000000 0.154742 1.000000 1.000000 1.000000
1690.891968 0.000000 3400.970947 0.000000 0.841410 0.000000 0.540398 1.000000 1.000000 1.000000
1541.762817 0.000000 3471.813232 0.000000 0.426547 0.000000 0.904465 1.000000 1.000000 1.000000
1468.608643 0.000000 3463.037842 0.000000 0.371174 0.000000 0.928563 1.000000 1.000000 1.000000
1514.359497 0.000000 3427.869141 0.000000 0.633233 0.000000 0.773961 1.000000 1.000000 1.000000
1473.708740 0.000000 3495.897461 0.000000 0.314194 0.000000 0.949359 1.000000 1.000000 1.000000
1511.645752 0.000000 3437.492920 0.000000 0.423943 0.000000 0.905689 1.000000 1.000000 1.000000
1483.072021 0.000000 3473.533447 0.000000 0.052736 0.000000 0.998609 1.000000 1.000000 1.000000
1539.772217 0.000000 3441.988281 0.000000 0.427426 0.000000 0.904051 1.000000 1.000000 1.000000
1536.978516 0.000000 3483.684814 0.000000 0.775194 0.000000 0.631723 1.000000 1.000000 1.000000
1515.781250 0.000000 3438.891846 0.000000 0.950293 0.000000 0.311358 1.000000 1.000000 1.000000
1539.113159 0.000000 3468.753906 0.000000 0.467238 0.000000 0.884132 1.000000 1.000000 1.000000
1464.755615 0.000000 3461.587158 0.000000 0.994282 0.000000 0.106788 1.000000 1.000000 1.000000
1470.957275 0.000000 3480.361572 0.000000 0.635149 0.000000 0.772390 1.000000 1.000000 1.000000
1540.780151 0.000000 3483.708008 0.000000 0.891469 0.000000 0.453081 1.000000 1.000000 1.000000
1549.263550 0.000000 3433.813721 0.000000 0.415065 0.000000 0.909792 1.000000 1.000000 1.000000
1524.026855 0.000000 3430.469238 0.000000 0.295745 0.000000 0.955267 1.000000 1.000000 1.000000
1536.360596 0.000000 3481.118164 0.000000 0.575532 0.000000 0.817779 1.000000 1.000000 1.000000
1477.370972 0.000000 3450.074707 0.000000 0.648760 0.000000 0.760993 1.000000 1.000000 1.000000
1532.249146 0.000000 3439.435059 0.000000 0.990488 0.000000 0.137599 1.000000 1.000000 1.000000
1468.749634 0.000000 3479.203857 0.000000 0.170697 0.000000 0.985324 1.000000 1.000000 1.000000
1471.624390 0.000000 3467.201172 0.000000 0.036908 0.000000 0.999319 1.000000 1.000000 1.000000
1471.604126 0.000000 3474.611328 0.000000 0.660361 0.000000 0.750948 1.000000 1.000000 1.000000
1471.831299 0.000000 3478.200928 0.000000 0.707281 0.000000 0.706933 1.000000 1.000000 1.000000
1513.630615 0.000000 3438.587891 0.000000 0.857442 0.000000 0.514581 1.000000 1.000000 1.000000
1538.874390 0.000000 3443.896973 0.000000 0.883491 0.000000 0.468447 1.000000 1.000000 1.000000
1475.214844 0.000000 3494.394287 0.000000 0.984612 0.000000 0.174755 1.000000 1.000000 1.000000
1465.107666 0.000000 3436.761475 0.000000 0.408492 0.000000 0.912762 1.000000 1.000000 1.000000
1469.314941 0.000000 3481.453125 0.000000 0.958750 0.000000 0.284252 1.000000 1.000000 1.000000
1461.135742 0.000000 3439.134766 0.000000 0.389883 0.000000 0.920865 1.000000 1.000000 1.000000
1482.746216 0.000000 3471.740479 0.000000 0.579582 0.000000 0.814914 1.000000 1.000000 1.000000
1550.380371 0.000000 3432.205566 0.000000 0.977843 0.000000 0.209339 1.000000 1.000000 1.000000
1533.462891 0.000000 3440.675293 0.000000 0.044960 0.000000 0.998989 1.000000 1.000000 1.000000
1512.518799 0.000000 3436.234619 0.000000 0.845622 0.000000 0.533781 1.000000 1.000000 1.000000
1514.875000 0.000000 3437.687988 0.000000 0.799303 0.000000 0.600928 1.000000 1.000000 1.000000
1471.637329 0.000000 3465.760254 0.000000 0.270102 0.000000 0.962832 1.000000 1.000000 1.000000
1515.726074 0.000000 3436.309082 0.000000 0.461678 0.000000 0.887047 1.000000 1.000000 1.000000
1526.861816 0.000000 3431.624512 0.000000 0.085293 0.000000 0.996356 1.000000 1.000000 1.000000
1480.268188 0.000000 3470.283691 0.000000 0.195745 0.000000 0.980655 1.000000 1.000000 1.000000
1513.355835 0.000000 3437.274414 0.000000 0.991538 0.000000 0.129814 1.000000 1.000000 1.000000
1461.205078 0.000000 3440.461914 0.000000 0.999523 0.000000 0.030887 1.000000 1.000000 1.000000
1469.233887 0.000000 3475.778809 0.000000 0.871039 0.000000 0.491213 1.000000 1.000000 1.000000
1605.601685 0.000000 3427.869141 0.000000 0.999811 0.000000 0.019453 1.000000 1.000000 1.000000
1552.186157 0.000000 3430.015869 0.000000 0.754472 0.000000 0.656332 1.000000 1.000000 1.000000
1560.726196 0.000000 3435.061768 0.000000 0.052349 0.000000 0.998629 1.000000 1.000000 1.000000
1632.747803 0.000000 3420.488281 0.000000 0.999526 0.000000 0.030781 1.000000 1.000000 1.000000
1635.310547 0.000000 3425.739990 0.000000 0.449892 0.000000 0.893083 1.000000 1.000000 1.000000
1566.977295 0.000000 3424.800293 0.000000 0.632763 0.000000 0.774345 1.000000 1.000000 1.000000
1595.430054 0.000000 3455.364258 0.000000 0.988589 0.000000 0.150637 1.000000 1.000000 1.000000
1631.753906 0.000000 3424.406006 0.000000 0.985916 0.000000 0.167241 1.000000 1.000000 1.000000
1595.852173 0.000000 3458.662354 0.000000 0.865788 0.000000 0.500410 1.000000 1.000000 1.000000
1569.112305 0.000000 3426.864502 0.000000 0.680609 0.000000 0.732646 1.000000 1.000000 1.000000
1567.593140 0.000000 3422.030029 0.000000 0.997629 0.000000 0.068816 1.000000 1.000000 1.000000
1611.146240 0.000000 3428.122314 0.000000 0.098237 0.000000 0.995163 1.000000 1.000000 1.000000
1566.717407 0.000000 3426.972900 0.000000 0.443205 0.000000 0.896420 1.000000 1.000000 1.000000
1553.497803 0.000000 3433.516846 0.000000 0.364833 0.000000 0.931073 1.000000 1.000000 1.000000
1607.871094 0.000000 3428.398438 0.000000 0.155294 0.000000 0.987868 1.000000 1.000000 1.000000
1631.729736 0.000000 3422.640869 0.000000 0.343334 0.000000 0.939213 1.000000 1.000000 1.000000
1605.754639 0.000000 3429.547363 0.000000 0.265955 0.000000 0.963986 1.000000 1.000000 1.000000
1609.330200 0.000000 3428.064209 0.000000 0.068187 0.000000 0.997673 1.000000 1.000000 1.000000
1608.349731 0.000000 3429.775391 0.000000 0.378268 0.000000 0.925696 1.000000 1.000000 1.000000
1593.041870 0.000000 3458.193848 0.000000 0.766389 0.000000 0.642376 1.000000 1.000000 1.000000
1663.161377 0.000000 3443.771973 0.000000 0.880189 0.000000 0.474622 1.000000 1.000000 1.000000
1649.406372 0.000000 3452.645752 0.000000 0.995870 0.000000 0.090787 1.000000 1.000000 1.000000
1711.636230 0.000000 3507.019043 0.000000 0.040940 0.000000 0.999162 1.000000 1.000000 1.000000
1665.406006 0.000000 3440.953857 0.000000 0.894251 0.000000 0.447566 1.000000 1.000000 1.000000
1709.804443 0.000000 3504.126953 0.000000 0.481951 0.000000 0.876198 1.000000 1.000000 1.000000
1704.244507 0.000000 3500.979492 0.000000 0.869749 0.000000 0.493494 1.000000 1.000000 1.000000
1662.481567 0.000000 3440.738281 0.000000 0.188839 0.000000 0.982008 1.000000 1.000000 1.000000
1711.902344 0.000000 3504.766846 0.000000 0.987915 0.000000 0.154997 1.000000 1.000000 1.000000
1703.980225 0.000000 3499.006104 0.000000 0.414620 0.000000 0.909995 1.000000 1.000000 1.000000
1666.514160 0.000000 3430.835693 0.000000 0.680680 0.000000 0.732581 1.000000 1.000000 1.000000
1714.007202 0.000000 3512.096680 0.000000 0.255438 0.000000 0.966825 1.000000 1.000000 1.000000
1717.544556 0.000000 3512.706787 0.000000 0.632173 0.000000 0.774827 1.000000 1.000000 1.000000
1823.340210 0.000000 3546.026855 0.000000 0.034330 0.000000 0.999411 1.000000 1.000000 1.000000
1823.694336 0.000000 3552.927979 0.000000 0.251241 0.000000 0.967924 1.000000 1.000000 1.000000
1958.002808 0.000000 3418.717773 0.000000 0.442198 0.000000 0.896917 1.000000 1.000000 1.000000
2085.375977 0.000000 3319.458740 0.000000 0.101307 0.000000 0.994855 1.000000 1.000000 1.000000
2078.190918 0.000000 3318.577148 0.000000 0.389135 0.000000 0.921181 1.000000 1.000000 1.000000
2163.421631 0.000000 3297.825439 0.000000 0.955073 0.000000 0.296372 1.000000 1.000000 1.000000
2151.589600 0.000000 3294.603760 0.000000 0.812111 0.000000 0.583503 1.000000 1.000000 1.000000
2117.853027 0.000000 3324.421143 0.000000 0.799703 0.000000 0.600396 1.000000 1.000000 1.000000
2174.469482 0.000000 3276.930908 0.000000 0.798425 0.000000 0.602094 1.000000 1.000000 1.000000
2173.308594 0.000000 3288.304199 0.000000 0.999737 0.000000 0.022924 1.000000 1.000000 1.000000
2150.600098 0.000000 3299.983154 0.000000 0.114639 0.000000 0.993407 1.000000 1.000000 1.000000
2187.047363 0.000000 3303.121094 0.000000 0.831104 0.000000 0.556117 1.000000 1.000000 1.000000
2182.119873 0.000000 3301.225098 0.000000 0.869723 0.000000 0.493540 1.000000 1.000000 1.000000
2182.927246 0.000000 3270.399414 0.000000 0.661209 0.000000 0.750202 1.000000 1.000000 1.000000
2161.856934 0.000000 3293.128906 0.000000 0.473275 0.000000 0.880915 1.000000 1.000000 1.000000
2180.821777 0.000000 3318.778564 0.000000 0.616795 0.000000 0.787124 1.000000 1.000000 1.000000
2175.972168 0.000000 3311.750977 0.000000 0.622245 0.000000 0.782822 1.000000 1.000000 1.000000
2176.639160 0.000000 3270.733643 0.000000 0.290765 0.000000 0.956795 1.000000 1.000000 1.000000
2188.629395 0.000000 3269.441406 0.000000 0.580001 0.000000 0.814616 1.000000 1.000000 1.000000
2185.604736 0.000000 3269.936279 0.000000 0.965636 0.000000 0.259898 1.000000 1.000000 1.000000
2151.588135 0.000000 3297.524658 0.000000 0.879524 0.000000 0.475855 1.000000 1.000000 1.000000
2157.520508 0.000000 3293.515137 0.000000 0.861473 0.000000 0.507804 1.000000 1.000000 1.000000
2091.345215 0.000000 3395.822266 0.000000 0.872650 0.000000 0.488346 1.000000 1.000000 1.000000
2094.697998 0.000000 3374.711426 0.000000 0.362994 0.000000 0.931792 1.000000 1.000000 1.000000
2086.030762 0.000000 3389.532227 0.000000 0.637428 0.000000 0.770510 1.000000 1.000000 1.000000
2095.439209 0.000000 3380.041992 0.000000 0.406894 0.000000 0.913476 1.000000 1.000000 1.000000
2090.433350 0.000000 3377.134766 0.000000 0.764296 0.000000 0.644865 1.000000 1.000000 1.000000
2083.857422 0.000000 3405.238281 0.000000 0.967368 0.000000 0.253375 1.000000 1.000000 1.000000
2097.066650 0.000000 3366.058105 0.000000 0.107241 0.000000 0.994233 1.000000 1.000000 1.000000
2088.233398 0.000000 3393.723633 0.000000 0.999922 0.000000 0.012510 1.000000 1.000000 1.000000
2081.469727 0.000000 3413.702881 0.000000 0.862846 0.000000 0.505467 1.000000 1.000000 1.000000
2092.014893 0.000000 3380.049561 0.000000 0.787997 0.000000 0.615680 1.000000 1.000000 1.000000
2093.385986 0.000000 3377.422119 0.000000 0.792708 0.000000 0.609602 1.000000 1.000000 1.000000
2093.725098 0.000000 3381.812012 0.000000 0.395348 0.000000 0.918531 1.000000 1.000000 1.000000
2093.672363 0.000000 3379.250244 0.000000 0.853483 0.000000 0.521120 1.000000 1.000000 1.000000
2142.587891 0.000000 3353.931396 0.000000 0.146986 0.000000 0.989139 1.000000 1.000000 1.000000
2133.950439 0.000000 3343.073242 0.000000 0.929817 0.000000 0.368023 1.000000 1.000000 1.000000
2118.649414 0.000000 3378.834473 0.000000 0.975355 0.000000 0.220642 1.000000 1.000000 1.000000
2099.061279 0.000000 3380.811035 0.000000 0.772592 0.000000 0.634903 1.000000 1.000000 1.000000
2164.215088 0.000000 3367.253662 0.000000 0.921341 0.000000 0.388755 1.000000 1.000000 1.000000
2141.446289 0.000000 3401.088135 0.000000 0.756723 0.000000 0.653736 1.000000 1.000000 1.000000
2128.026611 0.000000 3393.436768 0.000000 0.167157 0.000000 0.985930 1.000000 1.000000 1.000000
2144.589844 0.000000 3387.924805 0.000000 0.832692 0.000000 0.553737 1.000000 1.000000 1.000000
2102.844482 0.000000 3400.961670 0.000000 0.989105 0.000000 0.147212 1.000000 1.000000 1.000000
2135.088623 0.000000 3415.568115 0.000000 0.880096 0.000000 0.474795 1.000000 1.000000 1.000000
2098.580322 0.000000 3357.573975 0.000000 0.969897 0.000000 0.243514 1.000000 1.000000 1.000000
2127.918945 0.000000 3399.135498 0.000000 0.999719 0.000000 0.023691 1.000000 1.000000 1.000000
2125.001953 0.000000 3351.933594 0.000000 0.876490 0.000000 0.481419 1.000000 1.000000 1.000000
2160.525879 0.000000 3391.871094 0.000000 0.846398 0.000000 0.532551 1.000000 1.000000 1.000000
2137.920166 0.000000 3401.517822 0.000000 0.656320 0.000000 0.754483 1.000000 1.000000 1.000000
2145.289307 0.000000 3403.190918 0.000000 0.044695 0.000000 0.999001 1.000000 1.000000 1.000000
2183.725098 0.000000 3369.726318 0.000000 0.722426 0.000000 0.691448 1.000000 1.000000 1.000000
2101.404785 0.000000 3397.745605 0.000000 0.930804 0.000000 0.365519 1.000000 1.000000 1.000000
2181.010254 0.000000 3366.128418 0.000000 0.623273 0.000000 0.782004 1.000000 1.000000 1.000000
2130.808105 0.000000 3392.706543 0.000000 0.955512 0.000000 0.294952 1.000000 1.000000 1.000000
2173.893311 0.000000 3407.770996 0.000000 0.399153 0.000000 0.916885 1.000000 1.000000 1.000000
2180.124756 0.000000 3389.215088 0.000000 0.992106 0.000000 0.125400 1.000000 1.000000 1.000000
2129.146973 0.000000 3395.951416 0.000000 0.676719 0.000000 0.736242 1.000000 1.000000 1.000000
2127.684326 0.000000 3351.575928 0.000000 0.543435 0.000000 0.839451 1.000000 1.000000 1.000000
2182.358643 0.000000 3367.940674 0.000000 0.137824 0.000000 0.990457 1.000000 1.000000 1.000000
2100.544434 0.000000 3358.381836 0.000000 0.054383 0.000000 0.998520 1.000000 1.000000 1.000000
2182.635742 0.000000 3366.462158 0.000000 0.767798 0.000000 0.640692 1.000000 1.000000 1.000000
1983.806763 0.000000 3434.673584 0.000000 0.017739 0.000000 0.999843 1.000000 1.000000 1.000000
1873.872070 0.000000 3574.662598 0.000000 0.235352 0.000000 0.971910 1.000000 1.000000 1.000000
1825.509399 0.000000 3551.939941 0.000000 0.612073 0.000000 0.790801 1.000000 1.000000 1.000000
2089.215820 0.000000 3471.813232 0.000000 0.459760 0.000000 0.888043 1.000000 1.000000 1.000000
2086.365723 0.000000 3447.489258 0.000000 0.985700 0.000000 0.168510 1.000000 1.000000 1.000000
2080.195068 0.000000 3474.136963 0.000000 0.986517 0.000000 0.163660 1.000000 1.000000 1.000000
2096.925293 0.000000 3437.024170 0.000000 0.817945 0.000000 0.575297 1.000000 1.000000 1.000000
2086.566162 0.000000 3468.753906 0.000000 0.352712 0.000000 0.935732 1.000000 1.000000 1.000000
2072.065186 0.000000 3425.689453 0.000000 0.413929 0.000000 0.910309 1.000000 1.000000 1.000000
2097.371094 0.000000 3439.718506 0.000000 0.145673 0.000000 0.989333 1.000000 1.000000 1.000000
2135.297607 0.000000 3420.353760 0.000000 0.940646 0.000000 0.339389 1.000000 1.000000 1.000000
2188.432617 0.000000 3424.000488 0.000000 0.577151 0.000000 0.816637 1.000000 1.000000 1.000000
2151.888916 0.000000 3457.649658 0.000000 0.725862 0.000000 0.687841 1.000000 1.000000 1.000000
2169.456787 0.000000 3455.015625 0.000000 0.520539 0.000000 0.853838 1.000000 1.000000 1.000000
2187.347900 0.000000 3451.999023 0.000000 0.106595 0.000000 0.994303 1.000000 1.000000 1.000000
2140.972656 0.000000 3440.100342 0.000000 0.616175 0.000000 0.787610 1.000000 1.000000 1.000000
2128.804932 0.000000 3426.341553 0.000000 0.428881 0.000000 0.903361 1.000000 1.000000 1.000000
2138.740723 0.000000 3419.521973 0.000000 0.833747 0.000000 0.552146 1.000000 1.000000 1.000000
2147.610107 0.000000 3439.186768 0.000000 0.062989 0.000000 0.998014 1.000000 1.000000 1.000000
2127.234619 0.000000 3424.405029 0.000000 0.398763 0.000000 0.917054 1.000000 1.000000 1.000000
2243.983398 0.000000 2962.427979 0.000000 0.891590 0.000000 0.452843 1.000000 1.000000 1.000000
2279.692627 0.000000 2956.460205 0.000000 0.902715 0.000000 0.430239 1.000000 1.000000 1.000000
2279.268799 0.000000 2958.964355 0.000000 0.581213 0.000000 0.813752 1.000000 1.000000 1.000000
2330.083008 0.000000 2944.771973 0.000000 0.459245 0.000000 0.888309 1.000000 1.000000 1.000000
2362.942383 0.000000 2931.906982 0.000000 0.718166 0.000000 0.695872 1.000000 1.000000 1.000000
2345.906006 0.000000 2937.887939 0.000000 0.778032 0.000000 0.628225 1.000000 1.000000 1.000000
2322.720215 0.000000 2960.168457 0.000000 0.570612 0.000000 0.821219 1.000000 1.000000 1.000000
2339.388672 0.000000 2914.319824 0.000000 0.493288 0.000000 0.869866 1.000000 1.000000 1.000000
2301.083008 0.000000 2957.788818 0.000000 0.937978 0.000000 0.346694 1.000000 1.000000 1.000000
2334.373291 0.000000 2917.743408 0.000000 0.343162 0.000000 0.939276 1.000000 1.000000 1.000000
2329.101807 0.000000 2959.817383 0.000000 0.234036 0.000000 0.972228 1.000000 1.000000 1.000000
2315.987305 0.000000 2941.056152 0.000000 0.957795 0.000000 0.287453 1.000000 1.000000 1.000000
2288.493408 0.000000 2941.750977 0.000000 0.653121 0.000000 0.757254 1.000000 1.000000 1.000000
2306.779053 0.000000 2940.103516 0.000000 0.887672 0.000000 0.460477 1.000000 1.000000 1.000000
2367.448486 0.000000 2934.295654 0.000000 0.507412 0.000000 0.861704 1.000000 1.000000 1.000000
2360.292725 0.000000 2928.847656 0.000000 0.629768 0.000000 0.776783 1.000000 1.000000 1.000000
2354.827148 0.000000 2941.779785 0.000000 0.394515 0.000000 0.918889 1.000000 1.000000 1.000000
2334.364258 0.000000 2952.434082 0.000000 0.884427 0.000000 0.466678 1.000000 1.000000 1.000000
2352.827148 0.000000 2965.521484 0.000000 0.838639 0.000000 0.544688 1.000000 1.000000 1.000000
2261.769043 0.000000 2970.108887 0.000000 0.783851 0.000000 0.620949 1.000000 1.000000 1.000000
2244.297119 0.000000 2977.947266 0.000000 0.374848 0.000000 0.927086 1.000000 1.000000 1.000000
2255.068359 0.000000 2992.487061 0.000000 0.889680 0.000000 0.456584 1.000000 1.000000 1.000000
2266.352051 0.000000 2973.576660 0.000000 0.994943 0.000000 0.100437 1.000000 1.000000 1.000000
2273.811035 0.000000 2994.479004 0.000000 0.998410 0.000000 0.056363 1.000000 1.000000 1.000000
2240.840332 0.000000 2978.728516 0.000000 0.997606 0.000000 0.069151 1.000000 1.000000 1.000000
2242.130371 0.000000 2976.356201 0.000000 0.981265 0.000000 0.192665 1.000000 1.000000 1.000000
2313.206543 0.000000 2992.474609 0.000000 0.750210 0.000000 0.661200 1.000000 1.000000 1.000000
2315.184326 0.000000 2988.152344 0.000000 0.919449 0.000000 0.393209 1.000000 1.000000 1.000000
2315.122070 0.000000 2990.617188 0.000000 0.029823 0.000000 0.999555 1.000000 1.000000 1.000000
2424.363281 0.000000 3013.710449 0.000000 0.996241 0.000000 0.086621 1.000000 1.000000 1.000000
2417.125977 0.000000 3019.176758 0.000000 0.231750 0.000000 0.972775 1.000000 1.000000 1.000000
2418.316406 0.000000 3027.987305 0.000000 0.941429 0.000000 0.337211 1.000000 1.000000 1.000000
2399.545410 0.000000 3004.151367 0.000000 0.777433 0.000000 0.628966 1.000000 1.000000 1.000000
2409.714600 0.000000 2995.699219 0.000000 0.992635 0.000000 0.121144 1.000000 1.000000 1.000000
2454.843262 0.000000 3057.703125 0.000000 0.728278 0.000000 0.685281 1.000000 1.000000 1.000000
2416.609619 0.000000 3005.442383 0.000000 0.703300 0.000000 0.710893 1.000000 1.000000 1.000000
2416.988037 0.000000 3011.872070 0.000000 0.202983 0.000000 0.979182 1.000000 1.000000 1.000000
2421.811523 0.000000 3006.510986 0.000000 0.675738 0.000000 0.737142 1.000000 1.000000 1.000000
2406.368896 0.000000 2995.300049 0.000000 0.694586 0.000000 0.719410 1.000000 1.000000 1.000000
2450.180420 0.000000 3052.746338 0.000000 0.580353 0.000000 0.814365 1.000000 1.000000 1.000000
2457.860352 0.000000 3058.394287 0.000000 0.837729 0.000000 0.546087 1.000000 1.000000 1.000000
2360.499756 0.000000 3148.058350 0.000000 0.786551 0.000000 0.617525 1.000000 1.000000 1.000000
2224.221191 0.000000 3238.132812 0.000000 0.275223 0.000000 0.961381 1.000000 1.000000 1.000000
2261.072998 0.000000 3222.834717 0.000000 0.895656 0.000000 0.444749 1.000000 1.000000 1.000000
2223.066895 0.000000 3235.363770 0.000000 0.568222 0.000000 0.822875 1.000000 1.000000 1.000000
2362.942383 0.000000 3201.860107 0.000000 0.432459 0.000000 0.901653 1.000000 1.000000 1.000000
2339.388672 0.000000 3184.272949 0.000000 0.635775 0.000000 0.771875 1.000000 1.000000 1.000000
2322.688965 0.000000 3189.667480 0.000000 0.669683 0.000000 0.742647 1.000000 1.000000 1.000000
2345.555176 0.000000 3236.184326 0.000000 0.704440 0.000000 0.709763 1.000000 1.000000 1.000000
2300.337402 0.000000 3234.436768 0.000000 0.924611 0.000000 0.380913 1.000000 1.000000 1.000000
2325.883789 0.000000 3199.145508 0.000000 0.953890 0.000000 0.300156 1.000000 1.000000 1.000000
2331.418945 0.000000 3224.136475 0.000000 0.792467 0.000000 0.609915 1.000000 1.000000 1.000000
2356.109375 0.000000 3169.735840 0.000000 0.962960 0.000000 0.269644 1.000000 1.000000 1.000000
2305.146973 0.000000 3190.190186 0.000000 0.675908 0.000000 0.736986 1.000000 1.000000 1.000000
2362.685303 0.000000 3150.535156 0.000000 0.363008 0.000000 0.931786 1.000000 1.000000 1.000000
2344.343018 0.000000 3228.069580 0.000000 0.960951 0.000000 0.276719 1.000000 1.000000 1.000000
2298.437500 0.000000 3219.166504 0.000000 0.971009 0.000000 0.239044 1.000000 1.000000 1.000000
2331.689453 0.000000 3176.500732 0.000000 0.719339 0.000000 0.694659 1.000000 1.000000 1.000000
2342.583740 0.000000 3178.409424 0.000000 0.818706 0.000000 0.574213 1.000000 1.000000 1.000000
2308.303223 0.000000 3184.120117 0.000000 0.449201 0.000000 0.893431 1.000000 1.000000 1.000000
2313.190186 0.000000 3201.452881 0.000000 0.363618 0.000000 0.931548 1.000000 1.000000 1.000000
2370.651855 0.000000 3167.071045 0.000000 0.959034 0.000000 0.283292 1.000000 1.000000 1.000000
2333.084473 0.000000 3209.998779 0.000000 0.623053 0.000000 0.782180 1.000000 1.000000 1.000000
2310.507568 0.000000 3188.995361 0.000000 0.999544 0.000000 0.030208 1.000000 1.000000 1.000000
2314.427246 0.000000 3206.263916 0.000000 0.032472 0.000000 0.999473 1.000000 1.000000 1.000000
2369.531738 0.000000 3213.136719 0.000000 0.719261 0.000000 0.694740 1.000000 1.000000 1.000000
2337.605225 0.000000 3194.995361 0.000000 0.935535 0.000000 0.353234 1.000000 1.000000 1.000000
2358.091309 0.000000 3149.529053 0.000000 0.978865 0.000000 0.204508 1.000000 1.000000 1.000000
2332.715820 0.000000 3180.130371 0.000000 0.882655 0.000000 0.470022 1.000000 1.000000 1.000000
2341.633789 0.000000 3195.242432 0.000000 0.950888 0.000000 0.309535 1.000000 1.000000 1.000000
2311.292480 0.000000 3198.483643 0.000000 0.879085 0.000000 0.476665 1.000000 1.000000 1.000000
2357.074463 0.000000 3166.264893 0.000000 0.874982 0.000000 0.484155 1.000000 1.000000 1.000000
2299.172363 0.000000 3230.266846 0.000000 0.014828 0.000000 0.999890 1.000000 1.000000 1.000000
2288.097168 0.000000 3233.631104 0.000000 0.737969 0.000000 0.674835 1.000000 1.000000 1.000000
2298.498535 0.000000 3232.720459 0.000000 0.274400 0.000000 0.961616 1.000000 1.000000 1.000000
2360.523926 0.000000 3149.683838 0.000000 0.663593 0.000000 0.748093 1.000000 1.000000 1.000000
2327.158203 0.000000 3196.344727 0.000000 0.487113 0.000000 0.873339 1.000000 1.000000 1.000000
2441.489502 0.000000 3089.966309 0.000000 0.013683 0.000000 0.999906 1.000000 1.000000 1.000000
2411.132080 0.000000 3116.237793 0.000000 0.970126 0.000000 0.242601 1.000000 1.000000 1.000000
2433.078125 0.000000 3130.229248 0.000000 0.918935 0.000000 0.394410 1.000000 1.000000 1.000000
2433.298340 0.000000 3108.913818 0.000000 0.999962 0.000000 0.008747 1.000000 1.000000 1.000000
2422.661133 0.000000 3134.152100 0.000000 0.866500 0.000000 0.499177 1.000000 1.000000 1.000000
2429.558105 0.000000 3122.066650 0.000000 0.433048 0.000000 0.901371 1.000000 1.000000 1.000000
2453.927490 0.000000 3060.550781 0.000000 0.815399 0.000000 0.578899 1.000000 1.000000 1.000000
2380.663574 0.000000 3141.480713 0.000000 0.780464 0.000000 0.625201 1.000000 1.000000 1.000000
2433.825928 0.000000 3088.425049 0.000000 0.211088 0.000000 0.977467 1.000000 1.000000 1.000000
2439.622559 0.000000 3110.728271 0.000000 0.916105 0.000000 0.400939 1.000000 1.000000 1.000000
2427.395752 0.000000 3109.140625 0.000000 0.896949 0.000000 0.442134 1.000000 1.000000 1.000000
2428.042725 0.000000 3089.089111 0.000000 0.999631 0.000000 0.027162 1.000000 1.000000 1.000000
2452.753906 0.000000 3092.946777 0.000000 0.261337 0.000000 0.965248 1.000000 1.000000 1.000000
2459.322021 0.000000 3059.763916 0.000000 0.991346 0.000000 0.131277 1.000000 1.000000 1.000000
2435.583496 0.000000 3113.160156 0.000000 0.527895 0.000000 0.849310 1.000000 1.000000 1.000000
2404.293701 0.000000 3133.112061 0.000000 0.092446 0.000000 0.995718 1.000000 1.000000 1.000000
2428.203125 0.000000 3078.954346 0.000000 0.386327 0.000000 0.922362 1.000000 1.000000 1.000000
2437.598389 0.000000 3078.276123 0.000000 0.007682 0.000000 0.999970 1.000000 1.000000 1.000000
2408.366211 0.000000 3133.332764 0.000000 0.994990 0.000000 0.099979 1.000000 1.000000 1.000000
2403.900391 0.000000 3139.167236 0.000000 0.326362 0.000000 0.945245 1.000000 1.000000 1.000000
2439.278809 0.000000 3101.563477 0.000000 0.943159 0.000000 0.332342 1.000000 1.000000 1.000000
2409.313477 0.000000 3124.586182 0.000000 0.999974 0.000000 0.007250 1.000000 1.000000 1.000000
2430.783203 0.000000 3086.541260 0.000000 0.975679 0.000000 0.219205 1.000000 1.000000 1.000000
2410.952637 0.000000 3120.889404 0.000000 0.934411 0.000000 0.356197 1.000000 1.000000 1.000000
2430.407959 0.000000 3129.218262 0.000000 0.995305 0.000000 0.096788 1.000000 1.000000 1.000000
2415.083496 0.000000 3116.958740 0.000000 0.867344 0.000000 0.497709 1.000000 1.000000 1.000000
2456.528564 0.000000 3059.595703 0.000000 0.643663 0.000000 0.765309 1.000000 1.000000 1.000000
2442.644531 0.000000 3087.521484 0.000000 0.915173 0.000000 0.403061 1.000000 1.000000 1.000000
2457.495117 0.000000 3072.392090 0.000000 0.914338 0.000000 0.404952 1.000000 1.000000 1.000000
2398.785400 0.000000 3137.667969 0.000000 0.469631 0.000000 0.882863 1.000000 1.000000 1.000000
2549.821045 0.000000 3140.310547 0.000000 0.145124 0.000000 0.989413 1.000000 1.000000 1.000000
2547.556152 0.000000 3125.869141 0.000000 0.470022 0.000000 0.882654 1.000000 1.000000 1.000000
2528.039551 0.000000 3146.199951 0.000000 0.633679 0.000000 0.773596 1.000000 1.000000 1.000000
2534.033447 0.000000 3142.892090 0.000000 0.522240 0.000000 0.852799 1.000000 1.000000 1.000000
2471.964355 0.000000 3080.756836 0.000000 0.631537 0.000000 0.775345 1.000000 1.000000 1.000000
2544.994385 0.000000 3128.214844 0.000000 0.200452 0.000000 0.979704 1.000000 1.000000 1.000000
2470.533447 0.000000 3067.174316 0.000000 0.039492 0.000000 0.999220 1.000000 1.000000 1.000000
2470.092041 0.000000 3074.178955 0.000000 0.729142 0.000000 0.684362 1.000000 1.000000 1.000000
2538.400146 0.000000 3127.794189 0.000000 0.932992 0.000000 0.359898 1.000000 1.000000 1.000000
2374.627441 0.000000 3171.330811 0.000000 0.342995 0.000000 0.939337 1.000000 1.000000 1.000000
2403.655273 0.000000 3195.006836 0.000000 0.929285 0.000000 0.369363 1.000000 1.000000 1.000000
2444.253418 0.000000 3150.077637 0.000000 0.996056 0.000000 0.088731 1.000000 1.000000 1.000000
2437.148193 0.000000 3207.841064 0.000000 0.054270 0.000000 0.998526 1.000000 1.000000 1.000000
2457.667969 0.000000 3185.780762 0.000000 0.956046 0.000000 0.293218 1.000000 1.000000 1.000000
2440.017578 0.000000 3164.720459 0.000000 0.999987 0.000000 0.005040 1.000000 1.000000 1.000000
2430.630859 0.000000 3184.272949 0.000000 0.179881 0.000000 0.983688 1.000000 1.000000 1.000000
2451.491699 0.000000 3158.599121 0.000000 0.982879 0.000000 0.184251 1.000000 1.000000 1.000000
2443.818115 0.000000 3158.188965 0.000000 0.828880 0.000000 0.559426 1.000000 1.000000 1.000000
2459.853760 0.000000 3161.405029 0.000000 0.933692 0.000000 0.358078 1.000000 1.000000 1.000000
2431.768311 0.000000 3191.637451 0.000000 0.964000 0.000000 0.265900 1.000000 1.000000 1.000000
2409.647461 0.000000 3199.144531 0.000000 0.702190 0.000000 0.711990 1.000000 1.000000 1.000000
2451.581055 0.000000 3165.262939 0.000000 0.164251 0.000000 0.986419 1.000000 1.000000 1.000000
2379.057373 0.000000 3187.684814 0.000000 0.829103 0.000000 0.559096 1.000000 1.000000 1.000000
2379.104004 0.000000 3160.562988 0.000000 0.407616 0.000000 0.913153 1.000000 1.000000 1.000000
2460.407959 0.000000 3200.073242 0.000000 0.997446 0.000000 0.071429 1.000000 1.000000 1.000000
2403.629150 0.000000 3237.523926 0.000000 0.244930 0.000000 0.969541 1.000000 1.000000 1.000000
2382.856934 0.000000 3222.100342 0.000000 0.161893 0.000000 0.986808 1.000000 1.000000 1.000000
2372.300537 0.000000 3167.740967 0.000000 0.174413 0.000000 0.984673 1.000000 1.000000 1.000000
2433.481445 0.000000 3187.378662 0.000000 0.813525 0.000000 0.581531 1.000000 1.000000 1.000000
2449.333496 0.000000 3149.529053 0.000000 0.093237 0.000000 0.995644 1.000000 1.000000 1.000000
2452.933594 0.000000 3154.452881 0.000000 0.911643 0.000000 0.410983 1.000000 1.000000 1.000000
2412.004395 0.000000 3172.829346 0.000000 0.988205 0.000000 0.153134 1.000000 1.000000 1.000000
2382.864014 0.000000 3225.421143 0.000000 0.999902 0.000000 0.013992 1.000000 1.000000 1.000000
2376.111572 0.000000 3158.340576 0.000000 0.627956 0.000000 0.778249 1.000000 1.000000 1.000000
2434.317627 0.000000 3184.534668 0.000000 0.699106 0.000000 0.715018 1.000000 1.000000 1.000000
2413.337158 0.000000 3192.412842 0.000000 0.719346 0.000000 0.694652 1.000000 1.000000 1.000000
2431.329102 0.000000 3186.402832 0.000000 0.038598 0.000000 0.999255 1.000000 1.000000 1.000000
2483.723877 0.000000 3182.349609 0.000000 0.426824 0.000000 0.904335 1.000000 1.000000 1.000000
2477.117676 0.000000 3173.537598 0.000000 0.602771 0.000000 0.797914 1.000000 1.000000 1.000000
2464.204590 0.000000 3192.002441 0.000000 0.967711 0.000000 0.252064 1.000000 1.000000 1.000000
2489.780762 0.000000 3177.521973 0.000000 0.929455 0.000000 0.368937 1.000000 1.000000 1.000000
2505.134521 0.000000 3156.433838 0.000000 0.330765 0.000000 0.943713 1.000000 1.000000 1.000000
2511.380859 0.000000 3157.451904 0.000000 0.526136 0.000000 0.850400 1.000000 1.000000 1.000000
2467.744629 0.000000 3196.289551 0.000000 0.864170 0.000000 0.503200 1.000000 1.000000 1.000000
2486.669678 0.000000 3185.816895 0.000000 0.984470 0.000000 0.175553 1.000000 1.000000 1.000000
2495.511719 0.000000 3163.476807 0.000000 0.092521 0.000000 0.995711 1.000000 1.000000 1.000000
2497.391846 0.000000 3161.249756 0.000000 0.995475 0.000000 0.095022 1.000000 1.000000 1.000000
2700.194336 0.000000 3052.412354 0.000000 0.082356 0.000000 0.996603 1.000000 1.000000 1.000000
2713.744141 0.000000 2984.751709 0.000000 0.356422 0.000000 0.934325 1.000000 1.000000 1.000000
2681.121338 0.000000 3039.486572 0.000000 0.741520 0.000000 0.670930 1.000000 1.000000 1.000000
2706.804688 0.000000 3040.244873 0.000000 0.109134 0.000000 0.994027 1.000000 1.000000 1.000000
2721.078125 0.000000 2989.767090 0.000000 0.244337 0.000000 0.969690 1.000000 1.000000 1.000000
2733.840088 0.000000 2997.278076 0.000000 0.796488 0.000000 0.604654 1.000000 1.000000 1.000000
2692.796875 0.000000 3055.795166 0.000000 0.738888 0.000000 0.673828 1.000000 1.000000 1.000000
2702.836182 0.000000 3046.000244 0.000000 0.976575 0.000000 0.215179 1.000000 1.000000 1.000000
2715.300293 0.000000 3057.097168 0.000000 0.683235 0.000000 0.730199 1.000000 1.000000 1.000000
2685.285156 0.000000 3037.930664 0.000000 0.264107 0.000000 0.964494 1.000000 1.000000 1.000000
2702.760742 0.000000 3042.020996 0.000000 0.389266 0.000000 0.921126 1.000000 1.000000 1.000000
2726.660156 0.000000 2974.484131 0.000000 0.653436 0.000000 0.756982 1.000000 1.000000 1.000000
2685.373291 0.000000 3041.580322 0.000000 0.999970 0.000000 0.007712 1.000000 1.000000 1.000000
2714.562988 0.000000 3037.022461 0.000000 0.688050 0.000000 0.725663 1.000000 1.000000 1.000000
2731.188232 0.000000 2997.840820 0.000000 0.305412 0.000000 0.952220 1.000000 1.000000 1.000000
2733.057861 0.000000 2999.983154 0.000000 0.983233 0.000000 0.182355 1.000000 1.000000 1.000000
2717.418213 0.000000 3032.391357 0.000000 0.655211 0.000000 0.755446 1.000000 1.000000 1.000000
2710.143311 0.000000 3036.742676 0.000000 0.250767 0.000000 0.968047 1.000000 1.000000 1.000000
2701.210938 0.000000 3047.258545 0.000000 0.099203 0.000000 0.995067 1.000000 1.000000 1.000000
2683.661865 0.000000 3036.797852 0.000000 0.391980 0.000000 0.919974 1.000000 1.000000 1.000000
2700.921875 0.000000 3042.565918 0.000000 0.974290 0.000000 0.225296 1.000000 1.000000 1.000000
2688.850098 0.000000 2980.423096 0.000000 0.169727 0.000000 0.985491 1.000000 1.000000 1.000000
2730.370361 0.000000 3002.007080 0.000000 0.994188 0.000000 0.107661 1.000000 1.000000 1.000000
2732.700439 0.000000 2998.387207 0.000000 0.525981 0.000000 0.850496 1.000000 1.000000 1.000000
2731.852051 0.000000 3000.991211 0.000000 0.023554 0.000000 0.999723 1.000000 1.000000 1.000000
2701.464111 0.000000 3045.564941 0.000000 0.817876 0.000000 0.575394 1.000000 1.000000 1.000000
2732.486572 0.000000 2996.953613 0.000000 0.681715 0.000000 0.731618 1.000000 1.000000 1.000000
2702.940186 0.000000 3043.311523 0.000000 0.755097 0.000000 0.655614 1.000000 1.000000 1.000000
2758.841553 0.000000 2943.136475 0.000000 0.195760 0.000000 0.980652 1.000000 1.000000 1.000000
2747.325195 0.000000 2946.937988 0.000000 0.687477 0.000000 0.726206 1.000000 1.000000 1.000000
2769.401123 0.000000 2931.499756 0.000000 0.685385 0.000000 0.728181 1.000000 1.000000 1.000000
2747.825684 0.000000 2952.147217 0.000000 0.263616 0.000000 0.964628 1.000000 1.000000 1.000000
2758.349121 0.000000 2931.686523 0.000000 0.401610 0.000000 0.915811 1.000000 1.000000 1.000000
2750.182129 0.000000 2953.595703 0.000000 0.930715 0.000000 0.365746 1.000000 1.000000 1.000000
2749.550293 0.000000 2947.116943 0.000000 0.746776 0.000000 0.665075 1.000000 1.000000 1.000000
2761.069580 0.000000 2942.981689 0.000000 0.924375 0.000000 0.381484 1.000000 1.000000 1.000000
2804.821045 0.000000 2966.191895 0.000000 0.395902 0.000000 0.918293 1.000000 1.000000 1.000000
2760.996826 0.000000 2949.577637 0.000000 0.153316 0.000000 0.988177 1.000000 1.000000 1.000000
2826.121582 0.000000 2892.383545 0.000000 0.973643 0.000000 0.228078 1.000000 1.000000 1.000000
2749.251465 0.000000 2952.436035 0.000000 0.470463 0.000000 0.882420 1.000000 1.000000 1.000000
2829.977051 0.000000 2957.984863 0.000000 0.900755 0.000000 0.434328 1.000000 1.000000 1.000000
2832.271973 0.000000 2954.887939 0.000000 0.871863 0.000000 0.489750 1.000000 1.000000 1.000000
2760.419922 0.000000 2987.603027 0.000000 0.808691 0.000000 0.588234 1.000000 1.000000 1.000000
2744.061035 0.000000 2997.938965 0.000000 0.646276 0.000000 0.763104 1.000000 1.000000 1.000000
2748.512451 0.000000 2997.174316 0.000000 0.477326 0.000000 0.878726 1.000000 1.000000 1.000000
2814.302246 0.000000 2969.560303 0.000000 0.619140 0.000000 0.785280 1.000000 1.000000 1.000000
2746.470459 0.000000 2994.173096 0.000000 0.935157 0.000000 0.354234 1.000000 1.000000 1.000000
2738.528564 0.000000 2976.792725 0.000000 0.551648 0.000000 0.834077 1.000000 1.000000 1.000000
2739.918457 0.000000 2972.895996 0.000000 0.983462 0.000000 0.181115 1.000000 1.000000 1.000000
2758.898438 0.000000 2985.434082 0.000000 0.317091 0.000000 0.948395 1.000000 1.000000 1.000000
2755.592285 0.000000 2982.578369 0.000000 0.917339 0.000000 0.398107 1.000000 1.000000 1.000000
2746.550781 0.000000 2996.481201 0.000000 0.627362 0.000000 0.778727 1.000000 1.000000 1.000000
2739.688477 0.000000 2975.004150 0.000000 0.687646 0.000000 0.726046 1.000000 1.000000 1.000000
2742.618652 0.000000 2973.410400 0.000000 0.999758 0.000000 0.022017 1.000000 1.000000 1.000000
2743.561768 0.000000 2975.399170 0.000000 0.190022 0.000000 0.981780 1.000000 1.000000 1.000000
2737.333984 0.000000 2975.797852 0.000000 0.218480 0.000000 0.975841 1.000000 1.000000 1.000000
2743.436279 0.000000 2995.102295 0.000000 0.988697 0.000000 0.149925 1.000000 1.000000 1.000000
2853.320068 0.000000 3043.089355 0.000000 0.275672 0.000000 0.961252 1.000000 1.000000 1.000000
2848.536133 0.000000 3047.773193 0.000000 0.341584 0.000000 0.939851 1.000000 1.000000 1.000000
2843.562012 0.000000 2999.302246 0.000000 0.909095 0.000000 0.416590 1.000000 1.000000 1.000000
2851.704834 0.000000 3023.611572 0.000000 0.365504 0.000000 0.930810 1.000000 1.000000 1.000000
2832.713379 0.000000 3016.320801 0.000000 0.512289 0.000000 0.858813 1.000000 1.000000 1.000000
2839.754639 0.000000 2997.174316 0.000000 0.842265 0.000000 0.539063 1.000000 1.000000 1.000000
2868.215332 0.000000 2992.860596 0.000000 0.254838 0.000000 0.966984 1.000000 1.000000 1.000000
2854.846680 0.000000 3040.066162 0.000000 0.451733 0.000000 0.892153 1.000000 1.000000 1.000000
2831.307861 0.000000 3013.860596 0.000000 0.834120 0.000000 0.551583 1.000000 1.000000 1.000000
2879.715576 0.000000 3004.354492 0.000000 0.750157 0.000000 0.661260 1.000000 1.000000 1.000000
2840.958740 0.000000 2999.361328 0.000000 0.372280 0.000000 0.928120 1.000000 1.000000 1.000000
2875.447510 0.000000 3007.552979 0.000000 0.968690 0.000000 0.248274 1.000000 1.000000 1.000000
2828.952637 0.000000 3014.433838 0.000000 0.670326 0.000000 0.742067 1.000000 1.000000 1.000000
2868.107178 0.000000 2995.685791 0.000000 0.832313 0.000000 0.554305 1.000000 1.000000 1.000000
2853.724609 0.000000 3021.050781 0.000000 0.967925 0.000000 0.251240 1.000000 1.000000 1.000000
2848.348389 0.000000 3045.228271 0.000000 0.363669 0.000000 0.931528 1.000000 1.000000 1.000000
2830.744873 0.000000 3015.819824 0.000000 0.031171 0.000000 0.999514 1.000000 1.000000 1.000000
2856.722168 0.000000 3040.785889 0.000000 0.105382 0.000000 0.994432 1.000000 1.000000 1.000000
2833.209961 0.000000 3017.973633 0.000000 0.990975 0.000000 0.134046 1.000000 1.000000 1.000000
2874.298828 0.000000 3006.301514 0.000000 0.843332 0.000000 0.537393 1.000000 1.000000 1.000000
2839.340332 0.000000 2998.817871 0.000000 0.826354 0.000000 0.563151 1.000000 1.000000 1.000000
2865.793945 0.000000 3026.740723 0.000000 0.998953 0.000000 0.045759 1.000000 1.000000 1.000000
2829.162109 0.000000 3015.962891 0.000000 0.394804 0.000000 0.918765 1.000000 1.000000 1.000000
2842.258301 0.000000 2998.766113 0.000000 0.980795 0.000000 0.195043 1.000000 1.000000 1.000000
2847.692383 0.000000 3046.512939 0.000000 0.861278 0.000000 0.508133 1.000000 1.000000 1.000000
2640.152344 0.000000 3095.796387 0.000000 0.450956 0.000000 0.892546 1.000000 1.000000 1.000000
2639.936035 0.000000 3099.773193 0.000000 0.530313 0.000000 0.847802 1.000000 1.000000 1.000000
2631.961670 0.000000 3107.287109 0.000000 0.769486 0.000000 0.638663 1.000000 1.000000 1.000000
2638.569580 0.000000 3097.987549 0.000000 0.640874 0.000000 0.767646 1.000000 1.000000 1.000000
2630.837891 0.000000 3106.457031 0.000000 0.873564 0.000000 0.486709 1.000000 1.000000 1.000000
2663.898926 0.000000 3116.395020 0.000000 0.768536 0.000000 0.639806 1.000000 1.000000 1.000000
2646.033447 0.000000 3087.620850 0.000000 0.169866 0.000000 0.985467 1.000000 1.000000 1.000000
2667.756348 0.000000 3118.418457 0.000000 0.978305 0.000000 0.207169 1.000000 1.000000 1.000000
2691.161865 0.000000 3064.773682 0.000000 0.294916 0.000000 0.955523 1.000000 1.000000 1.000000
2655.267578 0.000000 3110.074707 0.000000 0.992716 0.000000 0.120482 1.000000 1.000000 1.000000
2691.536377 0.000000 3062.178711 0.000000 0.999338 0.000000 0.036372 1.000000 1.000000 1.000000
2665.388184 0.000000 3118.291016 0.000000 0.412151 0.000000 0.911115 1.000000 1.000000 1.000000
2659.782959 0.000000 3103.174072 0.000000 0.857825 0.000000 0.513941 1.000000 1.000000 1.000000
2658.405762 0.000000 3121.182129 0.000000 0.235438 0.000000 0.971889 1.000000 1.000000 1.000000
2660.740234 0.000000 3120.619629 0.000000 0.867177 0.000000 0.498000 1.000000 1.000000 1.000000
2654.111084 0.000000 3110.947021 0.000000 0.503050 0.000000 0.864257 1.000000 1.000000 1.000000
2661.771973 0.000000 3121.437500 0.000000 0.676627 0.000000 0.736326 1.000000 1.000000 1.000000
2619.632568 0.000000 3207.841064 0.000000 0.900757 0.000000 0.434324 1.000000 1.000000 1.000000
2627.648193 0.000000 3204.183838 0.000000 0.794676 0.000000 0.607034 1.000000 1.000000 1.000000
2620.454346 0.000000 3214.941895 0.000000 0.397922 0.000000 0.917419 1.000000 1.000000 1.000000
2643.280762 0.000000 3190.002197 0.000000 0.871597 0.000000 0.490223 1.000000 1.000000 1.000000
2645.998291 0.000000 3196.670410 0.000000 0.704365 0.000000 0.709838 1.000000 1.000000 1.000000
2630.801025 0.000000 3166.264893 0.000000 0.903971 0.000000 0.427594 1.000000 1.000000 1.000000
2617.459229 0.000000 3205.968018 0.000000 0.215338 0.000000 0.976539 1.000000 1.000000 1.000000
2622.820557 0.000000 3172.745361 0.000000 0.571692 0.000000 0.820469 1.000000 1.000000 1.000000
2631.054688 0.000000 3171.691650 0.000000 0.901858 0.000000 0.432033 1.000000 1.000000 1.000000
2644.470703 0.000000 3195.147949 0.000000 0.064906 0.000000 0.997891 1.000000 1.000000 1.000000
2627.005371 0.000000 3177.107178 0.000000 0.830068 0.000000 0.557661 1.000000 1.000000 1.000000
2731.394531 0.000000 3185.780762 0.000000 0.982866 0.000000 0.184323 1.000000 1.000000 1.000000
2707.024902 0.000000 3198.898193 0.000000 0.603490 0.000000 0.797371 1.000000 1.000000 1.000000
2664.246094 0.000000 3159.869873 0.000000 0.788400 0.000000 0.615163 1.000000 1.000000 1.000000
2705.285400 0.000000 3165.207764 0.000000 0.351557 0.000000 0.936166 1.000000 1.000000 1.000000
2683.441162 0.000000 3175.667969 0.000000 0.007966 0.000000 0.999968 1.000000 1.000000 1.000000
2693.715576 0.000000 3189.680420 0.000000 0.660569 0.000000 0.750766 1.000000 1.000000 1.000000
2661.883545 0.000000 3154.847168 0.000000 0.272707 0.000000 0.962097 1.000000 1.000000 1.000000
2734.801025 0.000000 3182.045898 0.000000 0.459585 0.000000 0.888134 1.000000 1.000000 1.000000
2680.153076 0.000000 3168.121094 0.000000 0.814748 0.000000 0.579815 1.000000 1.000000 1.000000
2701.929688 0.000000 3168.938721 0.000000 0.322343 0.000000 0.946623 1.000000 1.000000 1.000000
2676.824707 0.000000 3169.502686 0.000000 0.913081 0.000000 0.407779 1.000000 1.000000 1.000000
2736.082520 0.000000 3179.457031 0.000000 0.995836 0.000000 0.091159 1.000000 1.000000 1.000000
2731.188232 0.000000 3177.809570 0.000000 0.533079 0.000000 0.846066 1.000000 1.000000 1.000000
2718.397461 0.000000 3169.481934 0.000000 0.246011 0.000000 0.969267 1.000000 1.000000 1.000000
2658.474365 0.000000 3179.330078 0.000000 0.912690 0.000000 0.408653 1.000000 1.000000 1.000000
2667.656250 0.000000 3165.402832 0.000000 0.582865 0.000000 0.812569 1.000000 1.000000 1.000000
2666.365479 0.000000 3156.600098 0.000000 0.649629 0.000000 0.760251 1.000000 1.000000 1.000000
2663.754150 0.000000 3154.714111 0.000000 0.999387 0.000000 0.035009 1.000000 1.000000 1.000000
2660.312500 0.000000 3155.795654 0.000000 0.561819 0.000000 0.827260 1.000000 1.000000 1.000000
2719.611328 0.000000 3170.722168 0.000000 0.895428 0.000000 0.445206 1.000000 1.000000 1.000000
2665.232666 0.000000 3157.027344 0.000000 0.406571 0.000000 0.913619 1.000000 1.000000 1.000000
2789.332031 0.000000 3103.694824 0.000000 0.983377 0.000000 0.181573 1.000000 1.000000 1.000000
2795.599609 0.000000 3094.288574 0.000000 0.989737 0.000000 0.142901 1.000000 1.000000 1.000000
2762.989990 0.000000 3120.072266 0.000000 0.880237 0.000000 0.474534 1.000000 1.000000 1.000000
2770.638184 0.000000 3116.279541 0.000000 0.997186 0.000000 0.074969 1.000000 1.000000 1.000000
2790.940918 0.000000 3093.231201 0.000000 0.512082 0.000000 0.858937 1.000000 1.000000 1.000000
2793.816162 0.000000 3105.010986 0.000000 0.974997 0.000000 0.222219 1.000000 1.000000 1.000000
2768.358154 0.000000 3119.786377 0.000000 0.977913 0.000000 0.209013 1.000000 1.000000 1.000000
2773.334961 0.000000 3133.332764 0.000000 0.451498 0.000000 0.892272 1.000000 1.000000 1.000000
2810.053711 0.000000 3105.692627 0.000000 0.540171 0.000000 0.841555 1.000000 1.000000 1.000000
2795.297607 0.000000 3107.680420 0.000000 0.963129 0.000000 0.269041 1.000000 1.000000 1.000000
2805.559814 0.000000 3078.303467 0.000000 0.296781 0.000000 0.954946 1.000000 1.000000 1.000000
2769.518066 0.000000 3128.450928 0.000000 0.786626 0.000000 0.617430 1.000000 1.000000 1.000000
2765.649902 0.000000 3118.557861 0.000000 0.953864 0.000000 0.300241 1.000000 1.000000 1.000000
2767.851562 0.000000 3117.004639 0.000000 0.996617 0.000000 0.082181 1.000000 1.000000 1.000000
2770.708252 0.000000 3118.839600 0.000000 0.924779 0.000000 0.380504 1.000000 1.000000 1.000000
2795.994629 0.000000 3104.230225 0.000000 0.217491 0.000000 0.976062 1.000000 1.000000 1.000000
2780.717529 0.000000 3091.245361 0.000000 0.986967 0.000000 0.160925 1.000000 1.000000 1.000000
2795.412109 0.000000 3105.898926 0.000000 0.303333 0.000000 0.952884 1.000000 1.000000 1.000000
2769.479492 0.000000 3117.628662 0.000000 0.971300 0.000000 0.237857 1.000000 1.000000 1.000000
2764.649658 0.000000 3119.937012 0.000000 0.540687 0.000000 0.841224 1.000000 1.000000 1.000000
2767.622803 0.000000 3118.476074 0.000000 0.556873 0.000000 0.830598 1.000000 1.000000 1.000000
2768.669434 0.000000 3118.286133 0.000000 0.066060 0.000000 0.997816 1.000000 1.000000 1.000000
2845.890625 0.000000 3129.182129 0.000000 0.144269 0.000000 0.989538 1.000000 1.000000 1.000000
2841.269287 0.000000 3146.746582 0.000000 0.708433 0.000000 0.705778 1.000000 1.000000 1.000000
2868.081299 0.000000 3135.255859 0.000000 0.963912 0.000000 0.266219 1.000000 1.000000 1.000000
2873.886963 0.000000 3131.059082 0.000000 0.999076 0.000000 0.042970 1.000000 1.000000 1.000000
2873.016113 0.000000 3133.470947 0.000000 0.390323 0.000000 0.920678 1.000000 1.000000 1.000000
2875.616211 0.000000 3131.536133 0.000000 0.479370 0.000000 0.877613 1.000000 1.000000 1.000000
2806.458252 0.000000 3179.950684 0.000000 0.984688 0.000000 0.174324 1.000000 1.000000 1.000000
2807.091553 0.000000 3194.268555 0.000000 0.298856 0.000000 0.954298 1.000000 1.000000 1.000000
2770.901367 0.000000 3182.139893 0.000000 0.985547 0.000000 0.169402 1.000000 1.000000 1.000000
2738.334473 0.000000 3160.062744 0.000000 0.925864 0.000000 0.377857 1.000000 1.000000 1.000000
2813.164795 0.000000 3186.946533 0.000000 0.953214 0.000000 0.302297 1.000000 1.000000 1.000000
2824.771729 0.000000 3208.503418 0.000000 0.346348 0.000000 0.938106 1.000000 1.000000 1.000000
2793.171143 0.000000 3151.596436 0.000000 0.173728 0.000000 0.984794 1.000000 1.000000 1.000000
2772.249512 0.000000 3156.474121 0.000000 0.788760 0.000000 0.614701 1.000000 1.000000 1.000000
2810.695312 0.000000 3175.614990 0.000000 0.939481 0.000000 0.342601 1.000000 1.000000 1.000000
2812.055420 0.000000 3181.221191 0.000000 0.948249 0.000000 0.317529 1.000000 1.000000 1.000000
2796.969727 0.000000 3233.281982 0.000000 0.814287 0.000000 0.580462 1.000000 1.000000 1.000000
2783.558105 0.000000 3168.690674 0.000000 0.999984 0.000000 0.005625 1.000000 1.000000 1.000000
2808.152100 0.000000 3185.062500 0.000000 0.286408 0.000000 0.958108 1.000000 1.000000 1.000000
2825.765137 0.000000 3190.002197 0.000000 0.995323 0.000000 0.096599 1.000000 1.000000 1.000000
2820.815186 0.000000 3211.240723 0.000000 0.904924 0.000000 0.425574 1.000000 1.000000 1.000000
2820.010498 0.000000 3161.721191 0.000000 0.779478 0.000000 0.626429 1.000000 1.000000 1.000000
2798.503418 0.000000 3174.151367 0.000000 0.950764 0.000000 0.309915 1.000000 1.000000 1.000000
2768.281738 0.000000 3185.016602 0.000000 0.072877 0.000000 0.997341 1.000000 1.000000 1.000000
2737.336670 0.000000 3163.721436 0.000000 0.844779 0.000000 0.535116 1.000000 1.000000 1.000000
2781.956787 0.000000 3191.840820 0.000000 0.972232 0.000000 0.234018 1.000000 1.000000 1.000000
2818.170898 0.000000 3213.754883 0.000000 0.884754 0.000000 0.466059 1.000000 1.000000 1.000000
2827.358398 0.000000 3192.990479 0.000000 0.444191 0.000000 0.895932 1.000000 1.000000 1.000000
2785.161377 0.000000 3160.693604 0.000000 0.933804 0.000000 0.357784 1.000000 1.000000 1.000000
2772.117188 0.000000 3185.259277 0.000000 0.170919 0.000000 0.985285 1.000000 1.000000 1.000000
2816.151855 0.000000 3202.229980 0.000000 0.879989 0.000000 0.474994 1.000000 1.000000 1.000000
2803.668945 0.000000 3180.592285 0.000000 0.683892 0.000000 0.729583 1.000000 1.000000 1.000000
2818.187012 0.000000 3180.153809 0.000000 0.204692 0.000000 0.978826 1.000000 1.000000 1.000000
2827.324707 0.000000 3179.457031 0.000000 0.404271 0.000000 0.914639 1.000000 1.000000 1.000000
2784.293213 0.000000 3184.969482 0.000000 0.799121 0.000000 0.601170 1.000000 1.000000 1.000000
2822.655762 0.000000 3213.639648 0.000000 0.792615 0.000000 0.609722 1.000000 1.000000 1.000000
2781.267822 0.000000 3156.874023 0.000000 0.671081 0.000000 0.741384 1.000000 1.000000 1.000000
2797.653076 0.000000 3151.528320 0.000000 0.309389 0.000000 0.950936 1.000000 1.000000 1.000000
2784.205322 0.000000 3187.521729 0.000000 0.829104 0.000000 0.559094 1.000000 1.000000 1.000000
2782.697510 0.000000 3161.079346 0.000000 0.917877 0.000000 0.396865 1.000000 1.000000 1.000000
2827.666992 0.000000 3177.480713 0.000000 0.481800 0.000000 0.876281 1.000000 1.000000 1.000000
2806.152344 0.000000 3184.971680 0.000000 0.545521 0.000000 0.838097 1.000000 1.000000 1.000000
2783.271973 0.000000 3190.501221 0.000000 0.985899 0.000000 0.167344 1.000000 1.000000 1.000000
2812.645020 0.000000 3175.521729 0.000000 0.999713 0.000000 0.023940 1.000000 1.000000 1.000000
2795.162354 0.000000 3233.552734 0.000000 0.150474 0.000000 0.988614 1.000000 1.000000 1.000000
2796.644287 0.000000 3150.919189 0.000000 0.929933 0.000000 0.367730 1.000000 1.000000 1.000000
2893.359131 0.000000 3207.841064 0.000000 0.463707 0.000000 0.885988 1.000000 1.000000 1.000000
2863.605713 0.000000 3219.455322 0.000000 0.420031 0.000000 0.907510 1.000000 1.000000 1.000000
2886.841797 0.000000 3184.272949 0.000000 0.632833 0.000000 0.774289 1.000000 1.000000 1.000000
2901.374756 0.000000 3204.183838 0.000000 0.946435 0.000000 0.322894 1.000000 1.000000 1.000000
2829.173340 0.000000 3192.002441 0.000000 0.241402 0.000000 0.970425 1.000000 1.000000 1.000000
2894.152588 0.000000 3187.284912 0.000000 0.333867 0.000000 0.942620 1.000000 1.000000 1.000000
2871.383789 0.000000 3221.119385 0.000000 0.999978 0.000000 0.006627 1.000000 1.000000 1.000000
2854.749512 0.000000 3177.521973 0.000000 0.204159 0.000000 0.978938 1.000000 1.000000 1.000000
2875.281250 0.000000 3235.763916 0.000000 0.333548 0.000000 0.942733 1.000000 1.000000 1.000000
2863.491699 0.000000 3156.474121 0.000000 0.974020 0.000000 0.226463 1.000000 1.000000 1.000000
2854.939453 0.000000 3171.964844 0.000000 0.559717 0.000000 0.828683 1.000000 1.000000 1.000000
2870.424805 0.000000 3238.749023 0.000000 0.220372 0.000000 0.975416 1.000000 1.000000 1.000000
2869.203125 0.000000 3164.669922 0.000000 0.288579 0.000000 0.957456 1.000000 1.000000 1.000000
2917.007324 0.000000 3190.002197 0.000000 0.481343 0.000000 0.876532 1.000000 1.000000 1.000000
2862.637451 0.000000 3168.121094 0.000000 0.232516 0.000000 0.972593 1.000000 1.000000 1.000000
2870.798340 0.000000 3234.567627 0.000000 0.948369 0.000000 0.317168 1.000000 1.000000 1.000000
2834.328613 0.000000 3173.863770 0.000000 0.832107 0.000000 0.554614 1.000000 1.000000 1.000000
2873.655518 0.000000 3232.169189 0.000000 0.073335 0.000000 0.997307 1.000000 1.000000 1.000000
2880.168945 0.000000 3180.130371 0.000000 0.381322 0.000000 0.924442 1.000000 1.000000 1.000000
2848.117432 0.000000 3168.069092 0.000000 0.687773 0.000000 0.725926 1.000000 1.000000 1.000000
2855.571533 0.000000 3168.449463 0.000000 0.367910 0.000000 0.929861 1.000000 1.000000 1.000000
2864.214600 0.000000 3159.560303 0.000000 0.920095 0.000000 0.391694 1.000000 1.000000 1.000000
2899.636963 0.000000 3206.787842 0.000000 0.765961 0.000000 0.642887 1.000000 1.000000 1.000000
2849.838135 0.000000 3179.921387 0.000000 0.953644 0.000000 0.300939 1.000000 1.000000 1.000000
2835.833008 0.000000 3217.246338 0.000000 0.990246 0.000000 0.139333 1.000000 1.000000 1.000000
2873.161621 0.000000 3234.781982 0.000000 0.852790 0.000000 0.522255 1.000000 1.000000 1.000000
2849.002686 0.000000 3176.092529 0.000000 0.996831 0.000000 0.079550 1.000000 1.000000 1.000000
2869.540283 0.000000 3220.343994 0.000000 0.920990 0.000000 0.389586 1.000000 1.000000 1.000000
2875.619873 0.000000 3231.526123 0.000000 0.999704 0.000000 0.024337 1.000000 1.000000 1.000000
2864.079102 0.000000 3166.740234 0.000000 0.846502 0.000000 0.532385 1.000000 1.000000 1.000000
2856.277588 0.000000 3176.284912 0.000000 0.339173 0.000000 0.940724 1.000000 1.000000 1.000000
2887.019531 0.000000 3182.226807 0.000000 0.586552 0.000000 0.809912 1.000000 1.000000 1.000000
2879.148682 0.000000 3178.415283 0.000000 0.103758 0.000000 0.994603 1.000000 1.000000 1.000000
2897.784424 0.000000 3206.780762 0.000000 0.099982 0.000000 0.994989 1.000000 1.000000 1.000000
2860.711914 0.000000 3216.620605 0.000000 0.741748 0.000000 0.670678 1.000000 1.000000 1.000000
2849.535156 0.000000 3178.285645 0.000000 0.131431 0.000000 0.991325 1.000000 1.000000 1.000000
2890.686523 0.000000 3186.134766 0.000000 0.491344 0.000000 0.870965 1.000000 1.000000 1.000000
2871.927979 0.000000 3238.503174 0.000000 0.169934 0.000000 0.985455 1.000000 1.000000 1.000000
2259.005127 0.000000 3269.935059 0.000000 0.387448 0.000000 0.921892 1.000000 1.000000 1.000000
2209.891602 0.000000 3288.850098 0.000000 0.284289 0.000000 0.958739 1.000000 1.000000 1.000000
2214.624756 0.000000 3313.042480 0.000000 0.533656 0.000000 0.845702 1.000000 1.000000 1.000000
2250.813965 0.000000 3288.882568 0.000000 0.909457 0.000000 0.415798 1.000000 1.000000 1.000000
2199.421631 0.000000 3255.093018 0.000000 0.544170 0.000000 0.838975 1.000000 1.000000 1.000000
2226.330811 0.000000 3325.583740 0.000000 0.997757 0.000000 0.066946 1.000000 1.000000 1.000000
2228.333984 0.000000 3259.309814 0.000000 0.837266 0.000000 0.546795 1.000000 1.000000 1.000000
2189.822510 0.000000 3267.589600 0.000000 0.105858 0.000000 0.994381 1.000000 1.000000 1.000000
2216.697266 0.000000 3289.484863 0.000000 0.951823 0.000000 0.306647 1.000000 1.000000 1.000000
2227.230225 0.000000 3265.652344 0.000000 0.999968 0.000000 0.007950 1.000000 1.000000 1.000000
2269.096680 0.000000 3255.247314 0.000000 0.062928 0.000000 0.998018 1.000000 1.000000 1.000000
2224.745117 0.000000 3300.993652 0.000000 0.989465 0.000000 0.144775 1.000000 1.000000 1.000000
2230.959473 0.000000 3285.201416 0.000000 0.152079 0.000000 0.988368 1.000000 1.000000 1.000000
2227.886719 0.000000 3275.026855 0.000000 0.990725 0.000000 0.135883 1.000000 1.000000 1.000000
2226.072998 0.000000 3284.046387 0.000000 0.048016 0.000000 0.998847 1.000000 1.000000 1.000000
2278.590088 0.000000 3272.030273 0.000000 0.151112 0.000000 0.988517 1.000000 1.000000 1.000000
2202.841553 0.000000 3284.872803 0.000000 0.006878 0.000000 0.999976 1.000000 1.000000 1.000000
2212.943115 0.000000 3275.801270 0.000000 0.625661 0.000000 0.780095 1.000000 1.000000 1.000000
2209.038330 0.000000 3268.114258 0.000000 0.999484 0.000000 0.032121 1.000000 1.000000 1.000000
2250.997070 0.000000 3277.363037 0.000000 0.315112 0.000000 0.949055 1.000000 1.000000 1.000000
2202.234131 0.000000 3259.557129 0.000000 0.235512 0.000000 0.971871 1.000000 1.000000 1.000000
2194.693115 0.000000 3281.618408 0.000000 0.265261 0.000000 0.964177 1.000000 1.000000 1.000000
2196.572754 0.000000 3297.887939 0.000000 0.028441 0.000000 0.999595 1.000000 1.000000 1.000000
2193.261963 0.000000 3266.474854 0.000000 0.970201 0.000000 0.242300 1.000000 1.000000 1.000000
2267.932129 0.000000 3251.975342 0.000000 0.688830 0.000000 0.724922 1.000000 1.000000 1.000000
2190.113037 0.000000 3264.146240 0.000000 0.109156 0.000000 0.994025 1.000000 1.000000 1.000000
2274.926514 0.000000 3249.042480 0.000000 0.455341 0.000000 0.890317 1.000000 1.000000 1.000000
2269.257568 0.000000 3328.027100 0.000000 0.978205 0.000000 0.207641 1.000000 1.000000 1.000000
2228.071045 0.000000 3286.273438 0.000000 0.435381 0.000000 0.900247 1.000000 1.000000 1.000000
2207.807617 0.000000 3246.895752 0.000000 0.852676 0.000000 0.522440 1.000000 1.000000 1.000000
2256.215820 0.000000 3270.576660 0.000000 0.162750 0.000000 0.986667 1.000000 1.000000 1.000000
2198.917969 0.000000 3252.334229 0.000000 0.130582 0.000000 0.991437 1.000000 1.000000 1.000000
2205.325928 0.000000 3249.645508 0.000000 0.976228 0.000000 0.216747 1.000000 1.000000 1.000000
2211.142822 0.000000 3269.905762 0.000000 0.782243 0.000000 0.622973 1.000000 1.000000 1.000000
2207.392822 0.000000 3289.795166 0.000000 0.913378 0.000000 0.407112 1.000000 1.000000 1.000000
2226.437988 0.000000 3295.321045 0.000000 0.709871 0.000000 0.704332 1.000000 1.000000 1.000000
2226.002441 0.000000 3259.401611 0.000000 0.399347 0.000000 0.916800 1.000000 1.000000 1.000000
2200.377197 0.000000 3321.189453 0.000000 0.242468 0.000000 0.970160 1.000000 1.000000 1.000000
2227.484131 0.000000 3263.515137 0.000000 0.084477 0.000000 0.996425 1.000000 1.000000 1.000000
2200.931885 0.000000 3325.241455 0.000000 0.179314 0.000000 0.983792 1.000000 1.000000 1.000000
2227.770996 0.000000 3261.426270 0.000000 0.877977 0.000000 0.478704 1.000000 1.000000 1.000000
2198.077148 0.000000 3296.463379 0.000000 0.691229 0.000000 0.722636 1.000000 1.000000 1.000000
2195.263916 0.000000 3266.250488 0.000000 0.190031 0.000000 0.981778 1.000000 1.000000 1.000000
2200.528320 0.000000 3323.912842 0.000000 0.664438 0.000000 0.747344 1.000000 1.000000 1.000000
2283.016602 0.000000 3274.039307 0.000000 0.832876 0.000000 0.553459 1.000000 1.000000 1.000000
2332.825439 0.000000 3257.524170 0.000000 0.921091 0.000000 0.389347 1.000000 1.000000 1.000000
2293.853516 0.000000 3289.414795 0.000000 0.978710 0.000000 0.205248 1.000000 1.000000 1.000000
2298.437500 0.000000 3309.150879 0.000000 0.342086 0.000000 0.939669 1.000000 1.000000 1.000000
2293.816162 0.000000 3326.715332 0.000000 0.944875 0.000000 0.327430 1.000000 1.000000 1.000000
2360.338867 0.000000 3255.247314 0.000000 0.327543 0.000000 0.944836 1.000000 1.000000 1.000000
2304.251709 0.000000 3293.564697 0.000000 0.981753 0.000000 0.190160 1.000000 1.000000 1.000000
2296.914795 0.000000 3244.831543 0.000000 0.901596 0.000000 0.432579 1.000000 1.000000 1.000000
2317.315186 0.000000 3284.046387 0.000000 0.420421 0.000000 0.907329 1.000000 1.000000 1.000000
2285.863037 0.000000 3324.801514 0.000000 0.747209 0.000000 0.664589 1.000000 1.000000 1.000000
2289.964111 0.000000 3325.506836 0.000000 0.314412 0.000000 0.949287 1.000000 1.000000 1.000000
2307.539551 0.000000 3292.759521 0.000000 0.497602 0.000000 0.867406 1.000000 1.000000 1.000000
2309.336670 0.000000 3286.068848 0.000000 0.341182 0.000000 0.939997 1.000000 1.000000 1.000000
2192.143066 0.000000 3351.299561 0.000000 0.996589 0.000000 0.082519 1.000000 1.000000 1.000000
2221.170898 0.000000 3374.975586 0.000000 0.771024 0.000000 0.636806 1.000000 1.000000 1.000000
2190.243164 0.000000 3394.963379 0.000000 0.477781 0.000000 0.878479 1.000000 1.000000 1.000000
2274.104492 0.000000 3348.769043 0.000000 0.480853 0.000000 0.876801 1.000000 1.000000 1.000000
2275.183594 0.000000 3365.749512 0.000000 0.165366 0.000000 0.986232 1.000000 1.000000 1.000000
2209.997314 0.000000 3362.318359 0.000000 0.024246 0.000000 0.999706 1.000000 1.000000 1.000000
2259.638428 0.000000 3374.237305 0.000000 0.872522 0.000000 0.488574 1.000000 1.000000 1.000000
2225.192627 0.000000 3343.073242 0.000000 0.666714 0.000000 0.745314 1.000000 1.000000 1.000000
2209.891602 0.000000 3378.834473 0.000000 0.877462 0.000000 0.479646 1.000000 1.000000 1.000000
2248.146484 0.000000 3364.241699 0.000000 0.698715 0.000000 0.715400 1.000000 1.000000 1.000000
2214.624756 0.000000 3403.026855 0.000000 0.008850 0.000000 0.999961 1.000000 1.000000 1.000000
2268.850098 0.000000 3357.504883 0.000000 0.996532 0.000000 0.083214 1.000000 1.000000 1.000000
2269.217285 0.000000 3374.184570 0.000000 0.999945 0.000000 0.010476 1.000000 1.000000 1.000000
2216.697266 0.000000 3379.469238 0.000000 0.693598 0.000000 0.720363 1.000000 1.000000 1.000000
2269.096680 0.000000 3345.231689 0.000000 0.947633 0.000000 0.319360 1.000000 1.000000 1.000000
2263.242188 0.000000 3355.583740 0.000000 0.060584 0.000000 0.998163 1.000000 1.000000 1.000000
2264.602295 0.000000 3361.189941 0.000000 0.219580 0.000000 0.975595 1.000000 1.000000 1.000000
2254.177979 0.000000 3374.483398 0.000000 0.532890 0.000000 0.846184 1.000000 1.000000 1.000000
2241.842285 0.000000 3389.967529 0.000000 0.717742 0.000000 0.696309 1.000000 1.000000 1.000000
2205.672607 0.000000 3334.815918 0.000000 0.575015 0.000000 0.818143 1.000000 1.000000 1.000000
2206.216309 0.000000 3366.287842 0.000000 0.268397 0.000000 0.963308 1.000000 1.000000 1.000000
2278.776367 0.000000 3352.194824 0.000000 0.607400 0.000000 0.794397 1.000000 1.000000 1.000000
2203.825439 0.000000 3383.786865 0.000000 0.818685 0.000000 0.574243 1.000000 1.000000 1.000000
2212.943115 0.000000 3365.785645 0.000000 0.846252 0.000000 0.532784 1.000000 1.000000 1.000000
2209.756592 0.000000 3368.559082 0.000000 0.082517 0.000000 0.996590 1.000000 1.000000 1.000000
2207.566650 0.000000 3382.359863 0.000000 0.287301 0.000000 0.957840 1.000000 1.000000 1.000000
2220.050293 0.000000 3378.452393 0.000000 0.692880 0.000000 0.721053 1.000000 1.000000 1.000000
2265.511719 0.000000 3357.971924 0.000000 0.896788 0.000000 0.442461 1.000000 1.000000 1.000000
2262.151611 0.000000 3359.058594 0.000000 0.994719 0.000000 0.102639 1.000000 1.000000 1.000000
2266.714600 0.000000 3363.678711 0.000000 0.720571 0.000000 0.693381 1.000000 1.000000 1.000000
2222.064941 0.000000 3398.404053 0.000000 0.947021 0.000000 0.321171 1.000000 1.000000 1.000000
2279.200928 0.000000 3343.829346 0.000000 0.944732 0.000000 0.327844 1.000000 1.000000 1.000000
2251.833252 0.000000 3364.503418 0.000000 0.438818 0.000000 0.898576 1.000000 1.000000 1.000000
2194.899414 0.000000 3364.736328 0.000000 0.814253 0.000000 0.580511 1.000000 1.000000 1.000000
2291.287109 0.000000 3336.063965 0.000000 0.997941 0.000000 0.064138 1.000000 1.000000 1.000000
2282.123535 0.000000 3340.031494 0.000000 0.998862 0.000000 0.047700 1.000000 1.000000 1.000000
2407.677002 0.000000 3253.088867 0.000000 0.944279 0.000000 0.329145 1.000000 1.000000 1.000000
2525.424072 0.000000 3321.010742 0.000000 0.040542 0.000000 0.999178 1.000000 1.000000 1.000000
2528.943848 0.000000 3319.277100 0.000000 0.995040 0.000000 0.099472 1.000000 1.000000 1.000000
2527.221924 0.000000 3320.201416 0.000000 0.937210 0.000000 0.348767 1.000000 1.000000 1.000000
2451.701660 0.000000 3374.184570 0.000000 0.997981 0.000000 0.063508 1.000000 1.000000 1.000000
2380.663574 0.000000 3411.433838 0.000000 0.997899 0.000000 0.064794 1.000000 1.000000 1.000000
2431.412354 0.000000 3385.481689 0.000000 0.708380 0.000000 0.705832 1.000000 1.000000 1.000000
2407.229492 0.000000 3390.978027 0.000000 0.085359 0.000000 0.996350 1.000000 1.000000 1.000000
2447.086670 0.000000 3361.189941 0.000000 0.929071 0.000000 0.369900 1.000000 1.000000 1.000000
2396.497559 0.000000 3411.424072 0.000000 0.968181 0.000000 0.250250 1.000000 1.000000 1.000000
2460.796387 0.000000 3369.970947 0.000000 0.662004 0.000000 0.749500 1.000000 1.000000 1.000000
2457.451660 0.000000 3369.726318 0.000000 0.435864 0.000000 0.900013 1.000000 1.000000 1.000000
2399.215820 0.000000 3413.768066 0.000000 0.437694 0.000000 0.899124 1.000000 1.000000 1.000000
2399.582520 0.000000 3410.305420 0.000000 0.018846 0.000000 0.999822 1.000000 1.000000 1.000000
2398.635742 0.000000 3400.003662 0.000000 0.263948 0.000000 0.964537 1.000000 1.000000 1.000000
2449.629150 0.000000 3372.812988 0.000000 0.212315 0.000000 0.977201 1.000000 1.000000 1.000000
2449.768066 0.000000 3358.786377 0.000000 0.870451 0.000000 0.492255 1.000000 1.000000 1.000000
2396.743652 0.000000 3401.049072 0.000000 0.051263 0.000000 0.998685 1.000000 1.000000 1.000000
2404.165283 0.000000 3394.638184 0.000000 0.629221 0.000000 0.777227 1.000000 1.000000 1.000000
2451.593994 0.000000 3359.379639 0.000000 0.194408 0.000000 0.980921 1.000000 1.000000 1.000000
2406.078125 0.000000 3392.133789 0.000000 0.998033 0.000000 0.062695 1.000000 1.000000 1.000000
2398.037354 0.000000 3398.390137 0.000000 0.694067 0.000000 0.719910 1.000000 1.000000 1.000000
2449.434082 0.000000 3374.179443 0.000000 0.936642 0.000000 0.350289 1.000000 1.000000 1.000000
2524.320312 0.000000 3400.182373 0.000000 0.778868 0.000000 0.627188 1.000000 1.000000 1.000000
2475.040527 0.000000 3364.273193 0.000000 0.351246 0.000000 0.936283 1.000000 1.000000 1.000000
2484.341064 0.000000 3353.787598 0.000000 0.438116 0.000000 0.898918 1.000000 1.000000 1.000000
2470.299561 0.000000 3367.653564 0.000000 0.028878 0.000000 0.999583 1.000000 1.000000 1.000000
2537.531738 0.000000 3401.296875 0.000000 0.308090 0.000000 0.951357 1.000000 1.000000 1.000000
2475.890869 0.000000 3369.121338 0.000000 0.547535 0.000000 0.836783 1.000000 1.000000 1.000000
2528.193359 0.000000 3403.141357 0.000000 0.040305 0.000000 0.999187 1.000000 1.000000 1.000000
2523.529541 0.000000 3333.815918 0.000000 0.976880 0.000000 0.213787 1.000000 1.000000 1.000000
2513.513184 0.000000 3351.851318 0.000000 0.575892 0.000000 0.817526 1.000000 1.000000 1.000000
2502.692383 0.000000 3340.240967 0.000000 0.194116 0.000000 0.980978 1.000000 1.000000 1.000000
2472.866455 0.000000 3369.965332 0.000000 0.050728 0.000000 0.998713 1.000000 1.000000 1.000000
2516.341553 0.000000 3350.541504 0.000000 0.024406 0.000000 0.999702 1.000000 1.000000 1.000000
2505.876953 0.000000 3341.903809 0.000000 0.955727 0.000000 0.294254 1.000000 1.000000 1.000000
2473.106201 0.000000 3366.666504 0.000000 0.979662 0.000000 0.200653 1.000000 1.000000 1.000000
2482.105225 0.000000 3353.079102 0.000000 0.579624 0.000000 0.814884 1.000000 1.000000 1.000000
2539.513916 0.000000 3399.822510 0.000000 0.984212 0.000000 0.176992 1.000000 1.000000 1.000000
2537.135498 0.000000 3399.423828 0.000000 0.998331 0.000000 0.057749 1.000000 1.000000 1.000000
2506.365723 0.000000 3340.360596 0.000000 0.780912 0.000000 0.624641 1.000000 1.000000 1.000000
2192.143066 0.000000 3441.283936 0.000000 0.999898 0.000000 0.014297 1.000000 1.000000 1.000000
2204.758301 0.000000 3419.411865 0.000000 0.678054 0.000000 0.735012 1.000000 1.000000 1.000000
2196.572998 0.000000 3457.637939 0.000000 0.993242 0.000000 0.116065 1.000000 1.000000 1.000000
2193.255859 0.000000 3457.113525 0.000000 0.355884 0.000000 0.934530 1.000000 1.000000 1.000000
2194.899414 0.000000 3454.720703 0.000000 0.341264 0.000000 0.939967 1.000000 1.000000 1.000000
2586.139648 0.000000 3284.991211 0.000000 0.085051 0.000000 0.996377 1.000000 1.000000 1.000000
2626.737793 0.000000 3240.062012 0.000000 0.831698 0.000000 0.555229 1.000000 1.000000 1.000000
2603.626953 0.000000 3272.927002 0.000000 0.794619 0.000000 0.607109 1.000000 1.000000 1.000000
2605.416016 0.000000 3266.485107 0.000000 0.215861 0.000000 0.976424 1.000000 1.000000 1.000000
2609.880127 0.000000 3289.109375 0.000000 0.969974 0.000000 0.243208 1.000000 1.000000 1.000000
2628.465088 0.000000 3253.801025 0.000000 0.917877 0.000000 0.396865 1.000000 1.000000 1.000000
2600.687744 0.000000 3268.612061 0.000000 0.882969 0.000000 0.469431 1.000000 1.000000 1.000000
2591.041748 0.000000 3284.046387 0.000000 0.864400 0.000000 0.502805 1.000000 1.000000 1.000000
2588.553223 0.000000 3287.934326 0.000000 0.456216 0.000000 0.889869 1.000000 1.000000 1.000000
2629.363037 0.000000 3246.638672 0.000000 0.516213 0.000000 0.856460 1.000000 1.000000 1.000000
2603.592041 0.000000 3269.074707 0.000000 0.996779 0.000000 0.080196 1.000000 1.000000 1.000000
2607.307129 0.000000 3288.862305 0.000000 0.903687 0.000000 0.428193 1.000000 1.000000 1.000000
2588.729736 0.000000 3285.112305 0.000000 0.589143 0.000000 0.808029 1.000000 1.000000 1.000000
2602.004150 0.000000 3270.879150 0.000000 0.805086 0.000000 0.593158 1.000000 1.000000 1.000000
2607.073975 0.000000 3287.341553 0.000000 0.217292 0.000000 0.976107 1.000000 1.000000 1.000000
2604.423340 0.000000 3263.447266 0.000000 0.991295 0.000000 0.131662 1.000000 1.000000 1.000000
2725.061035 0.000000 3267.520508 0.000000 0.957890 0.000000 0.287135 1.000000 1.000000 1.000000
2692.042969 0.000000 3297.940430 0.000000 0.283530 0.000000 0.958963 1.000000 1.000000 1.000000
2734.330566 0.000000 3311.952881 0.000000 0.981453 0.000000 0.191702 1.000000 1.000000 1.000000
2720.016113 0.000000 3311.312500 0.000000 0.392577 0.000000 0.919719 1.000000 1.000000 1.000000
2729.931641 0.000000 3310.690918 0.000000 0.651659 0.000000 0.758512 1.000000 1.000000 1.000000
2696.234619 0.000000 3286.593506 0.000000 0.780136 0.000000 0.625610 1.000000 1.000000 1.000000
2708.572266 0.000000 3256.445557 0.000000 0.760490 0.000000 0.649349 1.000000 1.000000 1.000000
2717.283936 0.000000 3312.819092 0.000000 0.791003 0.000000 0.611813 1.000000 1.000000 1.000000
2732.481445 0.000000 3308.562012 0.000000 0.678587 0.000000 0.734520 1.000000 1.000000 1.000000
2701.474121 0.000000 3306.376953 0.000000 0.850663 0.000000 0.525711 1.000000 1.000000 1.000000
2713.813477 0.000000 3267.822266 0.000000 0.997191 0.000000 0.074902 1.000000 1.000000 1.000000
2696.828613 0.000000 3295.207275 0.000000 0.419594 0.000000 0.907712 1.000000 1.000000 1.000000
2732.355957 0.000000 3310.808594 0.000000 0.941795 0.000000 0.336187 1.000000 1.000000 1.000000
2623.973877 0.000000 3359.919434 0.000000 0.437563 0.000000 0.899188 1.000000 1.000000 1.000000
2598.798828 0.000000 3353.931396 0.000000 0.035559 0.000000 0.999368 1.000000 1.000000 1.000000
2639.073242 0.000000 3348.769043 0.000000 0.978361 0.000000 0.206907 1.000000 1.000000 1.000000
2588.416992 0.000000 3362.108643 0.000000 0.938303 0.000000 0.345815 1.000000 1.000000 1.000000
2596.275146 0.000000 3361.151123 0.000000 0.864029 0.000000 0.503442 1.000000 1.000000 1.000000
2628.210938 0.000000 3355.583740 0.000000 0.037091 0.000000 0.999312 1.000000 1.000000 1.000000
2611.331787 0.000000 3374.964111 0.000000 0.435638 0.000000 0.900122 1.000000 1.000000 1.000000
2622.604980 0.000000 3363.383301 0.000000 0.726909 0.000000 0.686733 1.000000 1.000000 1.000000
2589.135986 0.000000 3359.081055 0.000000 0.489216 0.000000 0.872163 1.000000 1.000000 1.000000
2596.364746 0.000000 3354.760742 0.000000 0.148223 0.000000 0.988954 1.000000 1.000000 1.000000
2613.510254 0.000000 3374.183350 0.000000 0.116124 0.000000 0.993235 1.000000 1.000000 1.000000
2639.478760 0.000000 3346.737061 0.000000 0.063374 0.000000 0.997990 1.000000 1.000000 1.000000
2717.979980 0.000000 3330.046387 0.000000 0.927735 0.000000 0.373241 1.000000 1.000000 1.000000
2654.448730 0.000000 3350.709961 0.000000 0.231247 0.000000 0.972895 1.000000 1.000000 1.000000
2719.633789 0.000000 3332.636475 0.000000 0.810378 0.000000 0.585908 1.000000 1.000000 1.000000
2652.038086 0.000000 3360.351562 0.000000 0.881932 0.000000 0.471377 1.000000 1.000000 1.000000
2745.999268 0.000000 3283.069092 0.000000 0.956333 0.000000 0.292279 1.000000 1.000000 1.000000
2747.325195 0.000000 3306.875488 0.000000 0.027055 0.000000 0.999634 1.000000 1.000000 1.000000
2754.648438 0.000000 3309.150879 0.000000 0.757292 0.000000 0.653076 1.000000 1.000000 1.000000
2775.787109 0.000000 3259.309814 0.000000 0.882189 0.000000 0.470896 1.000000 1.000000 1.000000
2787.900391 0.000000 3266.485107 0.000000 0.604241 0.000000 0.796802 1.000000 1.000000 1.000000
2751.863037 0.000000 3302.050537 0.000000 0.054079 0.000000 0.998537 1.000000 1.000000 1.000000
2744.026123 0.000000 3277.669189 0.000000 0.856223 0.000000 0.516607 1.000000 1.000000 1.000000
2742.073975 0.000000 3324.801514 0.000000 0.240147 0.000000 0.970737 1.000000 1.000000 1.000000
2771.395264 0.000000 3258.105469 0.000000 0.988775 0.000000 0.149412 1.000000 1.000000 1.000000
2760.396240 0.000000 3275.801270 0.000000 0.370477 0.000000 0.928841 1.000000 1.000000 1.000000
2761.443115 0.000000 3271.127197 0.000000 0.111336 0.000000 0.993783 1.000000 1.000000 1.000000
2764.225342 0.000000 3253.802490 0.000000 0.280782 0.000000 0.959772 1.000000 1.000000 1.000000
2769.238281 0.000000 3253.461182 0.000000 0.052500 0.000000 0.998621 1.000000 1.000000 1.000000
2752.836914 0.000000 3306.677979 0.000000 0.952548 0.000000 0.304388 1.000000 1.000000 1.000000
2750.486572 0.000000 3271.705811 0.000000 0.779764 0.000000 0.626074 1.000000 1.000000 1.000000
2759.873047 0.000000 3319.155273 0.000000 0.671887 0.000000 0.740653 1.000000 1.000000 1.000000
2757.113770 0.000000 3309.929688 0.000000 0.987975 0.000000 0.154615 1.000000 1.000000 1.000000
2747.787109 0.000000 3285.121338 0.000000 0.143796 0.000000 0.989607 1.000000 1.000000 1.000000
2759.156982 0.000000 3284.022949 0.000000 0.915219 0.000000 0.402956 1.000000 1.000000 1.000000
2773.455566 0.000000 3259.401611 0.000000 0.200505 0.000000 0.979693 1.000000 1.000000 1.000000
2745.285645 0.000000 3285.338379 0.000000 0.752943 0.000000 0.658085 1.000000 1.000000 1.000000
2737.896240 0.000000 3327.760742 0.000000 0.968255 0.000000 0.249965 1.000000 1.000000 1.000000
2763.696533 0.000000 3272.276855 0.000000 0.994056 0.000000 0.108866 1.000000 1.000000 1.000000
2752.452637 0.000000 3271.126221 0.000000 0.996485 0.000000 0.083776 1.000000 1.000000 1.000000
2786.632080 0.000000 3265.041748 0.000000 0.978627 0.000000 0.205645 1.000000 1.000000 1.000000
2758.048584 0.000000 3319.405762 0.000000 0.975621 0.000000 0.219460 1.000000 1.000000 1.000000
2756.613770 0.000000 3311.705322 0.000000 0.299595 0.000000 0.954066 1.000000 1.000000 1.000000
2755.644043 0.000000 3310.341553 0.000000 0.757018 0.000000 0.653394 1.000000 1.000000 1.000000
2879.768799 0.000000 3243.678223 0.000000 0.882636 0.000000 0.470056 1.000000 1.000000 1.000000
2919.057373 0.000000 3295.362061 0.000000 0.715974 0.000000 0.698127 1.000000 1.000000 1.000000
2879.956543 0.000000 3240.095459 0.000000 0.302938 0.000000 0.953010 1.000000 1.000000 1.000000
2873.002686 0.000000 3239.810791 0.000000 0.739451 0.000000 0.673210 1.000000 1.000000 1.000000
2738.705078 0.000000 3329.822266 0.000000 0.145311 0.000000 0.989386 1.000000 1.000000 1.000000
1825.334839 0.000000 3650.764160 0.000000 0.097495 0.000000 0.995236 1.000000 1.000000 1.000000
1853.078613 0.000000 3655.583008 0.000000 0.944999 0.000000 0.327075 1.000000 1.000000 1.000000
3071.773438 0.000000 2950.260498 0.000000 0.920347 0.000000 0.391103 1.000000 1.000000 1.000000
3065.637451 0.000000 2969.362305 0.000000 0.307112 0.000000 0.951673 1.000000 1.000000 1.000000
3084.421875 0.000000 2905.661865 0.000000 0.761039 0.000000 0.648706 1.000000 1.000000 1.000000
3088.967285 0.000000 2948.190918 0.000000 0.991253 0.000000 0.131973 1.000000 1.000000 1.000000
3100.589355 0.000000 2897.117920 0.000000 0.590325 0.000000 0.807166 1.000000 1.000000 1.000000
3084.639404 0.000000 2960.124268 0.000000 0.515386 0.000000 0.856958 1.000000 1.000000 1.000000
3079.649902 0.000000 2954.629395 0.000000 0.953318 0.000000 0.301968 1.000000 1.000000 1.000000
3075.236572 0.000000 2928.901123 0.000000 0.951362 0.000000 0.308076 1.000000 1.000000 1.000000
3074.254883 0.000000 2955.473389 0.000000 0.844927 0.000000 0.534882 1.000000 1.000000 1.000000
3097.389160 0.000000 2931.890137 0.000000 0.267301 0.000000 0.963613 1.000000 1.000000 1.000000
3088.092773 0.000000 2906.283203 0.000000 0.169477 0.000000 0.985534 1.000000 1.000000 1.000000
3097.336426 0.000000 2929.328369 0.000000 0.981643 0.000000 0.190730 1.000000 1.000000 1.000000
3091.657471 0.000000 2933.067871 0.000000 0.096812 0.000000 0.995303 1.000000 1.000000 1.000000
3082.716064 0.000000 2967.155762 0.000000 0.900148 0.000000 0.435583 1.000000 1.000000 1.000000
3088.651855 0.000000 2933.299316 0.000000 0.982702 0.000000 0.185195 1.000000 1.000000 1.000000
2992.616943 0.000000 3024.215088 0.000000 0.970963 0.000000 0.239231 1.000000 1.000000 1.000000
2999.154785 0.000000 3014.247070 0.000000 0.397403 0.000000 0.917644 1.000000 1.000000 1.000000
2998.636230 0.000000 3022.261230 0.000000 0.635906 0.000000 0.771767 1.000000 1.000000 1.000000
2996.733398 0.000000 3027.508301 0.000000 0.805494 0.000000 0.592604 1.000000 1.000000 1.000000
2992.737549 0.000000 3010.237549 0.000000 0.295968 0.000000 0.955198 1.000000 1.000000 1.000000
2992.785156 0.000000 3011.849121 0.000000 0.544060 0.000000 0.839047 1.000000 1.000000 1.000000
3046.090088 0.000000 3039.486572 0.000000 0.874444 0.000000 0.485126 1.000000 1.000000 1.000000
3075.492676 0.000000 3056.215576 0.000000 0.673991 0.000000 0.738740 1.000000 1.000000 1.000000
3059.039307 0.000000 3049.801758 0.000000 0.395156 0.000000 0.918614 1.000000 1.000000 1.000000
3045.924805 0.000000 3031.040527 0.000000 0.740098 0.000000 0.672499 1.000000 1.000000 1.000000
3095.185547 0.000000 2975.818115 0.000000 0.193476 0.000000 0.981105 1.000000 1.000000 1.000000
3049.066406 0.000000 3005.073730 0.000000 0.990200 0.000000 0.139658 1.000000 1.000000 1.000000
3056.081787 0.000000 3032.599121 0.000000 0.290480 0.000000 0.956881 1.000000 1.000000 1.000000
3025.129150 0.000000 3027.933838 0.000000 0.960147 0.000000 0.279496 1.000000 1.000000 1.000000
3041.226807 0.000000 2976.419678 0.000000 0.996390 0.000000 0.084892 1.000000 1.000000 1.000000
3059.382080 0.000000 3030.778320 0.000000 0.849531 0.000000 0.527538 1.000000 1.000000 1.000000
3095.825195 0.000000 2972.438477 0.000000 0.641509 0.000000 0.767115 1.000000 1.000000 1.000000
3057.711182 0.000000 3043.253418 0.000000 0.692905 0.000000 0.721029 1.000000 1.000000 1.000000
3066.916992 0.000000 3049.194580 0.000000 0.880658 0.000000 0.473753 1.000000 1.000000 1.000000
3045.400879 0.000000 3058.164062 0.000000 0.649120 0.000000 0.760686 1.000000 1.000000 1.000000
3055.553467 0.000000 3049.170654 0.000000 0.649310 0.000000 0.760524 1.000000 1.000000 1.000000
3059.589844 0.000000 3058.471436 0.000000 0.223331 0.000000 0.974743 1.000000 1.000000 1.000000
3047.398926 0.000000 3002.818115 0.000000 0.060390 0.000000 0.998175 1.000000 1.000000 1.000000
3096.654541 0.000000 3043.029785 0.000000 0.520838 0.000000 0.853656 1.000000 1.000000 1.000000
3048.288818 0.000000 3058.017090 0.000000 0.060494 0.000000 0.998169 1.000000 1.000000 1.000000
3051.945801 0.000000 3024.948486 0.000000 0.418167 0.000000 0.908370 1.000000 1.000000 1.000000
3025.113770 0.000000 3011.347900 0.000000 0.727170 0.000000 0.686458 1.000000 1.000000 1.000000
3086.967041 0.000000 3039.885010 0.000000 0.998483 0.000000 0.055060 1.000000 1.000000 1.000000
3045.766602 0.000000 3033.503906 0.000000 0.659488 0.000000 0.751715 1.000000 1.000000 1.000000
3066.125732 0.000000 2969.558838 0.000000 0.214724 0.000000 0.976675 1.000000 1.000000 1.000000
3055.500488 0.000000 3043.486572 0.000000 0.371718 0.000000 0.928346 1.000000 1.000000 1.000000
3022.948486 0.000000 3028.279053 0.000000 0.391009 0.000000 0.920387 1.000000 1.000000 1.000000
3069.972656 0.000000 3046.233887 0.000000 0.627614 0.000000 0.778525 1.000000 1.000000 1.000000
3075.904541 0.000000 3054.079102 0.000000 0.857006 0.000000 0.515306 1.000000 1.000000 1.000000
3082.041504 0.000000 3040.626221 0.000000 0.293666 0.000000 0.955908 1.000000 1.000000 1.000000
3058.976074 0.000000 3032.878418 0.000000 0.791244 0.000000 0.611500 1.000000 1.000000 1.000000
3084.588623 0.000000 3039.486328 0.000000 0.997343 0.000000 0.072847 1.000000 1.000000 1.000000
3089.149170 0.000000 3040.037598 0.000000 0.938975 0.000000 0.343985 1.000000 1.000000 1.000000
3083.527588 0.000000 3040.902344 0.000000 0.574545 0.000000 0.818473 1.000000 1.000000 1.000000
3056.458008 0.000000 3033.901611 0.000000 0.357372 0.000000 0.933962 1.000000 1.000000 1.000000
3047.652100 0.000000 3059.263672 0.000000 0.651395 0.000000 0.758739 1.000000 1.000000 1.000000
3122.419189 0.000000 2912.396484 0.000000 0.387988 0.000000 0.921665 1.000000 1.000000 1.000000
3115.812988 0.000000 2903.584473 0.000000 0.656080 0.000000 0.754691 1.000000 1.000000 1.000000
3143.868652 0.000000 2919.714355 0.000000 0.125233 0.000000 0.992127 1.000000 1.000000 1.000000
3142.914795 0.000000 2943.854492 0.000000 0.274206 0.000000 0.961671 1.000000 1.000000 1.000000
3136.962158 0.000000 2918.943115 0.000000 0.974781 0.000000 0.223165 1.000000 1.000000 1.000000
3125.431396 0.000000 2933.627197 0.000000 0.728046 0.000000 0.685528 1.000000 1.000000 1.000000
3140.308594 0.000000 2915.089355 0.000000 0.810619 0.000000 0.585573 1.000000 1.000000 1.000000
3121.460205 0.000000 2908.176758 0.000000 0.998422 0.000000 0.056162 1.000000 1.000000 1.000000
3144.524902 0.000000 2964.614502 0.000000 0.233280 0.000000 0.972410 1.000000 1.000000 1.000000
3126.570312 0.000000 2957.027344 0.000000 0.107300 0.000000 0.994227 1.000000 1.000000 1.000000
3173.288330 0.000000 2897.016602 0.000000 0.518501 0.000000 0.855077 1.000000 1.000000 1.000000
3120.493408 0.000000 2940.332275 0.000000 0.968452 0.000000 0.249202 1.000000 1.000000 1.000000
3134.849609 0.000000 2921.763184 0.000000 0.682673 0.000000 0.730724 1.000000 1.000000 1.000000
3127.067383 0.000000 2936.683350 0.000000 0.495109 0.000000 0.868831 1.000000 1.000000 1.000000
3178.192383 0.000000 2925.112549 0.000000 0.561545 0.000000 0.827446 1.000000 1.000000 1.000000
3158.159180 0.000000 2959.210205 0.000000 0.464537 0.000000 0.885554 1.000000 1.000000 1.000000
3184.725342 0.000000 2895.978027 0.000000 0.353807 0.000000 0.935319 1.000000 1.000000 1.000000
3131.434570 0.000000 2931.463135 0.000000 0.333259 0.000000 0.942835 1.000000 1.000000 1.000000
3186.466064 0.000000 2879.626953 0.000000 0.778228 0.000000 0.627982 1.000000 1.000000 1.000000
3175.821289 0.000000 2897.297852 0.000000 0.176642 0.000000 0.984275 1.000000 1.000000 1.000000
3178.509766 0.000000 2893.769531 0.000000 0.472777 0.000000 0.881182 1.000000 1.000000 1.000000
3179.414795 0.000000 2927.318359 0.000000 0.988073 0.000000 0.153987 1.000000 1.000000 1.000000
3144.822266 0.000000 2942.054199 0.000000 0.826336 0.000000 0.563177 1.000000 1.000000 1.000000
3119.097412 0.000000 2907.556396 0.000000 0.961672 0.000000 0.274204 1.000000 1.000000 1.000000
3122.921631 0.000000 2940.687256 0.000000 0.022403 0.000000 0.999749 1.000000 1.000000 1.000000
3182.917725 0.000000 2890.634521 0.000000 0.995196 0.000000 0.097907 1.000000 1.000000 1.000000
3116.352051 0.000000 2959.093750 0.000000 0.122676 0.000000 0.992447 1.000000 1.000000 1.000000
3108.299561 0.000000 2879.685547 0.000000 0.184138 0.000000 0.982900 1.000000 1.000000 1.000000
3126.123779 0.000000 2938.887939 0.000000 0.247877 0.000000 0.968792 1.000000 1.000000 1.000000
3127.451172 0.000000 2931.066406 0.000000 0.404872 0.000000 0.914374 1.000000 1.000000 1.000000
3177.057617 0.000000 2892.083008 0.000000 0.911001 0.000000 0.412405 1.000000 1.000000 1.000000
3121.404541 0.000000 2931.047852 0.000000 0.164510 0.000000 0.986375 1.000000 1.000000 1.000000
3162.103516 0.000000 2927.140869 0.000000 0.983005 0.000000 0.183578 1.000000 1.000000 1.000000
3115.804932 0.000000 2963.124756 0.000000 0.699316 0.000000 0.714813 1.000000 1.000000 1.000000
3118.084229 0.000000 2906.264893 0.000000 0.554370 0.000000 0.832270 1.000000 1.000000 1.000000
3181.124512 0.000000 2927.130615 0.000000 0.967669 0.000000 0.252224 1.000000 1.000000 1.000000
3117.872559 0.000000 2962.762939 0.000000 0.069452 0.000000 0.997585 1.000000 1.000000 1.000000
3257.977051 0.000000 2966.231201 0.000000 0.798560 0.000000 0.601915 1.000000 1.000000 1.000000
3240.628174 0.000000 2880.238525 0.000000 0.081186 0.000000 0.996699 1.000000 1.000000 1.000000
3238.305664 0.000000 2929.192383 0.000000 0.154949 0.000000 0.987922 1.000000 1.000000 1.000000
3204.978027 0.000000 2914.351318 0.000000 0.757847 0.000000 0.652432 1.000000 1.000000 1.000000
3249.382080 0.000000 2881.643311 0.000000 0.816233 0.000000 0.577723 1.000000 1.000000 1.000000
3253.180664 0.000000 2963.328857 0.000000 0.966740 0.000000 0.255759 1.000000 1.000000 1.000000
3226.849121 0.000000 2936.310791 0.000000 0.978483 0.000000 0.206329 1.000000 1.000000 1.000000
3281.976074 0.000000 2920.049072 0.000000 0.135850 0.000000 0.990729 1.000000 1.000000 1.000000
3200.523682 0.000000 2912.739502 0.000000 0.999227 0.000000 0.039315 1.000000 1.000000 1.000000
3251.957764 0.000000 2890.354248 0.000000 0.311230 0.000000 0.950334 1.000000 1.000000 1.000000
3263.530029 0.000000 2919.608154 0.000000 0.308044 0.000000 0.951372 1.000000 1.000000 1.000000
3283.356689 0.000000 2956.460205 0.000000 0.612674 0.000000 0.790336 1.000000 1.000000 1.000000
3277.384766 0.000000 2950.753418 0.000000 0.168167 0.000000 0.985759 1.000000 1.000000 1.000000
3220.964844 0.000000 2923.058838 0.000000 0.444758 0.000000 0.895651 1.000000 1.000000 1.000000
3283.685791 0.000000 2961.446289 0.000000 0.139693 0.000000 0.990195 1.000000 1.000000 1.000000
3252.766357 0.000000 2959.280518 0.000000 0.134344 0.000000 0.990935 1.000000 1.000000 1.000000
3198.357178 0.000000 2921.680908 0.000000 0.528025 0.000000 0.849229 1.000000 1.000000 1.000000
3209.951660 0.000000 2912.644043 0.000000 0.287665 0.000000 0.957731 1.000000 1.000000 1.000000
3221.863281 0.000000 2952.701660 0.000000 0.901848 0.000000 0.432054 1.000000 1.000000 1.000000
3223.714355 0.000000 2928.530518 0.000000 0.933274 0.000000 0.359164 1.000000 1.000000 1.000000
3266.260010 0.000000 2918.001221 0.000000 0.574529 0.000000 0.818484 1.000000 1.000000 1.000000
3241.498291 0.000000 2883.303711 0.000000 0.799677 0.000000 0.600430 1.000000 1.000000 1.000000
3279.934570 0.000000 2948.624512 0.000000 0.396675 0.000000 0.917959 1.000000 1.000000 1.000000
3225.210938 0.000000 2956.235596 0.000000 0.013455 0.000000 0.999909 1.000000 1.000000 1.000000
3222.676758 0.000000 2931.463135 0.000000 0.668551 0.000000 0.743666 1.000000 1.000000 1.000000
3280.580078 0.000000 2957.473633 0.000000 0.999900 0.000000 0.014156 1.000000 1.000000 1.000000
3235.845459 0.000000 2954.085938 0.000000 0.406689 0.000000 0.913567 1.000000 1.000000 1.000000
3274.096191 0.000000 2921.802979 0.000000 0.665338 0.000000 0.746542 1.000000 1.000000 1.000000
3223.035400 0.000000 2879.731689 0.000000 0.622721 0.000000 0.782444 1.000000 1.000000 1.000000
3228.957764 0.000000 2921.531982 0.000000 0.214626 0.000000 0.976696 1.000000 1.000000 1.000000
3246.002441 0.000000 2928.924805 0.000000 0.476128 0.000000 0.879376 1.000000 1.000000 1.000000
3246.739258 0.000000 2881.991211 0.000000 0.999995 0.000000 0.003008 1.000000 1.000000 1.000000
3226.919189 0.000000 2938.870850 0.000000 0.742393 0.000000 0.669964 1.000000 1.000000 1.000000
3282.932861 0.000000 2958.964355 0.000000 0.223772 0.000000 0.974641 1.000000 1.000000 1.000000
3238.989502 0.000000 2882.209961 0.000000 0.806547 0.000000 0.591170 1.000000 1.000000 1.000000
3199.491211 0.000000 2910.429688 0.000000 0.981099 0.000000 0.193508 1.000000 1.000000 1.000000
3223.090088 0.000000 2954.927246 0.000000 0.370320 0.000000 0.928904 1.000000 1.000000 1.000000
3215.868896 0.000000 2918.420654 0.000000 0.999208 0.000000 0.039783 1.000000 1.000000 1.000000
3215.367920 0.000000 2924.085449 0.000000 0.991109 0.000000 0.133054 1.000000 1.000000 1.000000
3257.242188 0.000000 2916.021729 0.000000 0.361073 0.000000 0.932538 1.000000 1.000000 1.000000
3228.100342 0.000000 2881.080322 0.000000 0.783093 0.000000 0.621904 1.000000 1.000000 1.000000
3201.618164 0.000000 2910.857178 0.000000 0.999862 0.000000 0.016626 1.000000 1.000000 1.000000
3227.839600 0.000000 2923.218750 0.000000 0.958746 0.000000 0.284263 1.000000 1.000000 1.000000
3223.851074 0.000000 2957.649414 0.000000 0.604683 0.000000 0.796467 1.000000 1.000000 1.000000
3236.433105 0.000000 2929.701660 0.000000 0.180520 0.000000 0.983571 1.000000 1.000000 1.000000
3251.024902 0.000000 2960.144775 0.000000 0.431013 0.000000 0.902346 1.000000 1.000000 1.000000
3273.116943 0.000000 2920.202881 0.000000 0.995899 0.000000 0.090476 1.000000 1.000000 1.000000
3237.493652 0.000000 2883.327148 0.000000 0.781304 0.000000 0.624151 1.000000 1.000000 1.000000
3246.982910 0.000000 2880.257812 0.000000 0.675133 0.000000 0.737696 1.000000 1.000000 1.000000
3282.999756 0.000000 2921.437500 0.000000 0.990192 0.000000 0.139715 1.000000 1.000000 1.000000
3221.565674 0.000000 2954.331787 0.000000 0.988518 0.000000 0.151105 1.000000 1.000000 1.000000
3236.362793 0.000000 2955.647949 0.000000 0.825851 0.000000 0.563888 1.000000 1.000000 1.000000
3253.905518 0.000000 2960.375732 0.000000 0.533386 0.000000 0.845872 1.000000 1.000000 1.000000
3248.114014 0.000000 2889.641113 0.000000 0.641101 0.000000 0.767457 1.000000 1.000000 1.000000
3211.503662 0.000000 2915.918945 0.000000 0.181878 0.000000 0.983321 1.000000 1.000000 1.000000
3213.618652 0.000000 2927.309814 0.000000 0.459503 0.000000 0.888176 1.000000 1.000000 1.000000
3279.661377 0.000000 2958.830322 0.000000 0.994754 0.000000 0.102300 1.000000 1.000000 1.000000
3201.483643 0.000000 2913.746826 0.000000 0.717609 0.000000 0.696446 1.000000 1.000000 1.000000
3146.251953 0.000000 2993.993896 0.000000 0.996878 0.000000 0.078952 1.000000 1.000000 1.000000
3147.855469 0.000000 2983.136475 0.000000 0.329846 0.000000 0.944035 1.000000 1.000000 1.000000
3120.457031 0.000000 2979.901123 0.000000 0.101270 0.000000 0.994859 1.000000 1.000000 1.000000
3167.879150 0.000000 3007.316162 0.000000 0.955448 0.000000 0.295159 1.000000 1.000000 1.000000
3106.508545 0.000000 3041.024170 0.000000 0.148655 0.000000 0.988889 1.000000 1.000000 1.000000
3152.869141 0.000000 2996.531982 0.000000 0.841436 0.000000 0.540356 1.000000 1.000000 1.000000
3123.036377 0.000000 2993.850098 0.000000 0.213458 0.000000 0.976952 1.000000 1.000000 1.000000
3117.974365 0.000000 2986.990967 0.000000 0.716158 0.000000 0.697938 1.000000 1.000000 1.000000
3102.604492 0.000000 3043.542236 0.000000 0.991074 0.000000 0.133316 1.000000 1.000000 1.000000
3115.263428 0.000000 3014.919678 0.000000 0.896663 0.000000 0.442715 1.000000 1.000000 1.000000
3149.749756 0.000000 2994.794922 0.000000 0.027731 0.000000 0.999615 1.000000 1.000000 1.000000
3105.683838 0.000000 2996.521729 0.000000 0.998884 0.000000 0.047230 1.000000 1.000000 1.000000
3150.020508 0.000000 3046.392578 0.000000 0.249102 0.000000 0.968477 1.000000 1.000000 1.000000
3122.356445 0.000000 2990.816406 0.000000 0.115474 0.000000 0.993311 1.000000 1.000000 1.000000
3117.747803 0.000000 2979.692383 0.000000 0.998633 0.000000 0.052272 1.000000 1.000000 1.000000
3146.729248 0.000000 2969.857666 0.000000 0.180583 0.000000 0.983560 1.000000 1.000000 1.000000
3169.550049 0.000000 3009.107422 0.000000 0.809934 0.000000 0.586522 1.000000 1.000000 1.000000
3120.800537 0.000000 2993.141602 0.000000 0.525907 0.000000 0.850542 1.000000 1.000000 1.000000
3136.087158 0.000000 2981.281006 0.000000 0.038750 0.000000 0.999249 1.000000 1.000000 1.000000
3151.059326 0.000000 2983.048584 0.000000 0.205952 0.000000 0.978562 1.000000 1.000000 1.000000
3167.470703 0.000000 3009.731689 0.000000 0.733926 0.000000 0.679229 1.000000 1.000000 1.000000
3107.000244 0.000000 3043.063965 0.000000 0.497639 0.000000 0.867384 1.000000 1.000000 1.000000
3148.546875 0.000000 3045.131836 0.000000 0.148057 0.000000 0.988979 1.000000 1.000000 1.000000
3151.600830 0.000000 2995.088623 0.000000 0.982624 0.000000 0.185608 1.000000 1.000000 1.000000
3119.270264 0.000000 2978.506348 0.000000 0.595208 0.000000 0.803572 1.000000 1.000000 1.000000
3127.812988 0.000000 3009.132568 0.000000 0.975304 0.000000 0.220865 1.000000 1.000000 1.000000
3123.585205 0.000000 2992.094727 0.000000 0.985374 0.000000 0.170405 1.000000 1.000000 1.000000
3157.661377 0.000000 2997.366211 0.000000 0.929758 0.000000 0.368171 1.000000 1.000000 1.000000
3164.514160 0.000000 3046.683105 0.000000 0.999971 0.000000 0.007566 1.000000 1.000000 1.000000
3245.542969 0.000000 3013.710449 0.000000 0.945668 0.000000 0.325133 1.000000 1.000000 1.000000
3258.327881 0.000000 3027.872314 0.000000 0.211990 0.000000 0.977272 1.000000 1.000000 1.000000
3240.250000 0.000000 3055.795166 0.000000 0.999495 0.000000 0.031784 1.000000 1.000000 1.000000
3220.361328 0.000000 3019.531738 0.000000 0.101258 0.000000 0.994860 1.000000 1.000000 1.000000
3252.592041 0.000000 3025.544189 0.000000 0.263981 0.000000 0.964528 1.000000 1.000000 1.000000
3263.998779 0.000000 3029.867676 0.000000 0.842520 0.000000 0.538666 1.000000 1.000000 1.000000
3255.432129 0.000000 3031.933594 0.000000 0.997748 0.000000 0.067081 1.000000 1.000000 1.000000
3267.249023 0.000000 3031.764160 0.000000 0.338666 0.000000 0.940907 1.000000 1.000000 1.000000
3254.459229 0.000000 3028.511719 0.000000 0.715812 0.000000 0.698293 1.000000 1.000000 1.000000
3216.892578 0.000000 3019.900635 0.000000 0.883230 0.000000 0.468941 1.000000 1.000000 1.000000
3244.368164 0.000000 3010.524902 0.000000 0.642791 0.000000 0.766042 1.000000 1.000000 1.000000
3194.386963 0.000000 3029.950684 0.000000 0.876677 0.000000 0.481079 1.000000 1.000000 1.000000
3251.861328 0.000000 3029.426270 0.000000 0.495521 0.000000 0.868596 1.000000 1.000000 1.000000
3218.693359 0.000000 3021.050781 0.000000 0.858439 0.000000 0.512915 1.000000 1.000000 1.000000
2987.470703 0.000000 3074.736084 0.000000 0.706589 0.000000 0.707624 1.000000 1.000000 1.000000
2983.038330 0.000000 3138.085205 0.000000 0.933591 0.000000 0.358340 1.000000 1.000000 1.000000
3003.943359 0.000000 3065.802490 0.000000 0.517834 0.000000 0.855481 1.000000 1.000000 1.000000
3000.207031 0.000000 3092.946777 0.000000 0.949017 0.000000 0.315225 1.000000 1.000000 1.000000
3009.630127 0.000000 3136.428955 0.000000 0.498595 0.000000 0.866835 1.000000 1.000000 1.000000
2941.482910 0.000000 3118.418457 0.000000 0.059687 0.000000 0.998217 1.000000 1.000000 1.000000
2990.803955 0.000000 3076.985352 0.000000 0.012984 0.000000 0.999916 1.000000 1.000000 1.000000
3004.583008 0.000000 3062.422852 0.000000 0.953136 0.000000 0.302543 1.000000 1.000000 1.000000
3006.552246 0.000000 3102.133789 0.000000 0.975613 0.000000 0.219499 1.000000 1.000000 1.000000
2980.622803 0.000000 3137.291992 0.000000 0.776502 0.000000 0.630115 1.000000 1.000000 1.000000
3006.146973 0.000000 3111.858887 0.000000 0.739770 0.000000 0.672860 1.000000 1.000000 1.000000
3008.525146 0.000000 3120.457520 0.000000 0.721808 0.000000 0.692093 1.000000 1.000000 1.000000
2978.730469 0.000000 3136.218262 0.000000 0.650528 0.000000 0.759482 1.000000 1.000000 1.000000
2947.275879 0.000000 3124.356689 0.000000 0.057242 0.000000 0.998360 1.000000 1.000000 1.000000
3006.094238 0.000000 3109.297119 0.000000 0.935606 0.000000 0.353047 1.000000 1.000000 1.000000
3007.522949 0.000000 3108.498535 0.000000 0.574316 0.000000 0.818634 1.000000 1.000000 1.000000
2984.569092 0.000000 3137.587158 0.000000 0.999980 0.000000 0.006358 1.000000 1.000000 1.000000
3007.893066 0.000000 3111.596191 0.000000 0.526026 0.000000 0.850469 1.000000 1.000000 1.000000
3006.080322 0.000000 3100.672363 0.000000 0.977842 0.000000 0.209344 1.000000 1.000000 1.000000
3007.814941 0.000000 3101.390137 0.000000 0.990564 0.000000 0.137049 1.000000 1.000000 1.000000
3011.422852 0.000000 3125.010254 0.000000 0.549980 0.000000 0.835178 1.000000 1.000000 1.000000
3052.657715 0.000000 3140.137207 0.000000 0.387640 0.000000 0.921811 1.000000 1.000000 1.000000
3012.954102 0.000000 3094.070557 0.000000 0.991755 0.000000 0.128150 1.000000 1.000000 1.000000
3090.187012 0.000000 3068.614746 0.000000 0.369555 0.000000 0.929209 1.000000 1.000000 1.000000
3052.626465 0.000000 3099.683105 0.000000 0.999802 0.000000 0.019902 1.000000 1.000000 1.000000
3088.032715 0.000000 3145.836182 0.000000 0.393941 0.000000 0.919136 1.000000 1.000000 1.000000
3043.144043 0.000000 3082.458984 0.000000 0.993976 0.000000 0.109594 1.000000 1.000000 1.000000
3028.375000 0.000000 3129.182129 0.000000 0.558553 0.000000 0.829469 1.000000 1.000000 1.000000
3049.513672 0.000000 3079.341064 0.000000 0.204305 0.000000 0.978907 1.000000 1.000000 1.000000
3079.878906 0.000000 3130.565918 0.000000 0.380272 0.000000 0.924875 1.000000 1.000000 1.000000
3037.876953 0.000000 3109.516113 0.000000 0.996381 0.000000 0.085005 1.000000 1.000000 1.000000
3057.284668 0.000000 3078.706299 0.000000 0.712933 0.000000 0.701233 1.000000 1.000000 1.000000
3075.357666 0.000000 3104.530273 0.000000 0.999972 0.000000 0.007476 1.000000 1.000000 1.000000
3094.990723 0.000000 3084.463379 0.000000 0.642840 0.000000 0.766000 1.000000 1.000000 1.000000
3070.564697 0.000000 3147.898438 0.000000 0.083384 0.000000 0.996517 1.000000 1.000000 1.000000
3048.047363 0.000000 3140.740479 0.000000 0.011316 0.000000 0.999936 1.000000 1.000000 1.000000
3067.542725 0.000000 3105.010986 0.000000 0.061869 0.000000 0.998084 1.000000 1.000000 1.000000
3048.370605 0.000000 3090.090820 0.000000 0.561982 0.000000 0.827150 1.000000 1.000000 1.000000
3071.571289 0.000000 3105.258057 0.000000 0.646813 0.000000 0.762648 1.000000 1.000000 1.000000
3031.321045 0.000000 3127.150391 0.000000 0.817764 0.000000 0.575554 1.000000 1.000000 1.000000
3041.229980 0.000000 3108.499268 0.000000 0.550669 0.000000 0.834723 1.000000 1.000000 1.000000
3043.607422 0.000000 3101.731934 0.000000 0.129650 0.000000 0.991560 1.000000 1.000000 1.000000
3058.778320 0.000000 3136.376953 0.000000 0.826728 0.000000 0.562601 1.000000 1.000000 1.000000
3096.106201 0.000000 3069.073730 0.000000 0.986278 0.000000 0.165096 1.000000 1.000000 1.000000
3012.201416 0.000000 3142.361572 0.000000 0.759997 0.000000 0.649927 1.000000 1.000000 1.000000
3055.727295 0.000000 3098.724854 0.000000 0.702949 0.000000 0.711240 1.000000 1.000000 1.000000
3026.563477 0.000000 3126.709229 0.000000 0.884180 0.000000 0.467147 1.000000 1.000000 1.000000
3100.847656 0.000000 3085.190918 0.000000 0.414792 0.000000 0.909916 1.000000 1.000000 1.000000
3040.106201 0.000000 3081.622803 0.000000 0.979083 0.000000 0.203462 1.000000 1.000000 1.000000
3073.231934 0.000000 3147.883057 0.000000 0.087022 0.000000 0.996206 1.000000 1.000000 1.000000
3020.057129 0.000000 3148.145996 0.000000 0.657139 0.000000 0.753769 1.000000 1.000000 1.000000
3036.015137 0.000000 3107.645508 0.000000 0.993356 0.000000 0.115079 1.000000 1.000000 1.000000
3072.798828 0.000000 3102.977051 0.000000 0.242891 0.000000 0.970054 1.000000 1.000000 1.000000
3032.527832 0.000000 3106.685547 0.000000 0.629057 0.000000 0.777359 1.000000 1.000000 1.000000
3030.840332 0.000000 3129.960938 0.000000 0.424229 0.000000 0.905555 1.000000 1.000000 1.000000
3028.572510 0.000000 3109.826416 0.000000 0.445683 0.000000 0.895191 1.000000 1.000000 1.000000
3050.805420 0.000000 3089.302979 0.000000 0.151852 0.000000 0.988403 1.000000 1.000000 1.000000
3076.269043 0.000000 3068.175537 0.000000 0.904264 0.000000 0.426974 1.000000 1.000000 1.000000
3033.384521 0.000000 3098.389404 0.000000 0.998824 0.000000 0.048487 1.000000 1.000000 1.000000
3065.524414 0.000000 3103.656250 0.000000 0.847755 0.000000 0.530388 1.000000 1.000000 1.000000
3060.335205 0.000000 3061.248535 0.000000 0.677193 0.000000 0.735806 1.000000 1.000000 1.000000
3032.883545 0.000000 3104.054199 0.000000 0.700580 0.000000 0.713574 1.000000 1.000000 1.000000
3075.848877 0.000000 3102.344482 0.000000 0.272712 0.000000 0.962096 1.000000 1.000000 1.000000
3069.721191 0.000000 3104.230225 0.000000 0.539725 0.000000 0.841842 1.000000 1.000000 1.000000
3079.998535 0.000000 3132.600342 0.000000 0.080346 0.000000 0.996767 1.000000 1.000000 1.000000
3085.815430 0.000000 3072.051758 0.000000 0.077197 0.000000 0.997016 1.000000 1.000000 1.000000
3046.563477 0.000000 3076.755859 0.000000 0.561191 0.000000 0.827687 1.000000 1.000000 1.000000
3034.073730 0.000000 3107.931885 0.000000 0.944179 0.000000 0.329432 1.000000 1.000000 1.000000
3041.306885 0.000000 3083.154785 0.000000 0.138778 0.000000 0.990323 1.000000 1.000000 1.000000
3015.493652 0.000000 3073.660156 0.000000 0.983980 0.000000 0.178277 1.000000 1.000000 1.000000
3064.321045 0.000000 3102.218750 0.000000 0.406804 0.000000 0.913516 1.000000 1.000000 1.000000
3012.030029 0.000000 3072.053467 0.000000 0.709160 0.000000 0.705047 1.000000 1.000000 1.000000
3048.241699 0.000000 3077.856445 0.000000 0.360942 0.000000 0.932588 1.000000 1.000000 1.000000
3041.074951 0.000000 3106.559326 0.000000 0.949526 0.000000 0.313687 1.000000 1.000000 1.000000
3101.414795 0.000000 3083.469971 0.000000 0.405709 0.000000 0.914002 1.000000 1.000000 1.000000
3033.958252 0.000000 3101.786133 0.000000 0.998962 0.000000 0.045557 1.000000 1.000000 1.000000
3014.325928 0.000000 3095.194580 0.000000 0.934486 0.000000 0.355999 1.000000 1.000000 1.000000
3069.138672 0.000000 3105.898926 0.000000 0.961818 0.000000 0.273691 1.000000 1.000000 1.000000
3032.636719 0.000000 3109.828369 0.000000 0.573566 0.000000 0.819159 1.000000 1.000000 1.000000
3061.936768 0.000000 3061.955078 0.000000 0.848751 0.000000 0.528793 1.000000 1.000000 1.000000
3046.266846 0.000000 3059.521240 0.000000 0.357729 0.000000 0.933825 1.000000 1.000000 1.000000
3059.406006 0.000000 3138.008789 0.000000 0.992031 0.000000 0.125993 1.000000 1.000000 1.000000
3078.482422 0.000000 3132.161865 0.000000 0.068659 0.000000 0.997640 1.000000 1.000000 1.000000
3029.370605 0.000000 3130.372803 0.000000 0.682023 0.000000 0.731331 1.000000 1.000000 1.000000
3076.476807 0.000000 3069.635498 0.000000 0.635123 0.000000 0.772411 1.000000 1.000000 1.000000
3034.892090 0.000000 3106.754883 0.000000 0.691416 0.000000 0.722457 1.000000 1.000000 1.000000
3069.685059 0.000000 3102.864746 0.000000 0.407843 0.000000 0.913052 1.000000 1.000000 1.000000
3056.073730 0.000000 3140.755127 0.000000 0.985561 0.000000 0.169320 1.000000 1.000000 1.000000
3073.779785 0.000000 3102.092529 0.000000 0.989729 0.000000 0.142955 1.000000 1.000000 1.000000
3052.916748 0.000000 3098.256348 0.000000 0.151727 0.000000 0.988423 1.000000 1.000000 1.000000
3060.565186 0.000000 3137.734863 0.000000 0.278530 0.000000 0.960428 1.000000 1.000000 1.000000
2928.483643 0.000000 3193.084717 0.000000 0.975656 0.000000 0.219307 1.000000 1.000000 1.000000
3004.041992 0.000000 3168.800293 0.000000 0.981221 0.000000 0.192889 1.000000 1.000000 1.000000
2932.511475 0.000000 3236.730957 0.000000 0.990653 0.000000 0.136407 1.000000 1.000000 1.000000
2973.978760 0.000000 3218.943359 0.000000 0.983106 0.000000 0.183037 1.000000 1.000000 1.000000
2994.276123 0.000000 3192.003906 0.000000 0.859884 0.000000 0.510489 1.000000 1.000000 1.000000
2976.487305 0.000000 3221.989746 0.000000 0.870618 0.000000 0.491960 1.000000 1.000000 1.000000
2938.009033 0.000000 3210.285400 0.000000 0.995978 0.000000 0.089599 1.000000 1.000000 1.000000
2964.441162 0.000000 3191.840820 0.000000 0.664089 0.000000 0.747653 1.000000 1.000000 1.000000
3004.358887 0.000000 3208.665527 0.000000 0.968673 0.000000 0.248341 1.000000 1.000000 1.000000
2938.940674 0.000000 3212.594971 0.000000 0.691782 0.000000 0.722106 1.000000 1.000000 1.000000
2986.663818 0.000000 3203.173584 0.000000 0.918301 0.000000 0.395882 1.000000 1.000000 1.000000
2937.015381 0.000000 3239.160645 0.000000 0.351735 0.000000 0.936099 1.000000 1.000000 1.000000
2933.911621 0.000000 3238.599365 0.000000 0.985337 0.000000 0.170617 1.000000 1.000000 1.000000
2988.145752 0.000000 3198.796875 0.000000 0.991308 0.000000 0.131564 1.000000 1.000000 1.000000
2992.312500 0.000000 3197.800537 0.000000 0.118168 0.000000 0.992994 1.000000 1.000000 1.000000
2963.264893 0.000000 3190.286133 0.000000 0.995321 0.000000 0.096623 1.000000 1.000000 1.000000
2986.012451 0.000000 3198.937744 0.000000 0.978190 0.000000 0.207711 1.000000 1.000000 1.000000
2994.297607 0.000000 3196.492432 0.000000 0.301881 0.000000 0.953346 1.000000 1.000000 1.000000
2989.550049 0.000000 3200.045898 0.000000 0.382309 0.000000 0.924035 1.000000 1.000000 1.000000
2990.840088 0.000000 3196.521484 0.000000 0.994123 0.000000 0.108254 1.000000 1.000000 1.000000
3000.501953 0.000000 3170.426514 0.000000 0.980270 0.000000 0.197662 1.000000 1.000000 1.000000
2998.526611 0.000000 3184.346680 0.000000 0.207253 0.000000 0.978287 1.000000 1.000000 1.000000
3003.706055 0.000000 3170.528076 0.000000 0.095893 0.000000 0.995392 1.000000 1.000000 1.000000
2941.559814 0.000000 3211.665527 0.000000 0.967713 0.000000 0.252054 1.000000 1.000000 1.000000
3047.719482 0.000000 3150.400635 0.000000 0.756274 0.000000 0.654255 1.000000 1.000000 1.000000
3092.879883 0.000000 3201.860107 0.000000 0.391012 0.000000 0.920385 1.000000 1.000000 1.000000
3065.476807 0.000000 3157.916016 0.000000 0.993547 0.000000 0.113419 1.000000 1.000000 1.000000
3031.177002 0.000000 3182.349609 0.000000 0.969226 0.000000 0.246172 1.000000 1.000000 1.000000
3080.818115 0.000000 3194.268555 0.000000 0.671609 0.000000 0.740906 1.000000 1.000000 1.000000
3086.046875 0.000000 3169.735840 0.000000 0.550681 0.000000 0.834716 1.000000 1.000000 1.000000
3027.607178 0.000000 3191.982422 0.000000 0.718726 0.000000 0.695294 1.000000 1.000000 1.000000
3098.549072 0.000000 3161.405029 0.000000 0.206330 0.000000 0.978482 1.000000 1.000000 1.000000
3011.002197 0.000000 3177.605225 0.000000 0.470462 0.000000 0.882420 1.000000 1.000000 1.000000
3066.897705 0.000000 3151.596436 0.000000 0.143600 0.000000 0.989636 1.000000 1.000000 1.000000
3085.730469 0.000000 3198.319824 0.000000 0.990106 0.000000 0.140323 1.000000 1.000000 1.000000
3058.833984 0.000000 3157.451904 0.000000 0.393146 0.000000 0.919476 1.000000 1.000000 1.000000
3024.021240 0.000000 3194.888428 0.000000 0.161191 0.000000 0.986923 1.000000 1.000000 1.000000
3088.028809 0.000000 3149.529053 0.000000 0.991543 0.000000 0.129775 1.000000 1.000000 1.000000
3044.848633 0.000000 3153.145508 0.000000 0.802804 0.000000 0.596242 1.000000 1.000000 1.000000
3018.365234 0.000000 3153.750732 0.000000 0.415148 0.000000 0.909754 1.000000 1.000000 1.000000
3059.013916 0.000000 3153.256836 0.000000 0.998314 0.000000 0.058038 1.000000 1.000000 1.000000
3022.876465 0.000000 3192.089844 0.000000 0.196419 0.000000 0.980520 1.000000 1.000000 1.000000
3087.697021 0.000000 3199.596191 0.000000 0.122662 0.000000 0.992449 1.000000 1.000000 1.000000
3058.315186 0.000000 3155.271729 0.000000 0.476146 0.000000 0.879366 1.000000 1.000000 1.000000
3016.345215 0.000000 3153.379150 0.000000 0.226250 0.000000 0.974069 1.000000 1.000000 1.000000
3088.852295 0.000000 3198.661377 0.000000 0.996380 0.000000 0.085017 1.000000 1.000000 1.000000
3110.968018 0.000000 3103.100342 0.000000 0.485784 0.000000 0.874079 1.000000 1.000000 1.000000
3156.405273 0.000000 3142.396729 0.000000 0.996521 0.000000 0.083341 1.000000 1.000000 1.000000
3135.870117 0.000000 3092.155518 0.000000 0.268980 0.000000 0.963146 1.000000 1.000000 1.000000
3152.598633 0.000000 3134.152100 0.000000 0.880038 0.000000 0.474903 1.000000 1.000000 1.000000
3140.755859 0.000000 3079.341064 0.000000 0.994472 0.000000 0.104999 1.000000 1.000000 1.000000
3125.431396 0.000000 3113.595947 0.000000 0.952574 0.000000 0.304308 1.000000 1.000000 1.000000
3133.919678 0.000000 3087.597656 0.000000 0.674292 0.000000 0.738465 1.000000 1.000000 1.000000
3161.524170 0.000000 3139.249268 0.000000 0.999356 0.000000 0.035891 1.000000 1.000000 1.000000
3139.612793 0.000000 3090.090820 0.000000 0.790540 0.000000 0.612410 1.000000 1.000000 1.000000
3107.114990 0.000000 3101.649658 0.000000 0.001774 0.000000 0.999998 1.000000 1.000000 1.000000
3140.628906 0.000000 3064.113281 0.000000 0.161355 0.000000 0.986897 1.000000 1.000000 1.000000
3113.316650 0.000000 3120.424072 0.000000 0.994965 0.000000 0.100220 1.000000 1.000000 1.000000
3158.159180 0.000000 3139.178955 0.000000 0.999882 0.000000 0.015354 1.000000 1.000000 1.000000
3112.419678 0.000000 3123.548096 0.000000 0.058787 0.000000 0.998271 1.000000 1.000000 1.000000
3159.358643 0.000000 3141.935059 0.000000 0.034113 0.000000 0.999418 1.000000 1.000000 1.000000
3138.641113 0.000000 3092.802490 0.000000 0.998938 0.000000 0.046077 1.000000 1.000000 1.000000
3104.689453 0.000000 3099.796387 0.000000 0.513469 0.000000 0.858108 1.000000 1.000000 1.000000
3143.239502 0.000000 3063.907715 0.000000 0.373592 0.000000 0.927593 1.000000 1.000000 1.000000
3103.597412 0.000000 3075.757080 0.000000 0.760312 0.000000 0.649558 1.000000 1.000000 1.000000
3160.626709 0.000000 3145.300293 0.000000 0.922597 0.000000 0.385764 1.000000 1.000000 1.000000
3105.013428 0.000000 3101.769043 0.000000 0.445827 0.000000 0.895119 1.000000 1.000000 1.000000
3160.131104 0.000000 3143.568359 0.000000 0.791495 0.000000 0.611176 1.000000 1.000000 1.000000
3137.115967 0.000000 3093.568115 0.000000 0.827603 0.000000 0.561314 1.000000 1.000000 1.000000
3143.305420 0.000000 3079.235352 0.000000 0.987756 0.000000 0.156004 1.000000 1.000000 1.000000
3123.975830 0.000000 3086.465088 0.000000 0.478803 0.000000 0.877922 1.000000 1.000000 1.000000
3122.456299 0.000000 3087.300293 0.000000 0.353039 0.000000 0.935609 1.000000 1.000000 1.000000
3123.297119 0.000000 3084.968506 0.000000 0.437044 0.000000 0.899440 1.000000 1.000000 1.000000
3230.203857 0.000000 3060.416260 0.000000 0.010295 0.000000 0.999947 1.000000 1.000000 1.000000
3275.364258 0.000000 3111.875732 0.000000 0.991877 0.000000 0.127200 1.000000 1.000000 1.000000
3216.630859 0.000000 3077.587402 0.000000 0.723559 0.000000 0.690262 1.000000 1.000000 1.000000
3221.711426 0.000000 3115.676758 0.000000 0.211147 0.000000 0.977454 1.000000 1.000000 1.000000
3281.293213 0.000000 3087.262451 0.000000 0.933957 0.000000 0.357385 1.000000 1.000000 1.000000
3244.111328 0.000000 3086.516357 0.000000 0.170291 0.000000 0.985394 1.000000 1.000000 1.000000
3233.050049 0.000000 3135.255859 0.000000 0.595360 0.000000 0.803459 1.000000 1.000000 1.000000
3215.839111 0.000000 3067.362793 0.000000 0.436125 0.000000 0.899886 1.000000 1.000000 1.000000
3236.165039 0.000000 3061.980713 0.000000 0.996906 0.000000 0.078604 1.000000 1.000000 1.000000
3270.580078 0.000000 3123.747314 0.000000 0.970640 0.000000 0.240537 1.000000 1.000000 1.000000
3225.477539 0.000000 3069.794678 0.000000 0.597456 0.000000 0.801901 1.000000 1.000000 1.000000
3272.714600 0.000000 3108.816406 0.000000 0.145020 0.000000 0.989429 1.000000 1.000000 1.000000
3220.436279 0.000000 3073.833740 0.000000 0.080160 0.000000 0.996782 1.000000 1.000000 1.000000
3244.266357 0.000000 3127.861816 0.000000 0.459284 0.000000 0.888289 1.000000 1.000000 1.000000
3233.646973 0.000000 3059.584473 0.000000 0.978239 0.000000 0.207482 1.000000 1.000000 1.000000
3219.961426 0.000000 3112.790771 0.000000 0.438664 0.000000 0.898651 1.000000 1.000000 1.000000
3247.173340 0.000000 3086.781982 0.000000 0.768975 0.000000 0.639279 1.000000 1.000000 1.000000
3208.989990 0.000000 3069.676758 0.000000 0.998895 0.000000 0.046992 1.000000 1.000000 1.000000
3280.510986 0.000000 3089.967529 0.000000 0.855538 0.000000 0.517741 1.000000 1.000000 1.000000
3230.623535 0.000000 3136.150391 0.000000 0.970115 0.000000 0.242646 1.000000 1.000000 1.000000
3226.040527 0.000000 3065.399170 0.000000 0.644609 0.000000 0.764512 1.000000 1.000000 1.000000
3214.210205 0.000000 3069.308105 0.000000 0.451278 0.000000 0.892384 1.000000 1.000000 1.000000
3268.890381 0.000000 3125.444580 0.000000 0.981541 0.000000 0.191251 1.000000 1.000000 1.000000
3275.360107 0.000000 3109.258545 0.000000 0.507109 0.000000 0.861882 1.000000 1.000000 1.000000
3227.329346 0.000000 3071.265381 0.000000 0.619055 0.000000 0.785347 1.000000 1.000000 1.000000
3230.096680 0.000000 3138.384277 0.000000 0.969861 0.000000 0.243660 1.000000 1.000000 1.000000
3246.815186 0.000000 3088.849121 0.000000 0.678358 0.000000 0.734732 1.000000 1.000000 1.000000
3266.681396 0.000000 3103.617676 0.000000 0.304059 0.000000 0.952653 1.000000 1.000000 1.000000
3283.877930 0.000000 3087.496338 0.000000 0.327139 0.000000 0.944976 1.000000 1.000000 1.000000
3235.502930 0.000000 3060.089844 0.000000 0.860960 0.000000 0.508673 1.000000 1.000000 1.000000
3234.333740 0.000000 3061.710938 0.000000 0.362983 0.000000 0.931796 1.000000 1.000000 1.000000
3221.060303 0.000000 3072.180420 0.000000 0.848412 0.000000 0.529336 1.000000 1.000000 1.000000
3218.108643 0.000000 3112.677979 0.000000 0.999998 0.000000 0.001871 1.000000 1.000000 1.000000
3239.258057 0.000000 3126.461182 0.000000 0.581428 0.000000 0.813598 1.000000 1.000000 1.000000
3266.511719 0.000000 3101.833496 0.000000 0.641119 0.000000 0.767442 1.000000 1.000000 1.000000
3102.725342 0.000000 3200.842285 0.000000 0.902870 0.000000 0.429913 1.000000 1.000000 1.000000
3155.253662 0.000000 3204.619385 0.000000 0.650755 0.000000 0.759288 1.000000 1.000000 1.000000
3180.937012 0.000000 3209.563477 0.000000 0.873686 0.000000 0.486490 1.000000 1.000000 1.000000
3131.690674 0.000000 3213.468018 0.000000 0.924395 0.000000 0.381437 1.000000 1.000000 1.000000
3110.459717 0.000000 3150.628418 0.000000 0.909994 0.000000 0.414622 1.000000 1.000000 1.000000
3109.041504 0.000000 3160.562988 0.000000 0.804963 0.000000 0.593325 1.000000 1.000000 1.000000
3127.958740 0.000000 3210.056641 0.000000 0.975235 0.000000 0.221171 1.000000 1.000000 1.000000
3176.760498 0.000000 3192.003906 0.000000 0.979506 0.000000 0.201416 1.000000 1.000000 1.000000
3179.882812 0.000000 3204.894531 0.000000 0.430377 0.000000 0.902649 1.000000 1.000000 1.000000
3172.558838 0.000000 3161.635986 0.000000 0.972892 0.000000 0.231260 1.000000 1.000000 1.000000
3179.993408 0.000000 3190.366943 0.000000 0.434207 0.000000 0.900813 1.000000 1.000000 1.000000
3106.954834 0.000000 3151.447021 0.000000 0.810394 0.000000 0.585886 1.000000 1.000000 1.000000
3175.022461 0.000000 3195.677002 0.000000 0.215951 0.000000 0.976404 1.000000 1.000000 1.000000
3106.049072 0.000000 3158.340576 0.000000 0.999950 0.000000 0.010002 1.000000 1.000000 1.000000
3138.463623 0.000000 3207.906982 0.000000 0.052043 0.000000 0.998645 1.000000 1.000000 1.000000
3179.217773 0.000000 3207.477051 0.000000 0.291926 0.000000 0.956441 1.000000 1.000000 1.000000
3138.859863 0.000000 3205.336670 0.000000 0.964595 0.000000 0.263734 1.000000 1.000000 1.000000
3110.567383 0.000000 3202.864014 0.000000 0.843015 0.000000 0.537890 1.000000 1.000000 1.000000
3178.498291 0.000000 3191.378418 0.000000 0.998962 0.000000 0.045542 1.000000 1.000000 1.000000
3127.070312 0.000000 3211.455322 0.000000 0.563254 0.000000 0.826284 1.000000 1.000000 1.000000
3178.694580 0.000000 3190.110840 0.000000 0.999201 0.000000 0.039965 1.000000 1.000000 1.000000
3106.817139 0.000000 3159.345459 0.000000 0.940558 0.000000 0.339634 1.000000 1.000000 1.000000
3228.856689 0.000000 3163.104492 0.000000 0.594604 0.000000 0.804019 1.000000 1.000000 1.000000
3204.978027 0.000000 3184.304443 0.000000 0.915963 0.000000 0.401263 1.000000 1.000000 1.000000
3211.699219 0.000000 3159.869873 0.000000 0.969647 0.000000 0.244510 1.000000 1.000000 1.000000
3221.192627 0.000000 3159.640137 0.000000 0.171174 0.000000 0.985241 1.000000 1.000000 1.000000
3239.496094 0.000000 3207.956055 0.000000 0.179485 0.000000 0.983761 1.000000 1.000000 1.000000
3252.592041 0.000000 3205.512939 0.000000 0.712819 0.000000 0.701349 1.000000 1.000000 1.000000
3216.673584 0.000000 3203.580322 0.000000 0.934318 0.000000 0.356440 1.000000 1.000000 1.000000
3250.027100 0.000000 3194.995361 0.000000 0.915118 0.000000 0.403187 1.000000 1.000000 1.000000
3248.670898 0.000000 3191.287354 0.000000 0.940471 0.000000 0.339873 1.000000 1.000000 1.000000
3223.711182 0.000000 3156.388428 0.000000 0.973387 0.000000 0.229168 1.000000 1.000000 1.000000
3200.236816 0.000000 3207.903564 0.000000 0.825337 0.000000 0.564641 1.000000 1.000000 1.000000
3200.710449 0.000000 3204.634766 0.000000 0.993988 0.000000 0.109488 1.000000 1.000000 1.000000
3251.508545 0.000000 3197.664795 0.000000 0.996561 0.000000 0.082861 1.000000 1.000000 1.000000
3203.043701 0.000000 3186.697754 0.000000 0.985905 0.000000 0.167308 1.000000 1.000000 1.000000
3206.981934 0.000000 3186.394043 0.000000 0.324617 0.000000 0.945845 1.000000 1.000000 1.000000
3207.873535 0.000000 3184.024902 0.000000 0.881935 0.000000 0.471372 1.000000 1.000000 1.000000
3239.798340 0.000000 3166.192871 0.000000 0.817414 0.000000 0.576051 1.000000 1.000000 1.000000
3221.335938 0.000000 3157.270996 0.000000 0.328375 0.000000 0.944547 1.000000 1.000000 1.000000
3246.660400 0.000000 3190.145264 0.000000 0.995021 0.000000 0.099662 1.000000 1.000000 1.000000
3248.783203 0.000000 3188.919434 0.000000 0.970032 0.000000 0.242977 1.000000 1.000000 1.000000
3252.205566 0.000000 3194.214600 0.000000 0.872412 0.000000 0.488771 1.000000 1.000000 1.000000
3205.064697 0.000000 3187.188721 0.000000 0.460725 0.000000 0.887543 1.000000 1.000000 1.000000
3201.741211 0.000000 3206.479004 0.000000 0.581292 0.000000 0.813695 1.000000 1.000000 1.000000
3253.345703 0.000000 3197.093994 0.000000 0.450231 0.000000 0.892912 1.000000 1.000000 1.000000
3207.248535 0.000000 3159.306152 0.000000 0.920973 0.000000 0.389626 1.000000 1.000000 1.000000
3238.589844 0.000000 3167.235840 0.000000 0.991226 0.000000 0.132176 1.000000 1.000000 1.000000
3249.589844 0.000000 3190.088379 0.000000 0.865712 0.000000 0.500542 1.000000 1.000000 1.000000
3222.696533 0.000000 3157.459717 0.000000 0.904453 0.000000 0.426574 1.000000 1.000000 1.000000
3223.754395 0.000000 3157.721680 0.000000 0.777240 0.000000 0.629204 1.000000 1.000000 1.000000
3314.612793 0.000000 2962.540039 0.000000 0.907555 0.000000 0.419934 1.000000 1.000000 1.000000
3328.736328 0.000000 2904.009521 0.000000 0.878190 0.000000 0.478313 1.000000 1.000000 1.000000
3304.903564 0.000000 2912.396484 0.000000 0.253386 0.000000 0.967365 1.000000 1.000000 1.000000
3363.756348 0.000000 2907.583008 0.000000 0.999915 0.000000 0.013005 1.000000 1.000000 1.000000
3312.953613 0.000000 2935.708008 0.000000 0.517570 0.000000 0.855641 1.000000 1.000000 1.000000
3313.175781 0.000000 2957.167480 0.000000 0.855415 0.000000 0.517944 1.000000 1.000000 1.000000
3355.605225 0.000000 2915.109375 0.000000 0.475584 0.000000 0.879670 1.000000 1.000000 1.000000
3316.404053 0.000000 2907.628906 0.000000 0.710178 0.000000 0.704022 1.000000 1.000000 1.000000
3320.796875 0.000000 2933.097656 0.000000 0.483105 0.000000 0.875562 1.000000 1.000000 1.000000
3304.186768 0.000000 2915.411377 0.000000 0.175633 0.000000 0.984456 1.000000 1.000000 1.000000
3323.887695 0.000000 2933.056885 0.000000 0.423290 0.000000 0.905994 1.000000 1.000000 1.000000
3356.519775 0.000000 2912.196045 0.000000 0.870973 0.000000 0.491330 1.000000 1.000000 1.000000
3353.202148 0.000000 2916.940430 0.000000 0.260938 0.000000 0.965355 1.000000 1.000000 1.000000
3307.389893 0.000000 2913.360352 0.000000 0.890529 0.000000 0.454926 1.000000 1.000000 1.000000
3284.770508 0.000000 2960.115723 0.000000 0.966096 0.000000 0.258181 1.000000 1.000000 1.000000
3350.497559 0.000000 2914.849609 0.000000 0.684774 0.000000 0.728755 1.000000 1.000000 1.000000
3326.699707 0.000000 2902.489990 0.000000 0.789953 0.000000 0.613167 1.000000 1.000000 1.000000
3314.288330 0.000000 2960.179199 0.000000 0.953353 0.000000 0.301859 1.000000 1.000000 1.000000
3354.202148 0.000000 2912.106201 0.000000 0.439656 0.000000 0.898166 1.000000 1.000000 1.000000
3362.189941 0.000000 2908.864502 0.000000 0.999998 0.000000 0.001827 1.000000 1.000000 1.000000
3353.605469 0.000000 2915.018555 0.000000 0.958577 0.000000 0.284834 1.000000 1.000000 1.000000
3315.194580 0.000000 2909.187012 0.000000 0.841414 0.000000 0.540392 1.000000 1.000000 1.000000
3351.669189 0.000000 2916.122559 0.000000 0.250689 0.000000 0.968068 1.000000 1.000000 1.000000
3356.867676 0.000000 2913.854248 0.000000 0.734039 0.000000 0.679107 1.000000 1.000000 1.000000
3311.880859 0.000000 2934.331543 0.000000 0.956085 0.000000 0.293090 1.000000 1.000000 1.000000
3322.107178 0.000000 2911.650391 0.000000 0.230771 0.000000 0.973008 1.000000 1.000000 1.000000
3322.273682 0.000000 2933.206543 0.000000 0.384298 0.000000 0.923209 1.000000 1.000000 1.000000
3378.291504 0.000000 2901.377686 0.000000 0.041840 0.000000 0.999124 1.000000 1.000000 1.000000
3417.454834 0.000000 2911.229248 0.000000 0.355970 0.000000 0.934497 1.000000 1.000000 1.000000
3429.279541 0.000000 2917.743408 0.000000 0.956942 0.000000 0.290280 1.000000 1.000000 1.000000
3391.821045 0.000000 2884.894043 0.000000 0.487205 0.000000 0.873287 1.000000 1.000000 1.000000
3425.935059 0.000000 2901.929443 0.000000 0.651305 0.000000 0.758816 1.000000 1.000000 1.000000
3388.241699 0.000000 2882.565674 0.000000 0.877990 0.000000 0.478679 1.000000 1.000000 1.000000
3447.014893 0.000000 2897.016602 0.000000 0.553647 0.000000 0.832752 1.000000 1.000000 1.000000
3404.940674 0.000000 2904.774658 0.000000 0.781359 0.000000 0.624081 1.000000 1.000000 1.000000
3411.886963 0.000000 2902.196533 0.000000 0.890302 0.000000 0.455371 1.000000 1.000000 1.000000
3420.652100 0.000000 2921.887695 0.000000 0.067900 0.000000 0.997692 1.000000 1.000000 1.000000
3398.469971 0.000000 2907.543701 0.000000 0.717676 0.000000 0.696378 1.000000 1.000000 1.000000
3420.696045 0.000000 2918.756104 0.000000 0.736366 0.000000 0.676583 1.000000 1.000000 1.000000
3431.547119 0.000000 2915.613525 0.000000 0.996454 0.000000 0.084135 1.000000 1.000000 1.000000
3453.761475 0.000000 2899.944824 0.000000 0.066117 0.000000 0.997812 1.000000 1.000000 1.000000
3379.007324 0.000000 2903.851807 0.000000 0.829676 0.000000 0.558245 1.000000 1.000000 1.000000
3410.028320 0.000000 2900.632812 0.000000 0.595754 0.000000 0.803167 1.000000 1.000000 1.000000
3376.000977 0.000000 2900.643555 0.000000 0.128325 0.000000 0.991732 1.000000 1.000000 1.000000
3383.311279 0.000000 2905.727539 0.000000 0.308256 0.000000 0.951303 1.000000 1.000000 1.000000
3390.381348 0.000000 2883.123779 0.000000 0.679901 0.000000 0.733304 1.000000 1.000000 1.000000
3410.103271 0.000000 2903.206787 0.000000 0.717802 0.000000 0.696247 1.000000 1.000000 1.000000
3427.960205 0.000000 2902.401855 0.000000 0.899318 0.000000 0.437295 1.000000 1.000000 1.000000
3406.275635 0.000000 2903.186035 0.000000 0.834817 0.000000 0.550528 1.000000 1.000000 1.000000
3421.967285 0.000000 2920.548096 0.000000 0.182733 0.000000 0.983162 1.000000 1.000000 1.000000
3368.735840 0.000000 3035.884766 0.000000 0.876192 0.000000 0.481962 1.000000 1.000000 1.000000
3318.354492 0.000000 3002.171143 0.000000 0.949669 0.000000 0.313256 1.000000 1.000000 1.000000
3286.680664 0.000000 3004.086182 0.000000 0.748487 0.000000 0.663149 1.000000 1.000000 1.000000
3316.870605 0.000000 2992.474609 0.000000 0.037735 0.000000 0.999288 1.000000 1.000000 1.000000
3310.960449 0.000000 2997.553223 0.000000 0.662558 0.000000 0.749010 1.000000 1.000000 1.000000
3316.854248 0.000000 3021.484131 0.000000 0.994479 0.000000 0.104935 1.000000 1.000000 1.000000
3316.404053 0.000000 2997.613281 0.000000 0.297800 0.000000 0.954628 1.000000 1.000000 1.000000
3307.849365 0.000000 3005.848145 0.000000 0.479381 0.000000 0.877607 1.000000 1.000000 1.000000
3313.698486 0.000000 2994.759033 0.000000 0.727931 0.000000 0.685650 1.000000 1.000000 1.000000
3336.379883 0.000000 3000.161621 0.000000 0.962970 0.000000 0.269609 1.000000 1.000000 1.000000
3314.956543 0.000000 3018.514893 0.000000 0.981758 0.000000 0.190137 1.000000 1.000000 1.000000
3288.168213 0.000000 2996.521729 0.000000 0.594851 0.000000 0.803836 1.000000 1.000000 1.000000
3293.923584 0.000000 2994.173096 0.000000 0.976790 0.000000 0.214199 1.000000 1.000000 1.000000
3318.790771 0.000000 2995.300049 0.000000 0.993607 0.000000 0.112892 1.000000 1.000000 1.000000
3371.850586 0.000000 3035.709229 0.000000 0.941524 0.000000 0.336945 1.000000 1.000000 1.000000
3318.667236 0.000000 3015.159180 0.000000 0.335286 0.000000 0.942116 1.000000 1.000000 1.000000
3314.177002 0.000000 3003.353271 0.000000 0.199441 0.000000 0.979910 1.000000 1.000000 1.000000
3316.984375 0.000000 3019.411133 0.000000 0.358406 0.000000 0.933566 1.000000 1.000000 1.000000
3369.240723 0.000000 3037.975098 0.000000 0.005341 0.000000 0.999986 1.000000 1.000000 1.000000
3312.488525 0.000000 2996.316162 0.000000 0.458449 0.000000 0.888721 1.000000 1.000000 1.000000
3306.098877 0.000000 3004.843018 0.000000 0.837166 0.000000 0.546949 1.000000 1.000000 1.000000
3314.789062 0.000000 2996.404297 0.000000 0.627260 0.000000 0.778810 1.000000 1.000000 1.000000
3457.848633 0.000000 3021.891357 0.000000 0.805138 0.000000 0.593087 1.000000 1.000000 1.000000
3399.293945 0.000000 2972.550781 0.000000 0.498024 0.000000 0.867163 1.000000 1.000000 1.000000
3377.430176 0.000000 3047.969238 0.000000 0.997433 0.000000 0.071604 1.000000 1.000000 1.000000
3404.195801 0.000000 3025.692383 0.000000 0.520589 0.000000 0.853807 1.000000 1.000000 1.000000
3384.327637 0.000000 3051.496338 0.000000 0.538196 0.000000 0.842820 1.000000 1.000000 1.000000
3398.323486 0.000000 2977.378418 0.000000 0.537015 0.000000 0.843573 1.000000 1.000000 1.000000
3412.039062 0.000000 3023.082031 0.000000 0.511502 0.000000 0.859282 1.000000 1.000000 1.000000
3380.295410 0.000000 3050.968262 0.000000 0.909639 0.000000 0.415399 1.000000 1.000000 1.000000
3460.647705 0.000000 3020.112061 0.000000 0.901770 0.000000 0.432217 1.000000 1.000000 1.000000
3415.129883 0.000000 3023.041260 0.000000 0.417853 0.000000 0.908515 1.000000 1.000000 1.000000
3406.897217 0.000000 3024.353271 0.000000 0.210888 0.000000 0.977510 1.000000 1.000000 1.000000
3406.546875 0.000000 3027.020264 0.000000 0.209000 0.000000 0.977916 1.000000 1.000000 1.000000
3383.003418 0.000000 3053.662354 0.000000 0.048865 0.000000 0.998805 1.000000 1.000000 1.000000
3408.174805 0.000000 3027.644287 0.000000 0.165241 0.000000 0.986253 1.000000 1.000000 1.000000
3458.944092 0.000000 3020.536133 0.000000 0.607055 0.000000 0.794660 1.000000 1.000000 1.000000
3410.450684 0.000000 3022.145996 0.000000 0.047638 0.000000 0.998865 1.000000 1.000000 1.000000
3413.515869 0.000000 3023.190918 0.000000 0.881162 0.000000 0.472814 1.000000 1.000000 1.000000
3469.533691 0.000000 2901.377686 0.000000 0.811443 0.000000 0.584432 1.000000 1.000000 1.000000
3487.387939 0.000000 2912.396484 0.000000 0.755058 0.000000 0.655658 1.000000 1.000000 1.000000
3551.220215 0.000000 2945.900391 0.000000 0.685523 0.000000 0.728051 1.000000 1.000000 1.000000
3516.048828 0.000000 2912.989502 0.000000 0.507932 0.000000 0.861397 1.000000 1.000000 1.000000
3524.464355 0.000000 2942.097900 0.000000 0.303712 0.000000 0.952764 1.000000 1.000000 1.000000
3532.458984 0.000000 2902.502686 0.000000 0.866636 0.000000 0.498941 1.000000 1.000000 1.000000
3483.818115 0.000000 2922.029297 0.000000 0.028074 0.000000 0.999606 1.000000 1.000000 1.000000
3508.697021 0.000000 2911.229248 0.000000 0.731941 0.000000 0.681368 1.000000 1.000000 1.000000
3513.222656 0.000000 2938.002930 0.000000 0.192654 0.000000 0.981267 1.000000 1.000000 1.000000
3501.930908 0.000000 2918.943115 0.000000 0.946528 0.000000 0.322621 1.000000 1.000000 1.000000
3526.318604 0.000000 2935.559814 0.000000 0.067571 0.000000 0.997714 1.000000 1.000000 1.000000
3482.257324 0.000000 2909.317871 0.000000 0.831055 0.000000 0.556190 1.000000 1.000000 1.000000
3475.628418 0.000000 2900.788086 0.000000 0.155541 0.000000 0.987829 1.000000 1.000000 1.000000
3522.948975 0.000000 2909.120361 0.000000 0.216797 0.000000 0.976217 1.000000 1.000000 1.000000
3555.980713 0.000000 2912.092773 0.000000 0.547050 0.000000 0.837100 1.000000 1.000000 1.000000
3555.680176 0.000000 2943.183594 0.000000 0.999884 0.000000 0.015236 1.000000 1.000000 1.000000
3480.232178 0.000000 2924.935303 0.000000 0.999638 0.000000 0.026914 1.000000 1.000000 1.000000
3535.632080 0.000000 2935.189941 0.000000 0.926626 0.000000 0.375985 1.000000 1.000000 1.000000
3535.896484 0.000000 2905.569824 0.000000 0.848039 0.000000 0.529934 1.000000 1.000000 1.000000
3520.878418 0.000000 2913.262451 0.000000 0.342207 0.000000 0.939625 1.000000 1.000000 1.000000
3536.479980 0.000000 2967.112793 0.000000 0.424294 0.000000 0.905524 1.000000 1.000000 1.000000
3473.023926 0.000000 2903.910645 0.000000 0.910978 0.000000 0.412455 1.000000 1.000000 1.000000
3556.941650 0.000000 2916.136230 0.000000 0.203117 0.000000 0.979154 1.000000 1.000000 1.000000
3518.864258 0.000000 2910.177246 0.000000 0.426008 0.000000 0.904719 1.000000 1.000000 1.000000
3529.238770 0.000000 2945.874512 0.000000 0.763565 0.000000 0.645730 1.000000 1.000000 1.000000
3525.689453 0.000000 2906.572510 0.000000 0.649100 0.000000 0.760703 1.000000 1.000000 1.000000
3526.940674 0.000000 2943.920410 0.000000 0.997458 0.000000 0.071264 1.000000 1.000000 1.000000
3469.658203 0.000000 2919.827637 0.000000 0.995162 0.000000 0.098245 1.000000 1.000000 1.000000
3554.675293 0.000000 2917.535156 0.000000 0.630756 0.000000 0.775981 1.000000 1.000000 1.000000
3470.249512 0.000000 2903.851807 0.000000 0.916247 0.000000 0.400614 1.000000 1.000000 1.000000
3554.750977 0.000000 2914.615234 0.000000 0.990970 0.000000 0.134086 1.000000 1.000000 1.000000
3521.231689 0.000000 2910.841309 0.000000 0.228492 0.000000 0.973546 1.000000 1.000000 1.000000
3503.724854 0.000000 2917.007812 0.000000 0.542842 0.000000 0.839835 1.000000 1.000000 1.000000
3536.746094 0.000000 2964.860596 0.000000 0.486934 0.000000 0.873439 1.000000 1.000000 1.000000
3557.739746 0.000000 2942.404297 0.000000 0.218357 0.000000 0.975869 1.000000 1.000000 1.000000
3520.541748 0.000000 2908.880371 0.000000 0.492217 0.000000 0.870473 1.000000 1.000000 1.000000
3503.954102 0.000000 2919.138184 0.000000 0.619248 0.000000 0.785196 1.000000 1.000000 1.000000
3501.055908 0.000000 2917.038574 0.000000 0.952331 0.000000 0.305068 1.000000 1.000000 1.000000
3529.762207 0.000000 2943.919189 0.000000 0.428366 0.000000 0.903605 1.000000 1.000000 1.000000
3554.100830 0.000000 2942.811279 0.000000 0.957577 0.000000 0.288178 1.000000 1.000000 1.000000
3492.028564 0.000000 2929.223145 0.000000 0.516472 0.000000 0.856304 1.000000 1.000000 1.000000
3473.324951 0.000000 2902.312012 0.000000 0.755582 0.000000 0.655054 1.000000 1.000000 1.000000
3500.554443 0.000000 2918.498535 0.000000 0.911928 0.000000 0.410351 1.000000 1.000000 1.000000
3471.795410 0.000000 2900.294678 0.000000 0.675848 0.000000 0.737041 1.000000 1.000000 1.000000
3556.852051 0.000000 2943.875732 0.000000 0.952335 0.000000 0.305055 1.000000 1.000000 1.000000
3588.339355 0.000000 2962.540039 0.000000 0.791108 0.000000 0.611676 1.000000 1.000000 1.000000
3618.149414 0.000000 2963.328857 0.000000 0.774655 0.000000 0.632384 1.000000 1.000000 1.000000
3586.902344 0.000000 2957.167480 0.000000 0.537564 0.000000 0.843223 1.000000 1.000000 1.000000
3573.812256 0.000000 2961.079590 0.000000 0.677519 0.000000 0.735505 1.000000 1.000000 1.000000
3558.629150 0.000000 2917.734131 0.000000 0.996302 0.000000 0.085919 1.000000 1.000000 1.000000
3561.720215 0.000000 2942.042236 0.000000 0.997323 0.000000 0.073120 1.000000 1.000000 1.000000
3596.504150 0.000000 2920.780762 0.000000 0.680571 0.000000 0.732682 1.000000 1.000000 1.000000
3591.060547 0.000000 2921.763184 0.000000 0.987649 0.000000 0.156685 1.000000 1.000000 1.000000
3579.477783 0.000000 2921.824463 0.000000 0.481174 0.000000 0.876625 1.000000 1.000000 1.000000
3574.708252 0.000000 2958.244873 0.000000 0.375368 0.000000 0.926876 1.000000 1.000000 1.000000
3567.777588 0.000000 2958.130127 0.000000 0.870035 0.000000 0.492989 1.000000 1.000000 1.000000
3590.483398 0.000000 2917.912109 0.000000 0.268863 0.000000 0.963179 1.000000 1.000000 1.000000
3558.497070 0.000000 2960.115723 0.000000 0.915051 0.000000 0.403337 1.000000 1.000000 1.000000
3559.394531 0.000000 2942.630615 0.000000 0.468607 0.000000 0.883407 1.000000 1.000000 1.000000
3580.336670 0.000000 2924.085449 0.000000 0.584435 0.000000 0.811441 1.000000 1.000000 1.000000
3589.832764 0.000000 2919.985840 0.000000 0.358298 0.000000 0.933607 1.000000 1.000000 1.000000
3595.196289 0.000000 2919.138184 0.000000 0.715195 0.000000 0.698925 1.000000 1.000000 1.000000
3622.128174 0.000000 2960.263916 0.000000 0.793103 0.000000 0.609087 1.000000 1.000000 1.000000
3561.611816 0.000000 2958.763184 0.000000 0.268970 0.000000 0.963148 1.000000 1.000000 1.000000
3586.298096 0.000000 2958.803955 0.000000 0.695132 0.000000 0.718882 1.000000 1.000000 1.000000
3561.343506 0.000000 2961.744385 0.000000 0.982998 0.000000 0.183616 1.000000 1.000000 1.000000
3592.542480 0.000000 2921.253906 0.000000 0.832715 0.000000 0.553701 1.000000 1.000000 1.000000
3595.161621 0.000000 2920.943848 0.000000 0.584507 0.000000 0.811388 1.000000 1.000000 1.000000
3477.496338 0.000000 3026.688721 0.000000 0.812468 0.000000 0.583006 1.000000 1.000000 1.000000
3470.123535 0.000000 3027.865479 0.000000 0.461141 0.000000 0.887327 1.000000 1.000000 1.000000
3474.004150 0.000000 3021.282471 0.000000 0.027716 0.000000 0.999616 1.000000 1.000000 1.000000
3491.046875 0.000000 3015.357422 0.000000 0.888100 0.000000 0.459651 1.000000 1.000000 1.000000
3490.333740 0.000000 3005.848145 0.000000 0.992846 0.000000 0.119402 1.000000 1.000000 1.000000
3486.694824 0.000000 3014.891113 0.000000 0.974752 0.000000 0.223289 1.000000 1.000000 1.000000
3473.963379 0.000000 3027.934814 0.000000 0.864795 0.000000 0.502125 1.000000 1.000000 1.000000
3474.437012 0.000000 3024.666016 0.000000 0.997793 0.000000 0.066398 1.000000 1.000000 1.000000
3491.637207 0.000000 3012.832520 0.000000 0.917821 0.000000 0.396994 1.000000 1.000000 1.000000
3489.874268 0.000000 3003.344727 0.000000 0.757486 0.000000 0.652852 1.000000 1.000000 1.000000
3495.929932 0.000000 3006.388672 0.000000 0.426625 0.000000 0.904429 1.000000 1.000000 1.000000
3547.699463 0.000000 2982.952637 0.000000 0.862506 0.000000 0.506047 1.000000 1.000000 1.000000
3488.583252 0.000000 3004.843018 0.000000 0.536119 0.000000 0.844142 1.000000 1.000000 1.000000
3546.303711 0.000000 2980.409912 0.000000 0.506845 0.000000 0.862037 1.000000 1.000000 1.000000
3473.004883 0.000000 3024.956787 0.000000 0.617729 0.000000 0.786391 1.000000 1.000000 1.000000
3546.845215 0.000000 2981.756104 0.000000 0.768989 0.000000 0.639262 1.000000 1.000000 1.000000
3472.949463 0.000000 3022.102783 0.000000 0.855499 0.000000 0.517804 1.000000 1.000000 1.000000
3572.279053 0.000000 3045.975586 0.000000 0.992372 0.000000 0.123280 1.000000 1.000000 1.000000
3637.640137 0.000000 2978.630371 0.000000 0.802899 0.000000 0.596115 1.000000 1.000000 1.000000
3590.597168 0.000000 2992.474609 0.000000 0.245110 0.000000 0.969495 1.000000 1.000000 1.000000
3596.966797 0.000000 2989.356689 0.000000 0.999905 0.000000 0.013780 1.000000 1.000000 1.000000
3595.863037 0.000000 2995.699219 0.000000 0.980578 0.000000 0.196128 1.000000 1.000000 1.000000
3637.729492 0.000000 2985.294189 0.000000 0.541823 0.000000 0.840493 1.000000 1.000000 1.000000
3636.420410 0.000000 3038.175293 0.000000 0.867263 0.000000 0.497851 1.000000 1.000000 1.000000
3632.129150 0.000000 2983.847900 0.000000 0.973098 0.000000 0.230391 1.000000 1.000000 1.000000
3602.920654 0.000000 3045.923096 0.000000 0.693684 0.000000 0.720279 1.000000 1.000000 1.000000
3589.537842 0.000000 3029.802002 0.000000 0.994663 0.000000 0.103175 1.000000 1.000000 1.000000
3627.801514 0.000000 3033.635742 0.000000 0.403262 0.000000 0.915085 1.000000 1.000000 1.000000
3574.718506 0.000000 2982.944336 0.000000 0.991347 0.000000 0.131265 1.000000 1.000000 1.000000
3635.847168 0.000000 3041.797852 0.000000 0.313012 0.000000 0.949749 1.000000 1.000000 1.000000
3596.013184 0.000000 2986.064453 0.000000 0.671168 0.000000 0.741305 1.000000 1.000000 1.000000
3592.517334 0.000000 2995.300049 0.000000 0.981085 0.000000 0.193580 1.000000 1.000000 1.000000
3586.829590 0.000000 3028.573486 0.000000 0.825695 0.000000 0.564117 1.000000 1.000000 1.000000
3648.636963 0.000000 3027.897705 0.000000 0.880951 0.000000 0.473208 1.000000 1.000000 1.000000
3563.697754 0.000000 3038.604248 0.000000 0.075115 0.000000 0.997175 1.000000 1.000000 1.000000
3560.266357 0.000000 3041.561768 0.000000 0.911631 0.000000 0.411010 1.000000 1.000000 1.000000
3647.220459 0.000000 3030.473145 0.000000 0.990185 0.000000 0.139759 1.000000 1.000000 1.000000
3582.334717 0.000000 3028.872314 0.000000 0.373465 0.000000 0.927644 1.000000 1.000000 1.000000
3598.753174 0.000000 2990.781494 0.000000 0.992792 0.000000 0.119850 1.000000 1.000000 1.000000
3596.116943 0.000000 2993.562012 0.000000 0.222013 0.000000 0.975044 1.000000 1.000000 1.000000
3575.424316 0.000000 2981.250732 0.000000 0.998460 0.000000 0.055481 1.000000 1.000000 1.000000
3636.914062 0.000000 2983.799316 0.000000 0.934491 0.000000 0.355987 1.000000 1.000000 1.000000
3599.516357 0.000000 2989.250977 0.000000 0.486328 0.000000 0.873777 1.000000 1.000000 1.000000
3631.346191 0.000000 3042.773926 0.000000 0.939372 0.000000 0.342899 1.000000 1.000000 1.000000
3638.667969 0.000000 3037.132812 0.000000 0.902906 0.000000 0.429838 1.000000 1.000000 1.000000
3634.798828 0.000000 3038.197266 0.000000 0.234793 0.000000 0.972045 1.000000 1.000000 1.000000
3647.554443 0.000000 3028.991211 0.000000 0.981430 0.000000 0.191822 1.000000 1.000000 1.000000
3595.078369 0.000000 2990.830322 0.000000 0.889817 0.000000 0.456317 1.000000 1.000000 1.000000
3647.028320 0.000000 3027.575684 0.000000 0.663683 0.000000 0.748014 1.000000 1.000000 1.000000
3595.598389 0.000000 2992.431396 0.000000 0.305129 0.000000 0.952311 1.000000 1.000000 1.000000
3357.120117 0.000000 3136.053711 0.000000 0.136091 0.000000 0.990696 1.000000 1.000000 1.000000
3368.735840 0.000000 3125.869141 0.000000 0.992588 0.000000 0.121531 1.000000 1.000000 1.000000
3292.157471 0.000000 3121.719727 0.000000 0.487739 0.000000 0.872989 1.000000 1.000000 1.000000
3374.811523 0.000000 3103.006104 0.000000 0.108623 0.000000 0.994083 1.000000 1.000000 1.000000
3361.204346 0.000000 3121.180664 0.000000 0.999965 0.000000 0.008417 1.000000 1.000000 1.000000
3289.721436 0.000000 3120.012939 0.000000 0.577265 0.000000 0.816557 1.000000 1.000000 1.000000
3371.520996 0.000000 3102.133789 0.000000 0.855289 0.000000 0.518151 1.000000 1.000000 1.000000
3354.877197 0.000000 3136.346191 0.000000 0.924296 0.000000 0.381675 1.000000 1.000000 1.000000
3356.336914 0.000000 3140.988037 0.000000 0.670274 0.000000 0.742114 1.000000 1.000000 1.000000
3290.149658 0.000000 3121.750488 0.000000 0.987714 0.000000 0.156269 1.000000 1.000000 1.000000
3372.948975 0.000000 3103.166992 0.000000 0.161542 0.000000 0.986866 1.000000 1.000000 1.000000
3353.978760 0.000000 3137.819824 0.000000 0.334358 0.000000 0.942446 1.000000 1.000000 1.000000
3419.978516 0.000000 3083.978271 0.000000 0.771681 0.000000 0.636009 1.000000 1.000000 1.000000
3377.430176 0.000000 3137.953613 0.000000 0.914222 0.000000 0.405214 1.000000 1.000000 1.000000
3422.734375 0.000000 3145.779541 0.000000 0.995986 0.000000 0.089515 1.000000 1.000000 1.000000
3413.378662 0.000000 3085.683594 0.000000 0.102902 0.000000 0.994692 1.000000 1.000000 1.000000
3417.877930 0.000000 3148.764648 0.000000 0.538098 0.000000 0.842882 1.000000 1.000000 1.000000
3414.035156 0.000000 3095.058105 0.000000 0.299297 0.000000 0.954160 1.000000 1.000000 1.000000
3399.804688 0.000000 3105.341797 0.000000 0.661035 0.000000 0.750355 1.000000 1.000000 1.000000
3442.958740 0.000000 3070.118408 0.000000 0.354735 0.000000 0.934967 1.000000 1.000000 1.000000
3376.331055 0.000000 3133.526611 0.000000 0.324355 0.000000 0.945935 1.000000 1.000000 1.000000
3402.384521 0.000000 3065.426758 0.000000 0.991175 0.000000 0.132564 1.000000 1.000000 1.000000
3418.363281 0.000000 3080.162842 0.000000 0.659246 0.000000 0.751927 1.000000 1.000000 1.000000
3406.897217 0.000000 3114.337646 0.000000 0.746381 0.000000 0.665519 1.000000 1.000000 1.000000
3400.593262 0.000000 3069.413574 0.000000 0.101176 0.000000 0.994869 1.000000 1.000000 1.000000
3429.543213 0.000000 3106.500000 0.000000 0.983552 0.000000 0.180627 1.000000 1.000000 1.000000
3429.657715 0.000000 3086.781982 0.000000 0.240388 0.000000 0.970677 1.000000 1.000000 1.000000
3416.975098 0.000000 3077.567139 0.000000 0.745171 0.000000 0.666873 1.000000 1.000000 1.000000
3406.546875 0.000000 3117.004639 0.000000 0.426403 0.000000 0.904533 1.000000 1.000000 1.000000
3441.050293 0.000000 3075.263428 0.000000 0.799690 0.000000 0.600413 1.000000 1.000000 1.000000
3411.539551 0.000000 3087.054932 0.000000 0.685682 0.000000 0.727901 1.000000 1.000000 1.000000
3424.971924 0.000000 3145.617432 0.000000 0.707736 0.000000 0.706477 1.000000 1.000000 1.000000
3413.714600 0.000000 3087.863770 0.000000 0.798188 0.000000 0.602409 1.000000 1.000000 1.000000
3431.713379 0.000000 3107.074219 0.000000 0.048102 0.000000 0.998842 1.000000 1.000000 1.000000
3436.607178 0.000000 3077.418701 0.000000 0.971224 0.000000 0.238166 1.000000 1.000000 1.000000
3401.177734 0.000000 3111.035156 0.000000 0.853617 0.000000 0.520901 1.000000 1.000000 1.000000
3414.999023 0.000000 3077.405029 0.000000 0.425152 0.000000 0.905122 1.000000 1.000000 1.000000
3378.301025 0.000000 3133.389893 0.000000 0.306463 0.000000 0.951883 1.000000 1.000000 1.000000
3418.917480 0.000000 3109.670410 0.000000 0.711555 0.000000 0.702630 1.000000 1.000000 1.000000
3445.391602 0.000000 3073.803955 0.000000 0.901801 0.000000 0.432152 1.000000 1.000000 1.000000
3408.174805 0.000000 3117.628662 0.000000 0.993812 0.000000 0.111073 1.000000 1.000000 1.000000
3374.581055 0.000000 3154.047363 0.000000 0.983167 0.000000 0.182709 1.000000 1.000000 1.000000
3304.797852 0.000000 3198.865723 0.000000 0.187531 0.000000 0.982259 1.000000 1.000000 1.000000
3331.870361 0.000000 3150.191650 0.000000 0.666719 0.000000 0.745309 1.000000 1.000000 1.000000
3372.275635 0.000000 3161.405029 0.000000 0.876741 0.000000 0.480963 1.000000 1.000000 1.000000
3284.728760 0.000000 3177.605225 0.000000 0.757538 0.000000 0.652792 1.000000 1.000000 1.000000
3341.531494 0.000000 3225.968994 0.000000 0.068736 0.000000 0.997635 1.000000 1.000000 1.000000
3305.520752 0.000000 3173.818848 0.000000 0.857361 0.000000 0.514715 1.000000 1.000000 1.000000
3300.458740 0.000000 3166.959717 0.000000 0.661665 0.000000 0.749800 1.000000 1.000000 1.000000
3361.258301 0.000000 3153.545410 0.000000 0.885122 0.000000 0.465359 1.000000 1.000000 1.000000
3327.407227 0.000000 3151.965088 0.000000 0.951236 0.000000 0.308463 1.000000 1.000000 1.000000
3290.539551 0.000000 3173.863770 0.000000 0.757309 0.000000 0.653057 1.000000 1.000000 1.000000
3328.882324 0.000000 3159.436768 0.000000 0.998103 0.000000 0.061571 1.000000 1.000000 1.000000
3308.134766 0.000000 3199.869385 0.000000 0.102337 0.000000 0.994750 1.000000 1.000000 1.000000
3338.028320 0.000000 3222.387207 0.000000 0.142753 0.000000 0.989758 1.000000 1.000000 1.000000
3304.186768 0.000000 3185.364502 0.000000 0.086106 0.000000 0.996286 1.000000 1.000000 1.000000
3323.887695 0.000000 3203.010010 0.000000 0.997900 0.000000 0.064769 1.000000 1.000000 1.000000
3341.843018 0.000000 3231.919434 0.000000 0.630240 0.000000 0.776400 1.000000 1.000000 1.000000
3362.714600 0.000000 3156.036133 0.000000 0.372385 0.000000 0.928078 1.000000 1.000000 1.000000
3338.750000 0.000000 3225.503662 0.000000 0.243767 0.000000 0.969834 1.000000 1.000000 1.000000
3306.254395 0.000000 3196.669922 0.000000 0.355065 0.000000 0.934842 1.000000 1.000000 1.000000
3359.289551 0.000000 3150.220947 0.000000 0.779981 0.000000 0.625803 1.000000 1.000000 1.000000
3303.284912 0.000000 3173.110352 0.000000 0.650672 0.000000 0.759359 1.000000 1.000000 1.000000
3292.069092 0.000000 3175.680664 0.000000 0.251642 0.000000 0.967820 1.000000 1.000000 1.000000
3338.107910 0.000000 3230.253418 0.000000 0.570182 0.000000 0.821519 1.000000 1.000000 1.000000
3340.420654 0.000000 3223.954346 0.000000 0.031731 0.000000 0.999496 1.000000 1.000000 1.000000
3305.766846 0.000000 3186.796875 0.000000 0.976443 0.000000 0.215777 1.000000 1.000000 1.000000
3374.107910 0.000000 3155.999512 0.000000 0.895393 0.000000 0.445276 1.000000 1.000000 1.000000
3340.110596 0.000000 3230.938721 0.000000 0.536386 0.000000 0.843973 1.000000 1.000000 1.000000
3300.556152 0.000000 3170.041504 0.000000 0.180167 0.000000 0.983636 1.000000 1.000000 1.000000
3289.096680 0.000000 3174.807129 0.000000 0.491845 0.000000 0.870683 1.000000 1.000000 1.000000
3284.797119 0.000000 3198.926025 0.000000 0.838922 0.000000 0.544252 1.000000 1.000000 1.000000
3324.572754 0.000000 3201.615723 0.000000 0.484720 0.000000 0.874669 1.000000 1.000000 1.000000
3291.937012 0.000000 3174.198730 0.000000 0.937699 0.000000 0.347448 1.000000 1.000000 1.000000
3412.688232 0.000000 3150.400635 0.000000 0.765918 0.000000 0.642938 1.000000 1.000000 1.000000
3399.115234 0.000000 3167.571777 0.000000 0.754939 0.000000 0.655795 1.000000 1.000000 1.000000
3428.027344 0.000000 3193.679199 0.000000 0.861349 0.000000 0.508014 1.000000 1.000000 1.000000
3400.773193 0.000000 3223.058105 0.000000 0.844542 0.000000 0.535490 1.000000 1.000000 1.000000
3430.606201 0.000000 3239.315430 0.000000 0.804559 0.000000 0.593873 1.000000 1.000000 1.000000
3443.286621 0.000000 3200.712646 0.000000 0.991807 0.000000 0.127748 1.000000 1.000000 1.000000
3395.989258 0.000000 3227.741943 0.000000 0.235925 0.000000 0.971771 1.000000 1.000000 1.000000
3430.189697 0.000000 3218.943359 0.000000 0.873240 0.000000 0.487291 1.000000 1.000000 1.000000
3391.700928 0.000000 3166.959717 0.000000 0.802924 0.000000 0.596081 1.000000 1.000000 1.000000
3464.437988 0.000000 3213.136719 0.000000 0.965514 0.000000 0.260350 1.000000 1.000000 1.000000
3439.247559 0.000000 3203.144531 0.000000 0.761852 0.000000 0.647751 1.000000 1.000000 1.000000
3396.221924 0.000000 3223.165771 0.000000 0.517698 0.000000 0.855563 1.000000 1.000000 1.000000
3459.869141 0.000000 3220.706543 0.000000 0.153569 0.000000 0.988138 1.000000 1.000000 1.000000
3429.444336 0.000000 3214.227539 0.000000 0.257854 0.000000 0.966184 1.000000 1.000000 1.000000
3381.781738 0.000000 3173.863770 0.000000 0.867120 0.000000 0.498100 1.000000 1.000000 1.000000
3384.870361 0.000000 3235.522461 0.000000 0.946175 0.000000 0.323655 1.000000 1.000000 1.000000
3431.155273 0.000000 3191.287354 0.000000 0.981368 0.000000 0.192137 1.000000 1.000000 1.000000
3387.766846 0.000000 3233.137451 0.000000 0.595856 0.000000 0.803091 1.000000 1.000000 1.000000
3381.086914 0.000000 3168.940918 0.000000 0.181417 0.000000 0.983406 1.000000 1.000000 1.000000
3395.570557 0.000000 3168.069092 0.000000 0.050828 0.000000 0.998707 1.000000 1.000000 1.000000
3393.301270 0.000000 3225.442871 0.000000 0.763705 0.000000 0.645565 1.000000 1.000000 1.000000
3399.376953 0.000000 3199.869385 0.000000 0.836222 0.000000 0.548392 1.000000 1.000000 1.000000
3416.131348 0.000000 3149.568848 0.000000 0.720099 0.000000 0.693871 1.000000 1.000000 1.000000
3457.416260 0.000000 3218.199219 0.000000 0.991708 0.000000 0.128514 1.000000 1.000000 1.000000
3443.856201 0.000000 3208.292236 0.000000 0.810016 0.000000 0.586407 1.000000 1.000000 1.000000
3461.524414 0.000000 3238.363037 0.000000 0.697327 0.000000 0.716753 1.000000 1.000000 1.000000
3462.455811 0.000000 3211.151367 0.000000 0.394783 0.000000 0.918775 1.000000 1.000000 1.000000
3397.983643 0.000000 3225.295654 0.000000 0.824406 0.000000 0.566000 1.000000 1.000000 1.000000
3429.453369 0.000000 3235.038818 0.000000 0.997489 0.000000 0.070824 1.000000 1.000000 1.000000
3460.569824 0.000000 3208.665527 0.000000 0.192263 0.000000 0.981343 1.000000 1.000000 1.000000
3456.371582 0.000000 3196.541992 0.000000 0.298386 0.000000 0.954445 1.000000 1.000000 1.000000
3422.586182 0.000000 3214.540771 0.000000 0.992364 0.000000 0.123344 1.000000 1.000000 1.000000
3457.844482 0.000000 3199.242920 0.000000 0.241997 0.000000 0.970277 1.000000 1.000000 1.000000
3442.874756 0.000000 3203.173584 0.000000 0.762694 0.000000 0.646760 1.000000 1.000000 1.000000
3397.852295 0.000000 3194.038574 0.000000 0.864708 0.000000 0.502275 1.000000 1.000000 1.000000
3394.816895 0.000000 3236.768066 0.000000 0.116381 0.000000 0.993205 1.000000 1.000000 1.000000
3464.736084 0.000000 3210.441895 0.000000 0.976725 0.000000 0.214494 1.000000 1.000000 1.000000
3394.611816 0.000000 3197.036377 0.000000 0.823783 0.000000 0.566906 1.000000 1.000000 1.000000
3429.144775 0.000000 3190.145264 0.000000 0.877597 0.000000 0.479400 1.000000 1.000000 1.000000
3431.267578 0.000000 3188.919434 0.000000 0.922051 0.000000 0.387068 1.000000 1.000000 1.000000
3393.970947 0.000000 3166.338867 0.000000 0.610557 0.000000 0.791972 1.000000 1.000000 1.000000
3398.561279 0.000000 3223.119629 0.000000 0.530382 0.000000 0.847759 1.000000 1.000000 1.000000
3385.465820 0.000000 3233.394043 0.000000 0.938332 0.000000 0.345736 1.000000 1.000000 1.000000
3410.584717 0.000000 3151.033447 0.000000 0.973858 0.000000 0.227158 1.000000 1.000000 1.000000
3466.497559 0.000000 3212.357422 0.000000 0.406090 0.000000 0.913833 1.000000 1.000000 1.000000
3457.833740 0.000000 3221.341553 0.000000 0.253081 0.000000 0.967445 1.000000 1.000000 1.000000
3399.042480 0.000000 3197.916260 0.000000 0.839864 0.000000 0.542796 1.000000 1.000000 1.000000
3394.059082 0.000000 3227.342529 0.000000 0.999929 0.000000 0.011924 1.000000 1.000000 1.000000
3422.064453 0.000000 3196.344727 0.000000 0.856619 0.000000 0.515950 1.000000 1.000000 1.000000
3396.579834 0.000000 3235.915527 0.000000 0.772678 0.000000 0.634798 1.000000 1.000000 1.000000
3381.096680 0.000000 3156.886719 0.000000 0.360797 0.000000 0.932644 1.000000 1.000000 1.000000
3459.053711 0.000000 3219.078857 0.000000 0.632251 0.000000 0.774763 1.000000 1.000000 1.000000
3409.554932 0.000000 3180.514648 0.000000 0.089022 0.000000 0.996030 1.000000 1.000000 1.000000
3428.009033 0.000000 3191.477295 0.000000 0.900011 0.000000 0.435868 1.000000 1.000000 1.000000
3423.784668 0.000000 3215.482178 0.000000 0.036280 0.000000 0.999342 1.000000 1.000000 1.000000
3463.386230 0.000000 3210.037109 0.000000 0.248587 0.000000 0.968610 1.000000 1.000000 1.000000
3395.145508 0.000000 3226.481689 0.000000 0.999424 0.000000 0.033922 1.000000 1.000000 1.000000
3394.715576 0.000000 3198.830322 0.000000 0.237185 0.000000 0.971465 1.000000 1.000000 1.000000
3424.617432 0.000000 3197.191162 0.000000 0.758702 0.000000 0.651438 1.000000 1.000000 1.000000
3423.280273 0.000000 3196.204346 0.000000 0.459660 0.000000 0.888095 1.000000 1.000000 1.000000
3555.019775 0.000000 3087.262451 0.000000 0.932820 0.000000 0.360342 1.000000 1.000000 1.000000
3557.412354 0.000000 3141.415039 0.000000 0.279386 0.000000 0.960179 1.000000 1.000000 1.000000
3564.905518 0.000000 3149.256348 0.000000 0.652286 0.000000 0.757973 1.000000 1.000000 1.000000
3567.178955 0.000000 3103.100342 0.000000 0.721891 0.000000 0.692007 1.000000 1.000000 1.000000
3628.271240 0.000000 3104.284180 0.000000 0.966226 0.000000 0.257695 1.000000 1.000000 1.000000
3560.407227 0.000000 3094.070557 0.000000 0.432576 0.000000 0.901597 1.000000 1.000000 1.000000
3637.482910 0.000000 3087.551758 0.000000 0.104414 0.000000 0.994534 1.000000 1.000000 1.000000
3604.066406 0.000000 3073.120850 0.000000 0.591894 0.000000 0.806015 1.000000 1.000000 1.000000
3631.312256 0.000000 3114.199463 0.000000 0.782633 0.000000 0.622484 1.000000 1.000000 1.000000
3646.261963 0.000000 3087.262451 0.000000 0.161546 0.000000 0.986865 1.000000 1.000000 1.000000
3575.060303 0.000000 3101.998047 0.000000 0.967284 0.000000 0.253696 1.000000 1.000000 1.000000
3611.763916 0.000000 3097.712158 0.000000 0.926423 0.000000 0.376483 1.000000 1.000000 1.000000
3610.475098 0.000000 3120.014404 0.000000 0.152909 0.000000 0.988240 1.000000 1.000000 1.000000
3571.551025 0.000000 3071.084961 0.000000 0.010324 0.000000 0.999947 1.000000 1.000000 1.000000
3570.797119 0.000000 3099.168213 0.000000 0.603142 0.000000 0.797634 1.000000 1.000000 1.000000
3601.610840 0.000000 3114.045166 0.000000 0.285238 0.000000 0.958457 1.000000 1.000000 1.000000
3636.093750 0.000000 3114.910156 0.000000 0.920238 0.000000 0.391359 1.000000 1.000000 1.000000
3642.443848 0.000000 3084.463379 0.000000 0.039626 0.000000 0.999215 1.000000 1.000000 1.000000
3571.474365 0.000000 3104.904053 0.000000 0.821254 0.000000 0.570562 1.000000 1.000000 1.000000
3600.390869 0.000000 3119.627686 0.000000 0.883337 0.000000 0.468738 1.000000 1.000000 1.000000
3567.354736 0.000000 3145.538086 0.000000 0.733964 0.000000 0.679188 1.000000 1.000000 1.000000
3573.628662 0.000000 3132.309570 0.000000 0.691659 0.000000 0.722224 1.000000 1.000000 1.000000
3587.425049 0.000000 3084.743408 0.000000 0.615428 0.000000 0.788193 1.000000 1.000000 1.000000
3558.745850 0.000000 3084.177490 0.000000 0.872863 0.000000 0.487965 1.000000 1.000000 1.000000
3559.654541 0.000000 3142.361572 0.000000 0.869524 0.000000 0.493890 1.000000 1.000000 1.000000
3640.829834 0.000000 3087.672363 0.000000 0.934435 0.000000 0.356133 1.000000 1.000000 1.000000
3609.473145 0.000000 3068.712891 0.000000 0.645508 0.000000 0.763754 1.000000 1.000000 1.000000
3606.341064 0.000000 3070.709229 0.000000 0.846586 0.000000 0.532252 1.000000 1.000000 1.000000
3597.614258 0.000000 3113.025635 0.000000 0.593760 0.000000 0.804642 1.000000 1.000000 1.000000
3603.180420 0.000000 3098.724854 0.000000 0.995514 0.000000 0.094614 1.000000 1.000000 1.000000
3635.428711 0.000000 3117.492676 0.000000 0.989001 0.000000 0.147906 1.000000 1.000000 1.000000
3633.568604 0.000000 3115.477783 0.000000 0.229581 0.000000 0.973290 1.000000 1.000000 1.000000
3571.361816 0.000000 3133.564453 0.000000 0.823620 0.000000 0.567142 1.000000 1.000000 1.000000
3598.258545 0.000000 3089.302979 0.000000 0.057836 0.000000 0.998326 1.000000 1.000000 1.000000
3601.033203 0.000000 3122.022949 0.000000 0.922772 0.000000 0.385346 1.000000 1.000000 1.000000
3564.459961 0.000000 3090.398438 0.000000 0.441093 0.000000 0.897461 1.000000 1.000000 1.000000
3568.966797 0.000000 3105.152588 0.000000 0.906464 0.000000 0.422283 1.000000 1.000000 1.000000
3560.873047 0.000000 3144.578857 0.000000 0.389480 0.000000 0.921035 1.000000 1.000000 1.000000
3604.921631 0.000000 3119.980469 0.000000 0.868054 0.000000 0.496470 1.000000 1.000000 1.000000
3592.519531 0.000000 3127.717773 0.000000 0.876382 0.000000 0.481616 1.000000 1.000000 1.000000
3597.625000 0.000000 3110.258789 0.000000 0.238074 0.000000 0.971247 1.000000 1.000000 1.000000
3593.968262 0.000000 3108.814697 0.000000 0.853712 0.000000 0.520745 1.000000 1.000000 1.000000
3608.973633 0.000000 3066.896484 0.000000 0.356526 0.000000 0.934286 1.000000 1.000000 1.000000
3569.071777 0.000000 3103.376709 0.000000 0.991425 0.000000 0.130676 1.000000 1.000000 1.000000
3599.995605 0.000000 3088.881836 0.000000 0.817559 0.000000 0.575845 1.000000 1.000000 1.000000
3564.866211 0.000000 3102.427490 0.000000 0.123629 0.000000 0.992328 1.000000 1.000000 1.000000
3636.854004 0.000000 3116.522705 0.000000 0.931848 0.000000 0.362848 1.000000 1.000000 1.000000
3597.835693 0.000000 3087.334961 0.000000 0.763903 0.000000 0.645331 1.000000 1.000000 1.000000
3608.049072 0.000000 3063.688721 0.000000 0.190950 0.000000 0.981600 1.000000 1.000000 1.000000
3598.299316 0.000000 3111.631348 0.000000 0.748892 0.000000 0.662692 1.000000 1.000000 1.000000
3594.798584 0.000000 3110.274902 0.000000 0.700486 0.000000 0.713666 1.000000 1.000000 1.000000
3594.295654 0.000000 3111.562988 0.000000 0.951485 0.000000 0.307694 1.000000 1.000000 1.000000
3596.849609 0.000000 3086.449463 0.000000 0.761793 0.000000 0.647820 1.000000 1.000000 1.000000
3566.122803 0.000000 3102.252441 0.000000 0.991850 0.000000 0.127414 1.000000 1.000000 1.000000
3596.423828 0.000000 3110.197754 0.000000 0.892799 0.000000 0.450455 1.000000 1.000000 1.000000
3568.190674 0.000000 3102.645752 0.000000 0.350468 0.000000 0.936575 1.000000 1.000000 1.000000
3477.262695 0.000000 3216.891113 0.000000 0.866454 0.000000 0.499256 1.000000 1.000000 1.000000
3549.749512 0.000000 3237.671875 0.000000 0.942146 0.000000 0.335201 1.000000 1.000000 1.000000
3541.992920 0.000000 3181.221191 0.000000 0.443769 0.000000 0.896141 1.000000 1.000000 1.000000
3499.338623 0.000000 3201.452881 0.000000 0.173141 0.000000 0.984897 1.000000 1.000000 1.000000
3519.232910 0.000000 3209.998779 0.000000 0.232052 0.000000 0.972703 1.000000 1.000000 1.000000
3472.427734 0.000000 3215.999756 0.000000 0.327482 0.000000 0.944857 1.000000 1.000000 1.000000
3520.878418 0.000000 3183.215576 0.000000 0.791590 0.000000 0.611052 1.000000 1.000000 1.000000
3474.992676 0.000000 3219.654541 0.000000 0.854347 0.000000 0.519703 1.000000 1.000000 1.000000
3523.631592 0.000000 3181.967773 0.000000 0.976039 0.000000 0.217595 1.000000 1.000000 1.000000
3522.789307 0.000000 3185.566650 0.000000 0.926593 0.000000 0.376066 1.000000 1.000000 1.000000
3496.403320 0.000000 3201.416260 0.000000 0.917081 0.000000 0.398701 1.000000 1.000000 1.000000
3495.929932 0.000000 3186.357422 0.000000 0.710417 0.000000 0.703781 1.000000 1.000000 1.000000
3474.528320 0.000000 3217.246338 0.000000 0.986882 0.000000 0.161444 1.000000 1.000000 1.000000
3468.152344 0.000000 3212.583740 0.000000 0.817781 0.000000 0.575530 1.000000 1.000000 1.000000
3526.849365 0.000000 3211.477051 0.000000 0.802803 0.000000 0.596244 1.000000 1.000000 1.000000
3498.760986 0.000000 3182.528320 0.000000 0.992985 0.000000 0.118236 1.000000 1.000000 1.000000
3538.240479 0.000000 3180.475586 0.000000 0.758130 0.000000 0.652103 1.000000 1.000000 1.000000
3524.571777 0.000000 3182.875732 0.000000 0.999788 0.000000 0.020607 1.000000 1.000000 1.000000
3564.905518 0.000000 3239.240723 0.000000 0.852340 0.000000 0.522987 1.000000 1.000000 1.000000
3577.728027 0.000000 3234.436768 0.000000 0.587278 0.000000 0.809385 1.000000 1.000000 1.000000
3568.054443 0.000000 3165.108643 0.000000 0.490994 0.000000 0.871163 1.000000 1.000000 1.000000
3617.707275 0.000000 3165.207764 0.000000 0.467633 0.000000 0.883923 1.000000 1.000000 1.000000
3571.206787 0.000000 3236.730957 0.000000 0.862471 0.000000 0.506106 1.000000 1.000000 1.000000
3612.674072 0.000000 3218.943359 0.000000 0.999422 0.000000 0.033999 1.000000 1.000000 1.000000
3585.330078 0.000000 3199.500488 0.000000 0.626638 0.000000 0.779310 1.000000 1.000000 1.000000
3562.127686 0.000000 3165.334717 0.000000 0.205785 0.000000 0.978597 1.000000 1.000000 1.000000
3628.577148 0.000000 3170.806641 0.000000 0.675196 0.000000 0.737638 1.000000 1.000000 1.000000
3616.926514 0.000000 3160.307373 0.000000 0.468652 0.000000 0.883383 1.000000 1.000000 1.000000
3592.574951 0.000000 3168.121094 0.000000 0.013072 0.000000 0.999915 1.000000 1.000000 1.000000
3627.138672 0.000000 3175.522949 0.000000 0.861273 0.000000 0.508142 1.000000 1.000000 1.000000
3585.405029 0.000000 3163.818115 0.000000 0.317017 0.000000 0.948420 1.000000 1.000000 1.000000
3620.480957 0.000000 3215.827637 0.000000 0.619464 0.000000 0.785025 1.000000 1.000000 1.000000
3564.998291 0.000000 3164.163330 0.000000 0.947873 0.000000 0.318648 1.000000 1.000000 1.000000
3573.384766 0.000000 3234.130615 0.000000 0.413368 0.000000 0.910564 1.000000 1.000000 1.000000
3587.857422 0.000000 3162.016113 0.000000 0.980967 0.000000 0.194175 1.000000 1.000000 1.000000
3619.838867 0.000000 3160.931885 0.000000 0.958717 0.000000 0.284363 1.000000 1.000000 1.000000
3639.366699 0.000000 3180.153809 0.000000 0.752595 0.000000 0.658484 1.000000 1.000000 1.000000
3626.484619 0.000000 3172.745361 0.000000 0.800015 0.000000 0.599980 1.000000 1.000000 1.000000
3575.889160 0.000000 3232.720459 0.000000 0.758687 0.000000 0.651455 1.000000 1.000000 1.000000
3618.749756 0.000000 3217.749268 0.000000 0.222121 0.000000 0.975019 1.000000 1.000000 1.000000
3584.592529 0.000000 3166.145264 0.000000 0.164167 0.000000 0.986433 1.000000 1.000000 1.000000
3598.148926 0.000000 3208.508545 0.000000 0.971496 0.000000 0.237055 1.000000 1.000000 1.000000
3605.511963 0.000000 3200.002441 0.000000 0.884948 0.000000 0.465689 1.000000 1.000000 1.000000
3606.429199 0.000000 3212.847168 0.000000 0.691111 0.000000 0.722748 1.000000 1.000000 1.000000
3571.507812 0.000000 3234.753174 0.000000 0.795816 0.000000 0.605538 1.000000 1.000000 1.000000
3617.939941 0.000000 3161.922852 0.000000 0.382795 0.000000 0.923833 1.000000 1.000000 1.000000
3573.096680 0.000000 3235.976074 0.000000 0.028917 0.000000 0.999582 1.000000 1.000000 1.000000
3591.020508 0.000000 3193.623047 0.000000 0.488455 0.000000 0.872589 1.000000 1.000000 1.000000
3633.614746 0.000000 3183.013428 0.000000 0.702201 0.000000 0.711979 1.000000 1.000000 1.000000
3605.413086 0.000000 3203.657471 0.000000 0.856669 0.000000 0.515866 1.000000 1.000000 1.000000
3572.015869 0.000000 3233.077881 0.000000 0.904627 0.000000 0.426205 1.000000 1.000000 1.000000
3571.486084 0.000000 3237.944336 0.000000 0.048513 0.000000 0.998823 1.000000 1.000000 1.000000
2951.108398 0.000000 3284.991211 0.000000 0.183627 0.000000 0.982996 1.000000 1.000000 1.000000
2943.842285 0.000000 3280.174561 0.000000 0.482264 0.000000 0.876026 1.000000 1.000000 1.000000
2971.520752 0.000000 3257.524170 0.000000 0.140929 0.000000 0.990020 1.000000 1.000000 1.000000
2922.670410 0.000000 3297.818604 0.000000 0.860388 0.000000 0.509639 1.000000 1.000000 1.000000
2945.474365 0.000000 3300.041016 0.000000 0.185341 0.000000 0.982674 1.000000 1.000000 1.000000
2953.122559 0.000000 3296.248291 0.000000 0.683758 0.000000 0.729708 1.000000 1.000000 1.000000
2980.934570 0.000000 3277.363037 0.000000 0.811266 0.000000 0.584678 1.000000 1.000000 1.000000
2944.583008 0.000000 3296.620850 0.000000 0.830133 0.000000 0.557566 1.000000 1.000000 1.000000
2973.332275 0.000000 3286.468750 0.000000 0.224382 0.000000 0.974501 1.000000 1.000000 1.000000
2937.745117 0.000000 3246.895752 0.000000 0.999842 0.000000 0.017794 1.000000 1.000000 1.000000
2950.335938 0.000000 3296.973389 0.000000 0.535524 0.000000 0.844520 1.000000 1.000000 1.000000
2942.918945 0.000000 3300.965332 0.000000 0.904278 0.000000 0.426945 1.000000 1.000000 1.000000
2966.071777 0.000000 3256.177246 0.000000 0.810797 0.000000 0.585328 1.000000 1.000000 1.000000
2975.728760 0.000000 3250.316162 0.000000 0.980324 0.000000 0.197396 1.000000 1.000000 1.000000
2980.722412 0.000000 3279.762939 0.000000 0.908162 0.000000 0.418618 1.000000 1.000000 1.000000
2943.639404 0.000000 3298.825439 0.000000 0.990925 0.000000 0.134418 1.000000 1.000000 1.000000
2975.502441 0.000000 3287.042969 0.000000 0.606429 0.000000 0.795137 1.000000 1.000000 1.000000
2984.986328 0.000000 3279.684814 0.000000 0.996808 0.000000 0.079831 1.000000 1.000000 1.000000
2949.353516 0.000000 3283.728516 0.000000 0.351250 0.000000 0.936282 1.000000 1.000000 1.000000
2920.246826 0.000000 3297.602783 0.000000 0.957606 0.000000 0.288082 1.000000 1.000000 1.000000
2964.916504 0.000000 3283.794922 0.000000 0.999201 0.000000 0.039977 1.000000 1.000000 1.000000
2959.475098 0.000000 3279.784424 0.000000 0.231216 0.000000 0.972902 1.000000 1.000000 1.000000
2965.756348 0.000000 3280.485596 0.000000 0.102137 0.000000 0.994770 1.000000 1.000000 1.000000
2959.075684 0.000000 3281.983643 0.000000 0.903570 0.000000 0.428441 1.000000 1.000000 1.000000
2934.635498 0.000000 3241.322266 0.000000 0.674325 0.000000 0.738434 1.000000 1.000000 1.000000
2935.974121 0.000000 3240.580566 0.000000 0.962438 0.000000 0.271502 1.000000 1.000000 1.000000
2937.381836 0.000000 3241.147461 0.000000 0.995972 0.000000 0.089670 1.000000 1.000000 1.000000
2967.413330 0.000000 3256.057373 0.000000 0.991308 0.000000 0.131563 1.000000 1.000000 1.000000
3031.071289 0.000000 3288.850098 0.000000 0.215462 0.000000 0.976512 1.000000 1.000000 1.000000
3086.745117 0.000000 3291.728760 0.000000 0.946492 0.000000 0.322726 1.000000 1.000000 1.000000
3087.075195 0.000000 3293.587402 0.000000 0.947232 0.000000 0.320549 1.000000 1.000000 1.000000
3419.978516 0.000000 3263.947021 0.000000 0.905586 0.000000 0.424164 1.000000 1.000000 1.000000
3399.115234 0.000000 3257.556152 0.000000 0.140859 0.000000 0.990030 1.000000 1.000000 1.000000
3414.482422 0.000000 3259.309814 0.000000 0.468756 0.000000 0.883328 1.000000 1.000000 1.000000
3405.864258 0.000000 3256.322998 0.000000 0.286972 0.000000 0.957939 1.000000 1.000000 1.000000
3426.900635 0.000000 3252.077881 0.000000 0.002539 0.000000 0.999997 1.000000 1.000000 1.000000
3389.066650 0.000000 3251.053711 0.000000 0.126427 0.000000 0.991976 1.000000 1.000000 1.000000
3399.081299 0.000000 3252.034912 0.000000 0.476660 0.000000 0.879088 1.000000 1.000000 1.000000
3462.986084 0.000000 3239.732666 0.000000 0.993231 0.000000 0.116156 1.000000 1.000000 1.000000
3431.184570 0.000000 3253.282227 0.000000 0.593217 0.000000 0.805043 1.000000 1.000000 1.000000
3395.397217 0.000000 3254.430420 0.000000 0.785937 0.000000 0.618306 1.000000 1.000000 1.000000
3461.642334 0.000000 3254.995605 0.000000 0.837981 0.000000 0.545699 1.000000 1.000000 1.000000
3395.894775 0.000000 3244.553467 0.000000 0.342891 0.000000 0.939375 1.000000 1.000000 1.000000
3406.762207 0.000000 3259.487061 0.000000 0.199308 0.000000 0.979937 1.000000 1.000000 1.000000
3429.495117 0.000000 3250.887695 0.000000 0.863634 0.000000 0.504119 1.000000 1.000000 1.000000
3460.192627 0.000000 3239.564453 0.000000 0.993216 0.000000 0.116286 1.000000 1.000000 1.000000
3397.593750 0.000000 3255.387207 0.000000 0.286583 0.000000 0.958055 1.000000 1.000000 1.000000
3402.108154 0.000000 3256.129639 0.000000 0.504251 0.000000 0.863557 1.000000 1.000000 1.000000
3416.268799 0.000000 3260.734619 0.000000 0.997033 0.000000 0.076975 1.000000 1.000000 1.000000
3463.233154 0.000000 3253.541260 0.000000 0.837531 0.000000 0.546391 1.000000 1.000000 1.000000
3390.152100 0.000000 3252.822021 0.000000 0.999766 0.000000 0.021640 1.000000 1.000000 1.000000
3396.302979 0.000000 3246.584473 0.000000 0.758354 0.000000 0.651843 1.000000 1.000000 1.000000
3429.212891 0.000000 3252.874268 0.000000 0.448711 0.000000 0.893677 1.000000 1.000000 1.000000
3459.291504 0.000000 3241.223877 0.000000 0.298045 0.000000 0.954552 1.000000 1.000000 1.000000
3415.423096 0.000000 3261.600342 0.000000 0.444529 0.000000 0.895765 1.000000 1.000000 1.000000
3511.220703 0.000000 3263.947021 0.000000 0.082217 0.000000 0.996614 1.000000 1.000000 1.000000
3505.724609 0.000000 3259.309814 0.000000 0.043547 0.000000 0.999051 1.000000 1.000000 1.000000
3513.109619 0.000000 3268.612061 0.000000 0.321322 0.000000 0.946970 1.000000 1.000000 1.000000
3532.047119 0.000000 3240.343262 0.000000 0.318689 0.000000 0.947859 1.000000 1.000000 1.000000
3551.434814 0.000000 3239.564453 0.000000 0.766652 0.000000 0.642063 1.000000 1.000000 1.000000
3515.507324 0.000000 3266.846680 0.000000 0.325669 0.000000 0.945484 1.000000 1.000000 1.000000
3533.996338 0.000000 3241.447998 0.000000 0.661494 0.000000 0.749951 1.000000 1.000000 1.000000
3573.391113 0.000000 3239.443115 0.000000 0.999644 0.000000 0.026678 1.000000 1.000000 1.000000
3563.165771 0.000000 3241.431396 0.000000 0.643522 0.000000 0.765427 1.000000 1.000000 1.000000
3668.970215 0.000000 2964.483643 0.000000 0.698686 0.000000 0.715428 1.000000 1.000000 1.000000
3700.775635 0.000000 2966.506104 0.000000 0.764867 0.000000 0.644188 1.000000 1.000000 1.000000
3673.144775 0.000000 2969.226807 0.000000 0.793080 0.000000 0.609118 1.000000 1.000000 1.000000
3694.502441 0.000000 2967.969482 0.000000 0.328805 0.000000 0.944398 1.000000 1.000000 1.000000
3694.341309 0.000000 2964.828857 0.000000 0.669048 0.000000 0.743219 1.000000 1.000000 1.000000
3692.620605 0.000000 2966.872070 0.000000 0.993880 0.000000 0.110462 1.000000 1.000000 1.000000
3700.241455 0.000000 2968.405029 0.000000 0.714886 0.000000 0.699241 1.000000 1.000000 1.000000
3673.683350 0.000000 2967.464600 0.000000 0.956144 0.000000 0.292896 1.000000 1.000000 1.000000
3673.904297 0.000000 2965.838867 0.000000 0.991418 0.000000 0.130729 1.000000 1.000000 1.000000
3672.429932 0.000000 2967.225586 0.000000 0.433947 0.000000 0.900938 1.000000 1.000000 1.000000
3722.088867 0.000000 3046.069336 0.000000 0.808156 0.000000 0.588968 1.000000 1.000000 1.000000
3651.156738 0.000000 3047.969238 0.000000 0.697937 0.000000 0.716159 1.000000 1.000000 1.000000
3650.178467 0.000000 3020.873535 0.000000 0.985506 0.000000 0.169643 1.000000 1.000000 1.000000
3698.533203 0.000000 3002.973877 0.000000 0.997156 0.000000 0.075368 1.000000 1.000000 1.000000
3658.054199 0.000000 3051.496338 0.000000 0.229599 0.000000 0.973285 1.000000 1.000000 1.000000
3662.448975 0.000000 3056.762207 0.000000 0.993763 0.000000 0.111512 1.000000 1.000000 1.000000
3720.181885 0.000000 3052.907715 0.000000 0.969235 0.000000 0.246137 1.000000 1.000000 1.000000
3720.209717 0.000000 3029.867676 0.000000 0.842186 0.000000 0.539187 1.000000 1.000000 1.000000
3694.000244 0.000000 3005.442383 0.000000 0.354450 0.000000 0.935075 1.000000 1.000000 1.000000
3653.272949 0.000000 3023.822998 0.000000 0.986982 0.000000 0.160829 1.000000 1.000000 1.000000
3661.531738 0.000000 3049.392822 0.000000 0.853185 0.000000 0.521609 1.000000 1.000000 1.000000
3661.493408 0.000000 3053.168701 0.000000 0.855386 0.000000 0.517991 1.000000 1.000000 1.000000
3721.459961 0.000000 3055.505859 0.000000 0.883047 0.000000 0.469284 1.000000 1.000000 1.000000
3660.252197 0.000000 3051.236328 0.000000 0.604950 0.000000 0.796264 1.000000 1.000000 1.000000
3663.849121 0.000000 3058.630615 0.000000 0.881961 0.000000 0.471322 1.000000 1.000000 1.000000
3652.142822 0.000000 3021.376465 0.000000 0.449433 0.000000 0.893314 1.000000 1.000000 1.000000
3713.108643 0.000000 2997.698486 0.000000 0.704482 0.000000 0.709722 1.000000 1.000000 1.000000
3724.165283 0.000000 3030.228760 0.000000 0.866488 0.000000 0.499197 1.000000 1.000000 1.000000
3827.211670 0.000000 3050.326172 0.000000 0.611570 0.000000 0.791190 1.000000 1.000000 1.000000
3777.447998 0.000000 3055.630615 0.000000 0.920810 0.000000 0.390010 1.000000 1.000000 1.000000
3760.958008 0.000000 3047.773193 0.000000 0.527362 0.000000 0.849641 1.000000 1.000000 1.000000
3770.278320 0.000000 3039.197998 0.000000 0.806756 0.000000 0.590885 1.000000 1.000000 1.000000
3777.984863 0.000000 3050.756104 0.000000 0.999864 0.000000 0.016508 1.000000 1.000000 1.000000
3831.138916 0.000000 3051.430664 0.000000 0.509567 0.000000 0.860431 1.000000 1.000000 1.000000
3769.316406 0.000000 3042.686035 0.000000 0.452969 0.000000 0.891526 1.000000 1.000000 1.000000
3780.501953 0.000000 3052.853516 0.000000 0.240114 0.000000 0.970745 1.000000 1.000000 1.000000
3818.813232 0.000000 3052.746338 0.000000 0.986147 0.000000 0.165875 1.000000 1.000000 1.000000
3820.851318 0.000000 3055.179199 0.000000 0.722450 0.000000 0.691423 1.000000 1.000000 1.000000
3771.499756 0.000000 3041.266113 0.000000 0.170459 0.000000 0.985365 1.000000 1.000000 1.000000
3778.171631 0.000000 3053.096924 0.000000 0.671170 0.000000 0.741303 1.000000 1.000000 1.000000
3831.337646 0.000000 3055.906250 0.000000 0.829624 0.000000 0.558322 1.000000 1.000000 1.000000
3831.387207 0.000000 3053.616943 0.000000 0.976872 0.000000 0.213825 1.000000 1.000000 1.000000
3878.945312 0.000000 3055.795166 0.000000 0.604508 0.000000 0.796599 1.000000 1.000000 1.000000
3832.234619 0.000000 3055.592773 0.000000 0.985819 0.000000 0.167814 1.000000 1.000000 1.000000
3883.260010 0.000000 3056.490479 0.000000 0.919965 0.000000 0.392002 1.000000 1.000000 1.000000
3881.589844 0.000000 3053.274414 0.000000 0.860319 0.000000 0.509756 1.000000 1.000000 1.000000
3834.599609 0.000000 3054.594482 0.000000 0.264482 0.000000 0.964391 1.000000 1.000000 1.000000
3881.182861 0.000000 3055.633057 0.000000 0.478116 0.000000 0.878297 1.000000 1.000000 1.000000
3835.981689 0.000000 3053.010010 0.000000 0.640516 0.000000 0.767945 1.000000 1.000000 1.000000
3884.395752 0.000000 3058.750732 0.000000 0.097833 0.000000 0.995203 1.000000 1.000000 1.000000
3987.914551 0.000000 3056.215576 0.000000 0.256737 0.000000 0.966481 1.000000 1.000000 1.000000
3933.473633 0.000000 3036.922363 0.000000 0.579391 0.000000 0.815050 1.000000 1.000000 1.000000
3927.688232 0.000000 3041.024170 0.000000 0.613185 0.000000 0.789939 1.000000 1.000000 1.000000
3938.781006 0.000000 3051.063965 0.000000 0.967579 0.000000 0.252569 1.000000 1.000000 1.000000
3991.953613 0.000000 3037.022461 0.000000 0.963371 0.000000 0.268171 1.000000 1.000000 1.000000
3997.525635 0.000000 3044.047607 0.000000 0.892405 0.000000 0.451235 1.000000 1.000000 1.000000
3940.857910 0.000000 3052.751709 0.000000 0.337275 0.000000 0.941406 1.000000 1.000000 1.000000
3989.319336 0.000000 3059.314209 0.000000 0.339919 0.000000 0.940455 1.000000 1.000000 1.000000
3943.666992 0.000000 3053.359131 0.000000 0.313015 0.000000 0.949748 1.000000 1.000000 1.000000
3941.535889 0.000000 3051.662109 0.000000 0.673388 0.000000 0.739290 1.000000 1.000000 1.000000
3673.020508 0.000000 3062.535156 0.000000 0.598326 0.000000 0.801253 1.000000 1.000000 1.000000
3688.522705 0.000000 3116.237793 0.000000 0.548140 0.000000 0.836387 1.000000 1.000000 1.000000
3679.829834 0.000000 3062.582520 0.000000 0.233628 0.000000 0.972326 1.000000 1.000000 1.000000
3703.916260 0.000000 3128.958984 0.000000 0.984122 0.000000 0.177493 1.000000 1.000000 1.000000
3654.061279 0.000000 3065.132568 0.000000 0.917587 0.000000 0.397536 1.000000 1.000000 1.000000
3726.227051 0.000000 3063.561035 0.000000 0.995661 0.000000 0.093050 1.000000 1.000000 1.000000
3676.111084 0.000000 3065.426758 0.000000 0.623505 0.000000 0.781819 1.000000 1.000000 1.000000
3652.962402 0.000000 3122.010986 0.000000 0.999094 0.000000 0.042548 1.000000 1.000000 1.000000
3700.477295 0.000000 3127.861816 0.000000 0.487990 0.000000 0.872849 1.000000 1.000000 1.000000
3656.681885 0.000000 3067.174316 0.000000 0.678848 0.000000 0.734279 1.000000 1.000000 1.000000
3732.667969 0.000000 3133.033691 0.000000 0.994161 0.000000 0.107905 1.000000 1.000000 1.000000
3686.563232 0.000000 3119.845703 0.000000 0.631474 0.000000 0.775397 1.000000 1.000000 1.000000
3674.761963 0.000000 3063.530273 0.000000 0.350576 0.000000 0.936534 1.000000 1.000000 1.000000
3661.663330 0.000000 3069.566895 0.000000 0.569471 0.000000 0.822011 1.000000 1.000000 1.000000
3659.188232 0.000000 3067.791260 0.000000 0.663998 0.000000 0.747734 1.000000 1.000000 1.000000
3810.755615 0.000000 3104.284180 0.000000 0.999475 0.000000 0.032407 1.000000 1.000000 1.000000
3742.398926 0.000000 3137.953613 0.000000 0.812830 0.000000 0.582501 1.000000 1.000000 1.000000
3753.691162 0.000000 3146.746582 0.000000 0.185576 0.000000 0.982630 1.000000 1.000000 1.000000
3756.669678 0.000000 3076.975342 0.000000 0.855565 0.000000 0.517696 1.000000 1.000000 1.000000
3775.913574 0.000000 3066.489746 0.000000 0.880380 0.000000 0.474268 1.000000 1.000000 1.000000
3823.476074 0.000000 3147.687500 0.000000 0.860764 0.000000 0.509004 1.000000 1.000000 1.000000
3744.612061 0.000000 3075.350342 0.000000 0.901954 0.000000 0.431831 1.000000 1.000000 1.000000
3747.736816 0.000000 3070.578613 0.000000 0.994032 0.000000 0.109086 1.000000 1.000000 1.000000
3764.050049 0.000000 3072.066162 0.000000 0.998801 0.000000 0.048957 1.000000 1.000000 1.000000
3760.665039 0.000000 3149.068359 0.000000 0.942746 0.000000 0.333511 1.000000 1.000000 1.000000
3772.930664 0.000000 3069.794678 0.000000 0.260550 0.000000 0.965460 1.000000 1.000000 1.000000
3767.889404 0.000000 3073.833740 0.000000 0.935898 0.000000 0.352272 1.000000 1.000000 1.000000
3765.137695 0.000000 3084.717773 0.000000 0.988065 0.000000 0.154038 1.000000 1.000000 1.000000
3744.688477 0.000000 3071.878174 0.000000 0.958653 0.000000 0.284578 1.000000 1.000000 1.000000
3776.636475 0.000000 3069.575928 0.000000 0.319094 0.000000 0.947723 1.000000 1.000000 1.000000
3765.063721 0.000000 3074.820801 0.000000 0.686458 0.000000 0.727169 1.000000 1.000000 1.000000
3750.035156 0.000000 3072.365479 0.000000 0.777303 0.000000 0.629126 1.000000 1.000000 1.000000
3806.363281 0.000000 3115.062256 0.000000 0.999577 0.000000 0.029079 1.000000 1.000000 1.000000
3802.736328 0.000000 3102.977051 0.000000 0.945669 0.000000 0.325131 1.000000 1.000000 1.000000
3742.750732 0.000000 3131.546143 0.000000 0.358669 0.000000 0.933465 1.000000 1.000000 1.000000
3753.090576 0.000000 3076.994873 0.000000 0.977428 0.000000 0.211268 1.000000 1.000000 1.000000
3767.698730 0.000000 3084.299561 0.000000 0.920439 0.000000 0.390887 1.000000 1.000000 1.000000
3755.091309 0.000000 3148.614990 0.000000 0.067559 0.000000 0.997715 1.000000 1.000000 1.000000
3813.492188 0.000000 3107.816162 0.000000 0.837533 0.000000 0.546387 1.000000 1.000000 1.000000
3798.479248 0.000000 3137.910645 0.000000 0.861279 0.000000 0.508132 1.000000 1.000000 1.000000
3746.771240 0.000000 3072.305664 0.000000 0.481421 0.000000 0.876490 1.000000 1.000000 1.000000
3765.293701 0.000000 3086.877441 0.000000 0.163572 0.000000 0.986531 1.000000 1.000000 1.000000
3822.093750 0.000000 3148.888916 0.000000 0.050579 0.000000 0.998720 1.000000 1.000000 1.000000
3748.742188 0.000000 3075.414795 0.000000 0.999197 0.000000 0.040066 1.000000 1.000000 1.000000
3752.295654 0.000000 3074.932373 0.000000 0.903610 0.000000 0.428356 1.000000 1.000000 1.000000
3747.440430 0.000000 3137.480957 0.000000 0.834362 0.000000 0.551217 1.000000 1.000000 1.000000
3749.122314 0.000000 3073.799072 0.000000 0.693301 0.000000 0.720648 1.000000 1.000000 1.000000
3804.401855 0.000000 3103.220215 0.000000 0.515947 0.000000 0.856621 1.000000 1.000000 1.000000
3764.120605 0.000000 3073.646973 0.000000 0.908064 0.000000 0.418832 1.000000 1.000000 1.000000
3823.516602 0.000000 3149.343506 0.000000 0.243559 0.000000 0.969886 1.000000 1.000000 1.000000
3669.123779 0.000000 3164.446045 0.000000 0.916614 0.000000 0.399773 1.000000 1.000000 1.000000
3671.320312 0.000000 3165.402832 0.000000 0.874532 0.000000 0.484968 1.000000 1.000000 1.000000
3661.809570 0.000000 3173.292725 0.000000 0.999799 0.000000 0.020039 1.000000 1.000000 1.000000
3751.162109 0.000000 3156.095215 0.000000 0.885167 0.000000 0.465273 1.000000 1.000000 1.000000
3788.621826 0.000000 3189.680420 0.000000 0.989534 0.000000 0.144301 1.000000 1.000000 1.000000
3811.816162 0.000000 3185.062500 0.000000 0.999669 0.000000 0.025724 1.000000 1.000000 1.000000
3820.826904 0.000000 3172.035156 0.000000 0.978208 0.000000 0.207625 1.000000 1.000000 1.000000
3802.114258 0.000000 3187.378662 0.000000 0.813839 0.000000 0.581090 1.000000 1.000000 1.000000
3753.210449 0.000000 3152.518799 0.000000 0.558477 0.000000 0.829520 1.000000 1.000000 1.000000
3817.661621 0.000000 3173.936523 0.000000 0.605662 0.000000 0.795722 1.000000 1.000000 1.000000
3790.444336 0.000000 3186.479736 0.000000 0.825380 0.000000 0.564578 1.000000 1.000000 1.000000
3808.753418 0.000000 3183.414551 0.000000 0.728923 0.000000 0.684596 1.000000 1.000000 1.000000
3823.314209 0.000000 3177.656738 0.000000 0.277199 0.000000 0.960813 1.000000 1.000000 1.000000
3831.022461 0.000000 3192.990479 0.000000 0.081209 0.000000 0.996697 1.000000 1.000000 1.000000
3752.273193 0.000000 3149.472900 0.000000 0.895136 0.000000 0.445793 1.000000 1.000000 1.000000
3825.161377 0.000000 3149.580078 0.000000 0.918638 0.000000 0.395100 1.000000 1.000000 1.000000
3753.570068 0.000000 3155.111328 0.000000 0.972323 0.000000 0.233639 1.000000 1.000000 1.000000
3818.030273 0.000000 3176.236328 0.000000 0.923529 0.000000 0.383528 1.000000 1.000000 1.000000
3810.413086 0.000000 3182.059326 0.000000 0.996060 0.000000 0.088685 1.000000 1.000000 1.000000
3775.292725 0.000000 3193.171875 0.000000 0.457629 0.000000 0.889143 1.000000 1.000000 1.000000
3751.917236 0.000000 3154.231689 0.000000 0.522735 0.000000 0.852495 1.000000 1.000000 1.000000
3916.463867 0.000000 3078.815918 0.000000 0.995771 0.000000 0.091873 1.000000 1.000000 1.000000
3886.656494 0.000000 3067.931641 0.000000 0.964411 0.000000 0.264408 1.000000 1.000000 1.000000
3917.542969 0.000000 3095.796387 0.000000 0.165081 0.000000 0.986280 1.000000 1.000000 1.000000
3918.565674 0.000000 3114.264404 0.000000 0.060911 0.000000 0.998143 1.000000 1.000000 1.000000
3921.910400 0.000000 3096.104980 0.000000 0.973289 0.000000 0.229584 1.000000 1.000000 1.000000
3876.335449 0.000000 3069.452393 0.000000 0.261737 0.000000 0.965139 1.000000 1.000000 1.000000
3865.932861 0.000000 3142.682617 0.000000 0.995386 0.000000 0.095951 1.000000 1.000000 1.000000
3835.003906 0.000000 3148.285156 0.000000 0.991381 0.000000 0.131011 1.000000 1.000000 1.000000
3912.578857 0.000000 3078.548828 0.000000 0.698721 0.000000 0.715395 1.000000 1.000000 1.000000
3883.620605 0.000000 3060.126709 0.000000 0.991571 0.000000 0.129562 1.000000 1.000000 1.000000
3859.090820 0.000000 3143.814941 0.000000 0.460786 0.000000 0.887511 1.000000 1.000000 1.000000
3859.457520 0.000000 3140.352295 0.000000 0.569225 0.000000 0.822181 1.000000 1.000000 1.000000
3843.515381 0.000000 3059.488525 0.000000 0.915674 0.000000 0.401922 1.000000 1.000000 1.000000
3874.509766 0.000000 3071.950684 0.000000 0.571169 0.000000 0.820832 1.000000 1.000000 1.000000
3914.956787 0.000000 3081.627197 0.000000 0.815048 0.000000 0.579394 1.000000 1.000000 1.000000
3885.434570 0.000000 3061.959961 0.000000 0.383515 0.000000 0.923535 1.000000 1.000000 1.000000
3841.893799 0.000000 3062.820557 0.000000 0.216153 0.000000 0.976359 1.000000 1.000000 1.000000
3868.376953 0.000000 3063.226074 0.000000 0.691565 0.000000 0.722314 1.000000 1.000000 1.000000
3861.741455 0.000000 3140.147949 0.000000 0.301289 0.000000 0.953533 1.000000 1.000000 1.000000
3869.114014 0.000000 3071.337158 0.000000 0.110692 0.000000 0.993855 1.000000 1.000000 1.000000
3845.397217 0.000000 3060.666016 0.000000 0.975556 0.000000 0.219750 1.000000 1.000000 1.000000
3877.603760 0.000000 3071.094971 0.000000 0.836001 0.000000 0.548728 1.000000 1.000000 1.000000
3912.923828 0.000000 3080.442139 0.000000 0.999750 0.000000 0.022356 1.000000 1.000000 1.000000
3847.057373 0.000000 3061.353516 0.000000 0.248898 0.000000 0.968530 1.000000 1.000000 1.000000
3862.591553 0.000000 3143.710693 0.000000 0.842801 0.000000 0.538225 1.000000 1.000000 1.000000
3884.280273 0.000000 3061.270752 0.000000 0.502172 0.000000 0.864768 1.000000 1.000000 1.000000
3995.370605 0.000000 3060.093262 0.000000 0.986136 0.000000 0.165939 1.000000 1.000000 1.000000
4008.785156 0.000000 3095.796387 0.000000 0.880913 0.000000 0.473278 1.000000 1.000000 1.000000
3943.598877 0.000000 3092.365234 0.000000 0.614725 0.000000 0.788741 1.000000 1.000000 1.000000
3962.249268 0.000000 3116.237793 0.000000 0.817071 0.000000 0.576537 1.000000 1.000000 1.000000
3976.433350 0.000000 3114.635010 0.000000 0.965485 0.000000 0.260459 1.000000 1.000000 1.000000
3985.485107 0.000000 3059.572754 0.000000 0.587377 0.000000 0.809313 1.000000 1.000000 1.000000
3969.433594 0.000000 3117.971680 0.000000 0.697675 0.000000 0.716414 1.000000 1.000000 1.000000
3984.943115 0.000000 3088.425049 0.000000 0.242236 0.000000 0.970217 1.000000 1.000000 1.000000
3992.300781 0.000000 3130.565918 0.000000 0.041001 0.000000 0.999159 1.000000 1.000000 1.000000
3990.195068 0.000000 3063.534912 0.000000 0.162342 0.000000 0.986734 1.000000 1.000000 1.000000
3930.852783 0.000000 3121.719727 0.000000 0.877750 0.000000 0.479119 1.000000 1.000000 1.000000
3956.786621 0.000000 3116.279541 0.000000 0.992375 0.000000 0.123259 1.000000 1.000000 1.000000
3997.406738 0.000000 3131.343750 0.000000 0.461111 0.000000 0.887343 1.000000 1.000000 1.000000
4006.158936 0.000000 3071.736816 0.000000 0.975949 0.000000 0.217998 1.000000 1.000000 1.000000
3937.427002 0.000000 3113.833740 0.000000 0.598934 0.000000 0.800799 1.000000 1.000000 1.000000
3965.359619 0.000000 3119.627686 0.000000 0.118252 0.000000 0.992984 1.000000 1.000000 1.000000
3923.597900 0.000000 3097.702881 0.000000 0.647669 0.000000 0.761922 1.000000 1.000000 1.000000
3941.168213 0.000000 3112.406738 0.000000 0.353044 0.000000 0.935607 1.000000 1.000000 1.000000
4004.050781 0.000000 3064.468506 0.000000 0.094036 0.000000 0.995569 1.000000 1.000000 1.000000
3976.928711 0.000000 3083.760254 0.000000 0.995552 0.000000 0.094216 1.000000 1.000000 1.000000
3981.900391 0.000000 3086.541260 0.000000 0.947215 0.000000 0.320600 1.000000 1.000000 1.000000
3939.889160 0.000000 3092.612793 0.000000 0.793940 0.000000 0.607996 1.000000 1.000000 1.000000
3995.173584 0.000000 3128.596680 0.000000 0.728453 0.000000 0.685096 1.000000 1.000000 1.000000
3933.599365 0.000000 3123.548096 0.000000 0.283404 0.000000 0.959001 1.000000 1.000000 1.000000
3942.882080 0.000000 3095.380127 0.000000 0.771616 0.000000 0.636088 1.000000 1.000000 1.000000
3954.350342 0.000000 3114.337646 0.000000 0.807818 0.000000 0.589432 1.000000 1.000000 1.000000
3977.110840 0.000000 3086.781982 0.000000 0.951962 0.000000 0.306218 1.000000 1.000000 1.000000
3988.151123 0.000000 3065.751953 0.000000 0.515271 0.000000 0.857027 1.000000 1.000000 1.000000
4001.409912 0.000000 3066.051758 0.000000 0.496964 0.000000 0.867771 1.000000 1.000000 1.000000
3928.712402 0.000000 3123.506104 0.000000 0.351268 0.000000 0.936275 1.000000 1.000000 1.000000
4003.879150 0.000000 3066.778564 0.000000 0.315927 0.000000 0.948784 1.000000 1.000000 1.000000
3923.490967 0.000000 3095.464111 0.000000 0.014785 0.000000 0.999891 1.000000 1.000000 1.000000
3994.463379 0.000000 3130.610596 0.000000 0.949319 0.000000 0.314313 1.000000 1.000000 1.000000
3980.910889 0.000000 3088.270508 0.000000 0.037554 0.000000 0.999295 1.000000 1.000000 1.000000
3997.010498 0.000000 3129.470703 0.000000 0.894480 0.000000 0.447107 1.000000 1.000000 1.000000
3978.841064 0.000000 3087.350586 0.000000 0.129638 0.000000 0.991561 1.000000 1.000000 1.000000
3931.890625 0.000000 3123.157471 0.000000 0.416254 0.000000 0.909248 1.000000 1.000000 1.000000
3956.028809 0.000000 3114.789307 0.000000 0.903788 0.000000 0.427981 1.000000 1.000000 1.000000
3999.015869 0.000000 3131.648193 0.000000 0.868223 0.000000 0.496173 1.000000 1.000000 1.000000
3975.547852 0.000000 3116.185547 0.000000 0.065749 0.000000 0.997836 1.000000 1.000000 1.000000
3930.234863 0.000000 3123.207031 0.000000 0.020465 0.000000 0.999791 1.000000 1.000000 1.000000
4014.454346 0.000000 3086.120605 0.000000 0.992083 0.000000 0.125582 1.000000 1.000000 1.000000
3980.280518 0.000000 3086.932129 0.000000 0.350340 0.000000 0.936622 1.000000 1.000000 1.000000
3963.055176 0.000000 3117.226318 0.000000 0.960885 0.000000 0.276948 1.000000 1.000000 1.000000
3960.276123 0.000000 3114.159668 0.000000 0.982561 0.000000 0.185941 1.000000 1.000000 1.000000
3994.977783 0.000000 3127.454102 0.000000 0.111299 0.000000 0.993787 1.000000 1.000000 1.000000
3961.167725 0.000000 3115.638916 0.000000 0.999317 0.000000 0.036950 1.000000 1.000000 1.000000
3922.034180 0.000000 3154.047363 0.000000 0.892730 0.000000 0.450591 1.000000 1.000000 1.000000
3860.406738 0.000000 3205.661133 0.000000 0.996468 0.000000 0.083974 1.000000 1.000000 1.000000
3889.433105 0.000000 3212.051025 0.000000 0.951495 0.000000 0.307664 1.000000 1.000000 1.000000
3832.837402 0.000000 3192.002441 0.000000 0.995434 0.000000 0.095447 1.000000 1.000000 1.000000
3878.191406 0.000000 3207.956055 0.000000 0.241296 0.000000 0.970451 1.000000 1.000000 1.000000
3847.911865 0.000000 3166.959717 0.000000 0.868066 0.000000 0.496449 1.000000 1.000000 1.000000
3902.694092 0.000000 3209.836426 0.000000 0.634292 0.000000 0.773094 1.000000 1.000000 1.000000
3855.368896 0.000000 3203.580322 0.000000 0.304550 0.000000 0.952496 1.000000 1.000000 1.000000
3855.292236 0.000000 3162.050537 0.000000 0.938060 0.000000 0.346472 1.000000 1.000000 1.000000
3851.253906 0.000000 3150.863770 0.000000 0.801081 0.000000 0.598556 1.000000 1.000000 1.000000
3851.608154 0.000000 3164.446045 0.000000 0.722124 0.000000 0.691764 1.000000 1.000000 1.000000
3880.743896 0.000000 3204.321045 0.000000 0.256954 0.000000 0.966424 1.000000 1.000000 1.000000
3844.593506 0.000000 3169.572754 0.000000 0.917412 0.000000 0.397939 1.000000 1.000000 1.000000
3883.833008 0.000000 3180.130371 0.000000 0.336095 0.000000 0.941828 1.000000 1.000000 1.000000
3845.279785 0.000000 3164.626709 0.000000 0.596479 0.000000 0.802628 1.000000 1.000000 1.000000
3881.802002 0.000000 3207.473633 0.000000 0.956060 0.000000 0.293172 1.000000 1.000000 1.000000
3900.067139 0.000000 3208.292236 0.000000 0.873713 0.000000 0.486441 1.000000 1.000000 1.000000
3903.301025 0.000000 3206.787842 0.000000 0.322048 0.000000 0.946724 1.000000 1.000000 1.000000
3863.108154 0.000000 3204.322021 0.000000 0.996383 0.000000 0.084980 1.000000 1.000000 1.000000
3894.754395 0.000000 3233.897949 0.000000 0.212213 0.000000 0.977223 1.000000 1.000000 1.000000
3853.804688 0.000000 3165.402832 0.000000 0.003836 0.000000 0.999993 1.000000 1.000000 1.000000
3832.616699 0.000000 3194.402588 0.000000 0.994704 0.000000 0.102779 1.000000 1.000000 1.000000
3850.181885 0.000000 3166.338867 0.000000 0.659623 0.000000 0.751596 1.000000 1.000000 1.000000
3900.878662 0.000000 3211.230469 0.000000 0.538247 0.000000 0.842787 1.000000 1.000000 1.000000
3857.383301 0.000000 3204.481934 0.000000 0.358694 0.000000 0.933455 1.000000 1.000000 1.000000
3878.648193 0.000000 3209.964844 0.000000 0.866343 0.000000 0.499449 1.000000 1.000000 1.000000
3921.561035 0.000000 3155.999512 0.000000 0.517627 0.000000 0.855606 1.000000 1.000000 1.000000
3854.817139 0.000000 3160.120361 0.000000 0.695466 0.000000 0.718559 1.000000 1.000000 1.000000
3898.686768 0.000000 3230.736816 0.000000 0.333199 0.000000 0.942857 1.000000 1.000000 1.000000
3858.658936 0.000000 3205.863770 0.000000 0.325334 0.000000 0.945599 1.000000 1.000000 1.000000
3898.793213 0.000000 3232.506592 0.000000 0.926754 0.000000 0.375669 1.000000 1.000000 1.000000
3859.333984 0.000000 3204.284668 0.000000 0.031020 0.000000 0.999519 1.000000 1.000000 1.000000
3901.863037 0.000000 3208.396240 0.000000 0.158454 0.000000 0.987366 1.000000 1.000000 1.000000
3842.728516 0.000000 3166.500244 0.000000 0.782027 0.000000 0.623245 1.000000 1.000000 1.000000
3862.074707 0.000000 3205.524414 0.000000 0.310040 0.000000 0.950723 1.000000 1.000000 1.000000
3849.803711 0.000000 3151.163086 0.000000 0.344602 0.000000 0.938749 1.000000 1.000000 1.000000
4005.301758 0.000000 3201.860107 0.000000 0.995224 0.000000 0.097618 1.000000 1.000000 1.000000
3938.468262 0.000000 3179.270996 0.000000 0.555214 0.000000 0.831708 1.000000 1.000000 1.000000
3996.843750 0.000000 3175.614990 0.000000 0.325634 0.000000 0.945496 1.000000 1.000000 1.000000
3927.096436 0.000000 3165.334717 0.000000 0.967272 0.000000 0.253742 1.000000 1.000000 1.000000
3931.839355 0.000000 3170.741211 0.000000 0.997890 0.000000 0.064927 1.000000 1.000000 1.000000
3984.598633 0.000000 3187.378662 0.000000 0.645078 0.000000 0.764116 1.000000 1.000000 1.000000
4002.652100 0.000000 3198.800781 0.000000 0.989336 0.000000 0.145652 1.000000 1.000000 1.000000
3928.540039 0.000000 3168.940918 0.000000 0.999793 0.000000 0.020362 1.000000 1.000000 1.000000
3999.372070 0.000000 3195.065674 0.000000 0.049073 0.000000 0.998795 1.000000 1.000000 1.000000
3999.113281 0.000000 3178.003174 0.000000 0.998729 0.000000 0.050402 1.000000 1.000000 1.000000
3937.659668 0.000000 3176.466797 0.000000 0.565357 0.000000 0.824847 1.000000 1.000000 1.000000
3930.655273 0.000000 3167.069336 0.000000 0.998929 0.000000 0.046264 1.000000 1.000000 1.000000
3950.285889 0.000000 3180.260010 0.000000 0.985879 0.000000 0.167457 1.000000 1.000000 1.000000
4008.140869 0.000000 3195.203613 0.000000 0.987792 0.000000 0.155781 1.000000 1.000000 1.000000
3986.907959 0.000000 3188.306885 0.000000 0.394874 0.000000 0.918735 1.000000 1.000000 1.000000
4005.750244 0.000000 3152.831543 0.000000 0.361902 0.000000 0.932216 1.000000 1.000000 1.000000
4000.118896 0.000000 3199.596191 0.000000 0.928521 0.000000 0.371279 1.000000 1.000000 1.000000
3933.745361 0.000000 3170.101074 0.000000 0.969016 0.000000 0.246998 1.000000 1.000000 1.000000
4005.585693 0.000000 3155.814209 0.000000 0.505248 0.000000 0.862974 1.000000 1.000000 1.000000
4002.024170 0.000000 3154.204102 0.000000 0.754102 0.000000 0.656757 1.000000 1.000000 1.000000
3997.369141 0.000000 3177.293701 0.000000 0.458091 0.000000 0.888905 1.000000 1.000000 1.000000
4004.026611 0.000000 3152.687744 0.000000 0.052123 0.000000 0.998641 1.000000 1.000000 1.000000
3983.597656 0.000000 3193.133301 0.000000 0.822838 0.000000 0.568277 1.000000 1.000000 1.000000
4002.885254 0.000000 3155.600586 0.000000 0.834906 0.000000 0.550393 1.000000 1.000000 1.000000
4008.064209 0.000000 3196.771240 0.000000 0.883569 0.000000 0.468302 1.000000 1.000000 1.000000
3926.146973 0.000000 3166.357422 0.000000 0.189181 0.000000 0.981942 1.000000 1.000000 1.000000
3999.470703 0.000000 3196.441406 0.000000 0.998456 0.000000 0.055541 1.000000 1.000000 1.000000
3982.106934 0.000000 3192.849121 0.000000 0.669683 0.000000 0.742647 1.000000 1.000000 1.000000
4087.536621 0.000000 3035.360352 0.000000 0.415331 0.000000 0.909670 1.000000 1.000000 1.000000
4102.963379 0.000000 3041.999756 0.000000 0.992859 0.000000 0.119296 1.000000 1.000000 1.000000
4096.111328 0.000000 3038.230469 0.000000 0.365088 0.000000 0.930973 1.000000 1.000000 1.000000
4101.114258 0.000000 3038.608887 0.000000 0.751401 0.000000 0.659846 1.000000 1.000000 1.000000
4093.864014 0.000000 3035.814697 0.000000 0.999368 0.000000 0.035546 1.000000 1.000000 1.000000
4093.460205 0.000000 3034.168457 0.000000 0.725317 0.000000 0.688415 1.000000 1.000000 1.000000
4016.986816 0.000000 3081.346436 0.000000 0.996323 0.000000 0.085681 1.000000 1.000000 1.000000
4084.482178 0.000000 3104.284180 0.000000 0.283388 0.000000 0.959005 1.000000 1.000000 1.000000
4026.157715 0.000000 3094.320068 0.000000 0.614443 0.000000 0.788961 1.000000 1.000000 1.000000
4030.516357 0.000000 3064.862793 0.000000 0.941122 0.000000 0.338066 1.000000 1.000000 1.000000
4021.463379 0.000000 3070.578613 0.000000 0.219671 0.000000 0.975574 1.000000 1.000000 1.000000
4089.182373 0.000000 3102.019531 0.000000 0.590770 0.000000 0.806840 1.000000 1.000000 1.000000
4101.050293 0.000000 3114.264404 0.000000 0.333718 0.000000 0.942673 1.000000 1.000000 1.000000
4020.477051 0.000000 3083.879395 0.000000 0.951880 0.000000 0.306471 1.000000 1.000000 1.000000
4090.409180 0.000000 3111.760010 0.000000 0.936974 0.000000 0.349399 1.000000 1.000000 1.000000
4018.105713 0.000000 3086.506104 0.000000 0.909820 0.000000 0.415003 1.000000 1.000000 1.000000
4063.253906 0.000000 3148.455811 0.000000 0.475189 0.000000 0.879884 1.000000 1.000000 1.000000
4032.651367 0.000000 3066.927002 0.000000 0.403040 0.000000 0.915182 1.000000 1.000000 1.000000
4086.258789 0.000000 3102.154785 0.000000 0.066803 0.000000 0.997766 1.000000 1.000000 1.000000
4087.861084 0.000000 3103.617676 0.000000 0.988371 0.000000 0.152060 1.000000 1.000000 1.000000
4071.166748 0.000000 3119.951660 0.000000 0.419623 0.000000 0.907698 1.000000 1.000000 1.000000
4016.654297 0.000000 3068.512939 0.000000 0.585129 0.000000 0.810940 1.000000 1.000000 1.000000
4017.999268 0.000000 3087.899170 0.000000 0.968856 0.000000 0.247623 1.000000 1.000000 1.000000
4016.793945 0.000000 3087.125732 0.000000 0.719724 0.000000 0.694260 1.000000 1.000000 1.000000
4160.382812 0.000000 3067.931641 0.000000 0.977455 0.000000 0.211143 1.000000 1.000000 1.000000
4178.778809 0.000000 3125.344727 0.000000 0.513731 0.000000 0.857951 1.000000 1.000000 1.000000
4115.507324 0.000000 3075.124268 0.000000 0.054697 0.000000 0.998503 1.000000 1.000000 1.000000
4121.638672 0.000000 3076.975342 0.000000 0.401239 0.000000 0.915973 1.000000 1.000000 1.000000
4153.740234 0.000000 3067.467529 0.000000 0.781604 0.000000 0.623775 1.000000 1.000000 1.000000
4176.420898 0.000000 3119.852051 0.000000 0.986607 0.000000 0.163116 1.000000 1.000000 1.000000
4157.159668 0.000000 3063.709473 0.000000 0.326458 0.000000 0.945212 1.000000 1.000000 1.000000
4194.375488 0.000000 3123.152344 0.000000 0.061517 0.000000 0.998106 1.000000 1.000000 1.000000
4148.188965 0.000000 3144.583252 0.000000 0.416276 0.000000 0.909238 1.000000 1.000000 1.000000
4150.062012 0.000000 3069.452393 0.000000 0.998734 0.000000 0.050305 1.000000 1.000000 1.000000
4175.254395 0.000000 3123.620117 0.000000 0.241241 0.000000 0.970465 1.000000 1.000000 1.000000
4139.659180 0.000000 3142.682617 0.000000 0.996536 0.000000 0.083163 1.000000 1.000000 1.000000
4179.670898 0.000000 3121.748535 0.000000 0.999263 0.000000 0.038394 1.000000 1.000000 1.000000
4146.068848 0.000000 3059.584473 0.000000 0.335476 0.000000 0.942049 1.000000 1.000000 1.000000
4161.007324 0.000000 3064.611084 0.000000 0.273579 0.000000 0.961850 1.000000 1.000000 1.000000
4120.144043 0.000000 3086.482422 0.000000 0.320975 0.000000 0.947088 1.000000 1.000000 1.000000
4113.139648 0.000000 3077.084961 0.000000 0.967539 0.000000 0.252723 1.000000 1.000000 1.000000
4155.291016 0.000000 3065.447266 0.000000 0.503041 0.000000 0.864263 1.000000 1.000000 1.000000
4143.140137 0.000000 3143.081299 0.000000 0.486493 0.000000 0.873684 1.000000 1.000000 1.000000
4174.604980 0.000000 3121.246094 0.000000 0.808966 0.000000 0.587855 1.000000 1.000000 1.000000
4120.469727 0.000000 3078.938232 0.000000 0.296706 0.000000 0.954969 1.000000 1.000000 1.000000
4151.914551 0.000000 3066.758301 0.000000 0.652753 0.000000 0.757571 1.000000 1.000000 1.000000
4119.857422 0.000000 3076.308838 0.000000 0.988012 0.000000 0.154378 1.000000 1.000000 1.000000
4137.815918 0.000000 3143.347412 0.000000 0.090348 0.000000 0.995910 1.000000 1.000000 1.000000
4158.960449 0.000000 3064.385742 0.000000 0.838969 0.000000 0.544179 1.000000 1.000000 1.000000
4155.502441 0.000000 3063.688721 0.000000 0.247806 0.000000 0.968810 1.000000 1.000000 1.000000
4116.455078 0.000000 3076.515869 0.000000 0.831589 0.000000 0.555391 1.000000 1.000000 1.000000
4156.972656 0.000000 3065.342041 0.000000 0.379362 0.000000 0.925249 1.000000 1.000000 1.000000
4150.026367 0.000000 3061.333984 0.000000 0.205635 0.000000 0.978629 1.000000 1.000000 1.000000
4177.639648 0.000000 3120.950928 0.000000 0.546101 0.000000 0.837720 1.000000 1.000000 1.000000
4176.176758 0.000000 3121.356445 0.000000 0.920130 0.000000 0.391613 1.000000 1.000000 1.000000
4136.317871 0.000000 3143.710693 0.000000 0.995242 0.000000 0.097435 1.000000 1.000000 1.000000
4170.853516 0.000000 3140.514893 0.000000 0.535164 0.000000 0.844748 1.000000 1.000000 1.000000
4138.517090 0.000000 3142.317627 0.000000 0.566693 0.000000 0.823929 1.000000 1.000000 1.000000
4084.482178 0.000000 3194.268555 0.000000 0.906017 0.000000 0.423241 1.000000 1.000000 1.000000
4034.735352 0.000000 3198.865723 0.000000 0.421086 0.000000 0.907021 1.000000 1.000000 1.000000
4056.290527 0.000000 3189.667480 0.000000 0.989887 0.000000 0.141860 1.000000 1.000000 1.000000
4016.095703 0.000000 3149.853516 0.000000 0.995158 0.000000 0.098283 1.000000 1.000000 1.000000
4061.807861 0.000000 3150.191650 0.000000 0.591399 0.000000 0.806379 1.000000 1.000000 1.000000
4042.891113 0.000000 3205.661133 0.000000 0.985184 0.000000 0.171498 1.000000 1.000000 1.000000
4079.912109 0.000000 3172.455811 0.000000 0.997559 0.000000 0.069827 1.000000 1.000000 1.000000
4052.006836 0.000000 3199.144531 0.000000 0.949253 0.000000 0.314513 1.000000 1.000000 1.000000
4062.348389 0.000000 3189.680420 0.000000 0.999016 0.000000 0.044344 1.000000 1.000000 1.000000
4038.500000 0.000000 3195.326172 0.000000 0.653231 0.000000 0.757159 1.000000 1.000000 1.000000
4099.324707 0.000000 3225.661133 0.000000 0.910948 0.000000 0.412522 1.000000 1.000000 1.000000
4084.709717 0.000000 3189.561279 0.000000 0.378909 0.000000 0.925434 1.000000 1.000000 1.000000
4079.957764 0.000000 3168.260498 0.000000 0.299906 0.000000 0.953969 1.000000 1.000000 1.000000
4059.347412 0.000000 3191.840820 0.000000 0.318197 0.000000 0.948025 1.000000 1.000000 1.000000
4101.759766 0.000000 3227.426758 0.000000 0.873390 0.000000 0.487021 1.000000 1.000000 1.000000
4043.040527 0.000000 3208.542236 0.000000 0.680306 0.000000 0.732928 1.000000 1.000000 1.000000
4100.318848 0.000000 3222.998535 0.000000 0.148595 0.000000 0.988898 1.000000 1.000000 1.000000
4039.679199 0.000000 3197.629883 0.000000 0.102995 0.000000 0.994682 1.000000 1.000000 1.000000
4036.191895 0.000000 3196.669922 0.000000 0.978448 0.000000 0.206493 1.000000 1.000000 1.000000
4043.125244 0.000000 3211.085205 0.000000 0.965300 0.000000 0.261143 1.000000 1.000000 1.000000
4103.431152 0.000000 3210.441895 0.000000 0.656491 0.000000 0.754334 1.000000 1.000000 1.000000
4078.843750 0.000000 3170.256836 0.000000 0.952672 0.000000 0.304001 1.000000 1.000000 1.000000
4087.643799 0.000000 3190.206299 0.000000 0.653682 0.000000 0.756770 1.000000 1.000000 1.000000
4037.737793 0.000000 3197.916260 0.000000 0.646483 0.000000 0.762928 1.000000 1.000000 1.000000
4101.052734 0.000000 3225.781006 0.000000 0.804890 0.000000 0.593424 1.000000 1.000000 1.000000
4042.040283 0.000000 3209.921387 0.000000 0.412516 0.000000 0.910950 1.000000 1.000000 1.000000
4124.121094 0.000000 3159.869873 0.000000 0.995018 0.000000 0.099696 1.000000 1.000000 1.000000
4193.268555 0.000000 3194.742676 0.000000 0.076713 0.000000 0.997053 1.000000 1.000000 1.000000
4132.330078 0.000000 3171.964844 0.000000 0.998876 0.000000 0.047391 1.000000 1.000000 1.000000
4189.003418 0.000000 3197.166016 0.000000 0.994161 0.000000 0.107903 1.000000 1.000000 1.000000
4111.123047 0.000000 3215.999756 0.000000 0.671231 0.000000 0.741248 1.000000 1.000000 1.000000
4112.451660 0.000000 3164.163330 0.000000 0.629459 0.000000 0.777034 1.000000 1.000000 1.000000
4173.793945 0.000000 3208.292236 0.000000 0.980001 0.000000 0.198990 1.000000 1.000000 1.000000
4172.502441 0.000000 3206.756836 0.000000 0.991320 0.000000 0.131468 1.000000 1.000000 1.000000
4111.739746 0.000000 3162.290039 0.000000 0.640419 0.000000 0.768026 1.000000 1.000000 1.000000
4190.433105 0.000000 3198.358887 0.000000 0.261914 0.000000 0.965091 1.000000 1.000000 1.000000
4200.061035 0.000000 3117.849854 0.000000 0.473795 0.000000 0.880635 1.000000 1.000000 1.000000
4197.203125 0.000000 3145.577148 0.000000 0.992390 0.000000 0.123133 1.000000 1.000000 1.000000
4201.948730 0.000000 3144.832764 0.000000 0.935025 0.000000 0.354583 1.000000 1.000000 1.000000
4198.050781 0.000000 3119.935059 0.000000 0.935285 0.000000 0.353896 1.000000 1.000000 1.000000
4206.205566 0.000000 3148.145996 0.000000 0.059940 0.000000 0.998202 1.000000 1.000000 1.000000
4197.770996 0.000000 3147.791992 0.000000 0.836433 0.000000 0.548069 1.000000 1.000000 1.000000
4201.991211 0.000000 3147.890625 0.000000 0.944982 0.000000 0.327122 1.000000 1.000000 1.000000
4197.566895 0.000000 3121.271484 0.000000 0.904480 0.000000 0.426517 1.000000 1.000000 1.000000
4197.631836 0.000000 3200.842285 0.000000 0.974654 0.000000 0.223719 1.000000 1.000000 1.000000
4203.936035 0.000000 3177.907715 0.000000 0.905155 0.000000 0.425082 1.000000 1.000000 1.000000
4212.880859 0.000000 3166.959717 0.000000 0.680400 0.000000 0.732841 1.000000 1.000000 1.000000
4201.346191 0.000000 3196.289551 0.000000 0.868484 0.000000 0.495718 1.000000 1.000000 1.000000
4214.464355 0.000000 3170.989502 0.000000 0.941679 0.000000 0.336512 1.000000 1.000000 1.000000
4202.961426 0.000000 3173.863770 0.000000 0.905496 0.000000 0.424355 1.000000 1.000000 1.000000
4216.750488 0.000000 3168.069092 0.000000 0.691383 0.000000 0.722488 1.000000 1.000000 1.000000
4198.138184 0.000000 3197.360352 0.000000 0.882149 0.000000 0.470971 1.000000 1.000000 1.000000
3911.209473 0.000000 3267.520508 0.000000 0.809445 0.000000 0.587196 1.000000 1.000000 1.000000
3914.556396 0.000000 3267.641113 0.000000 0.209378 0.000000 0.977835 1.000000 1.000000 1.000000
3911.468994 0.000000 3269.395264 0.000000 0.628687 0.000000 0.777658 1.000000 1.000000 1.000000
3912.854004 0.000000 3266.872803 0.000000 0.216844 0.000000 0.976206 1.000000 1.000000 1.000000
3911.818359 0.000000 3271.262695 0.000000 0.900792 0.000000 0.434252 1.000000 1.000000 1.000000
3965.079590 0.000000 3320.105957 0.000000 0.276013 0.000000 0.961154 1.000000 1.000000 1.000000
3960.656006 0.000000 3323.050049 0.000000 0.515002 0.000000 0.857189 1.000000 1.000000 1.000000
3952.326172 0.000000 3328.462891 0.000000 0.752490 0.000000 0.658604 1.000000 1.000000 1.000000
3961.842041 0.000000 3324.697266 0.000000 0.940542 0.000000 0.339678 1.000000 1.000000 1.000000
4034.841064 0.000000 3272.333984 0.000000 0.200971 0.000000 0.979597 1.000000 1.000000 1.000000
4059.485352 0.000000 3289.129883 0.000000 0.755278 0.000000 0.655404 1.000000 1.000000 1.000000
4032.878906 0.000000 3249.854248 0.000000 0.563372 0.000000 0.826203 1.000000 1.000000 1.000000
4074.127686 0.000000 3281.621826 0.000000 0.407809 0.000000 0.913067 1.000000 1.000000 1.000000
4069.755127 0.000000 3289.109375 0.000000 0.872208 0.000000 0.489136 1.000000 1.000000 1.000000
4061.835938 0.000000 3284.707275 0.000000 0.950173 0.000000 0.311724 1.000000 1.000000 1.000000
4037.018799 0.000000 3247.331543 0.000000 0.672253 0.000000 0.740322 1.000000 1.000000 1.000000
4072.079102 0.000000 3278.002197 0.000000 0.998828 0.000000 0.048394 1.000000 1.000000 1.000000
4090.409180 0.000000 3291.728760 0.000000 0.477543 0.000000 0.878608 1.000000 1.000000 1.000000
4023.983643 0.000000 3279.980957 0.000000 0.746187 0.000000 0.665736 1.000000 1.000000 1.000000
4039.288574 0.000000 3249.382324 0.000000 0.433724 0.000000 0.901046 1.000000 1.000000 1.000000
4024.223389 0.000000 3276.682129 0.000000 0.994750 0.000000 0.102338 1.000000 1.000000 1.000000
4062.154053 0.000000 3287.717529 0.000000 0.231491 0.000000 0.972837 1.000000 1.000000 1.000000
4039.442871 0.000000 3247.007324 0.000000 0.966611 0.000000 0.256249 1.000000 1.000000 1.000000
4072.235352 0.000000 3280.288330 0.000000 0.883619 0.000000 0.468207 1.000000 1.000000 1.000000
4028.847412 0.000000 3252.822021 0.000000 0.660190 0.000000 0.751099 1.000000 1.000000 1.000000
4074.133057 0.000000 3278.403076 0.000000 0.394985 0.000000 0.918688 1.000000 1.000000 1.000000
4060.759766 0.000000 3286.329102 0.000000 0.580824 0.000000 0.814029 1.000000 1.000000 1.000000
4089.640137 0.000000 3290.075684 0.000000 0.411257 0.000000 0.911520 1.000000 1.000000 1.000000
4065.656982 0.000000 3288.105957 0.000000 0.287895 0.000000 0.957662 1.000000 1.000000 1.000000
4063.167480 0.000000 3289.535889 0.000000 0.086653 0.000000 0.996239 1.000000 1.000000 1.000000
4128.261230 0.000000 3247.331543 0.000000 0.626293 0.000000 0.779588 1.000000 1.000000 1.000000
4124.980469 0.000000 3240.848145 0.000000 0.025152 0.000000 0.999684 1.000000 1.000000 1.000000
4130.530762 0.000000 3249.382324 0.000000 0.832233 0.000000 0.554427 1.000000 1.000000 1.000000
4126.632324 0.000000 3249.276855 0.000000 0.349794 0.000000 0.936827 1.000000 1.000000 1.000000
4134.562500 0.000000 3244.436279 0.000000 0.999335 0.000000 0.036476 1.000000 1.000000 1.000000
4124.444336 0.000000 3242.905762 0.000000 0.455354 0.000000 0.890310 1.000000 1.000000 1.000000
4126.873047 0.000000 3242.741455 0.000000 0.594378 0.000000 0.804186 1.000000 1.000000 1.000000
4143.202148 0.000000 3241.940674 0.000000 0.692508 0.000000 0.721410 1.000000 1.000000 1.000000
4145.563965 0.000000 3243.049316 0.000000 0.211386 0.000000 0.977403 1.000000 1.000000 1.000000
8429.378906 0.000000 699.892517 0.000000 0.814101 0.000000 0.580723 1.000000 1.000000 1.000000
8418.373047 0.000000 670.627502 0.000000 0.338033 0.000000 0.941134 1.000000 1.000000 1.000000
8437.157227 0.000000 701.556641 0.000000 0.999796 0.000000 0.020220 1.000000 1.000000 1.000000
8433.542969 0.000000 698.336792 0.000000 0.827829 0.000000 0.560980 1.000000 1.000000 1.000000
8433.630859 0.000000 701.986511 0.000000 0.768926 0.000000 0.639338 1.000000 1.000000 1.000000
8427.723633 0.000000 689.261353 0.000000 0.149845 0.000000 0.988709 1.000000 1.000000 1.000000
8577.974609 0.000000 622.798828 0.000000 0.694477 0.000000 0.719515 1.000000 1.000000 1.000000
"}
object={
	name="tree_cypress_01_generator_1_1"
	render_pass=Map
	clamp_to_water_level=no
	generated_content=yes
	layer="tree_high_layer"
	pdxmesh="tree_cypress_01_b_mesh"
	count=2128
	transform="1159.406738 0.000000 2876.246826 0.000000 0.887351 0.000000 -0.461095 1.000000 1.000000 1.000000
1141.679810 0.000000 2875.826416 0.000000 0.880326 0.000000 -0.474369 1.000000 1.000000 1.000000
1149.551514 0.000000 2879.377930 0.000000 0.918811 0.000000 -0.394699 1.000000 1.000000 1.000000
2939.359619 0.000000 2808.131592 0.000000 0.966954 0.000000 -0.254950 1.000000 1.000000 1.000000
2974.858887 0.000000 2794.657959 0.000000 0.936468 0.000000 -0.350754 1.000000 1.000000 1.000000
3001.975586 0.000000 2798.102295 0.000000 0.941663 0.000000 -0.336559 1.000000 1.000000 1.000000
2943.419434 0.000000 2795.091064 0.000000 0.934009 0.000000 -0.357249 1.000000 1.000000 1.000000
2948.414307 0.000000 2794.514404 0.000000 0.680770 0.000000 -0.732497 1.000000 1.000000 1.000000
3109.503418 0.000000 2866.003906 0.000000 0.801320 0.000000 -0.598236 1.000000 1.000000 1.000000
3107.042725 0.000000 2874.879639 0.000000 0.925581 0.000000 -0.378550 1.000000 1.000000 1.000000
3187.797852 0.000000 2878.425537 0.000000 0.819535 0.000000 -0.573030 1.000000 1.000000 1.000000
3111.299316 0.000000 2878.192871 0.000000 0.913684 0.000000 -0.406426 1.000000 1.000000 1.000000
3212.759277 0.000000 2874.499268 0.000000 0.923456 0.000000 -0.383704 1.000000 1.000000 1.000000
3506.038330 0.000000 2576.331543 0.000000 0.835670 0.000000 -0.549232 1.000000 1.000000 1.000000
3495.437988 0.000000 2575.770508 0.000000 0.994308 0.000000 -0.106548 1.000000 1.000000 1.000000
3499.354980 0.000000 2542.552734 0.000000 0.902247 0.000000 -0.431220 1.000000 1.000000 1.000000
3507.883545 0.000000 2583.916992 0.000000 0.824981 0.000000 -0.565161 1.000000 1.000000 1.000000
3518.973877 0.000000 2537.649170 0.000000 0.981382 0.000000 -0.192068 1.000000 1.000000 1.000000
3518.142822 0.000000 2532.202881 0.000000 0.889198 0.000000 -0.457522 1.000000 1.000000 1.000000
3491.046875 0.000000 2565.435547 0.000000 0.651080 0.000000 -0.759009 1.000000 1.000000 1.000000
3509.148682 0.000000 2579.721436 0.000000 0.996666 0.000000 -0.081589 1.000000 1.000000 1.000000
3544.239746 0.000000 2519.638428 0.000000 0.682211 0.000000 -0.731155 1.000000 1.000000 1.000000
3515.902344 0.000000 2535.343262 0.000000 0.839499 0.000000 -0.543362 1.000000 1.000000 1.000000
3512.350830 0.000000 2602.278564 0.000000 0.713030 0.000000 -0.701133 1.000000 1.000000 1.000000
3480.424072 0.000000 2551.830811 0.000000 0.923743 0.000000 -0.383014 1.000000 1.000000 1.000000
3509.791016 0.000000 2582.116699 0.000000 0.909564 0.000000 -0.415564 1.000000 1.000000 1.000000
3511.684570 0.000000 2580.111816 0.000000 0.766125 0.000000 -0.642691 1.000000 1.000000 1.000000
3516.214111 0.000000 2605.711182 0.000000 0.717304 0.000000 -0.696760 1.000000 1.000000 1.000000
3495.939697 0.000000 2573.654053 0.000000 0.677980 0.000000 -0.735080 1.000000 1.000000 1.000000
3590.442139 0.000000 2593.205811 0.000000 0.768539 0.000000 -0.639803 1.000000 1.000000 1.000000
3586.832031 0.000000 2592.764160 0.000000 0.989936 0.000000 -0.141515 1.000000 1.000000 1.000000
3571.361816 0.000000 2593.658203 0.000000 0.959042 0.000000 -0.283265 1.000000 1.000000 1.000000
3534.923828 0.000000 2624.814209 0.000000 0.609102 0.000000 -0.793092 1.000000 1.000000 1.000000
3528.496094 0.000000 2629.695312 0.000000 0.920488 0.000000 -0.390771 1.000000 1.000000 1.000000
3532.504639 0.000000 2628.354248 0.000000 0.958339 0.000000 -0.285633 1.000000 1.000000 1.000000
3567.178955 0.000000 2653.178467 0.000000 0.937848 0.000000 -0.347046 1.000000 1.000000 1.000000
3565.205811 0.000000 2647.778564 0.000000 0.989768 0.000000 -0.142685 1.000000 1.000000 1.000000
3607.144531 0.000000 2625.327637 0.000000 0.931431 0.000000 -0.363919 1.000000 1.000000 1.000000
3593.296875 0.000000 2645.353027 0.000000 0.891493 0.000000 -0.453035 1.000000 1.000000 1.000000
3371.000732 0.000000 2780.373047 0.000000 0.850479 0.000000 -0.526009 1.000000 1.000000 1.000000
3369.392578 0.000000 2785.477051 0.000000 0.729213 0.000000 -0.684287 1.000000 1.000000 1.000000
3402.879883 0.000000 2783.877441 0.000000 0.880350 0.000000 -0.474325 1.000000 1.000000 1.000000
3403.246582 0.000000 2780.414795 0.000000 0.998461 0.000000 -0.055458 1.000000 1.000000 1.000000
3430.445557 0.000000 2797.978516 0.000000 0.731560 0.000000 -0.681777 1.000000 1.000000 1.000000
3411.341064 0.000000 2803.166992 0.000000 0.722757 0.000000 -0.691103 1.000000 1.000000 1.000000
3435.222900 0.000000 2805.270264 0.000000 0.896708 0.000000 -0.442623 1.000000 1.000000 1.000000
3431.866455 0.000000 2791.658936 0.000000 0.916708 0.000000 -0.399559 1.000000 1.000000 1.000000
3449.644775 0.000000 2803.879150 0.000000 0.806889 0.000000 -0.590702 1.000000 1.000000 1.000000
3427.221924 0.000000 2793.756348 0.000000 0.893755 0.000000 -0.448555 1.000000 1.000000 1.000000
3434.442139 0.000000 2800.369873 0.000000 0.977522 0.000000 -0.210833 1.000000 1.000000 1.000000
3379.725098 0.000000 2864.903564 0.000000 0.925095 0.000000 -0.379734 1.000000 1.000000 1.000000
3419.710205 0.000000 2806.302734 0.000000 0.690263 0.000000 -0.723558 1.000000 1.000000 1.000000
3427.409668 0.000000 2790.173584 0.000000 0.768157 0.000000 -0.640262 1.000000 1.000000 1.000000
3452.857910 0.000000 2798.184570 0.000000 0.643672 0.000000 -0.765301 1.000000 1.000000 1.000000
3429.023193 0.000000 2794.432617 0.000000 0.669406 0.000000 -0.742896 1.000000 1.000000 1.000000
3450.235107 0.000000 2819.324463 0.000000 0.926477 0.000000 -0.376352 1.000000 1.000000 1.000000
3413.210449 0.000000 2807.903320 0.000000 0.997075 0.000000 -0.076425 1.000000 1.000000 1.000000
3416.101318 0.000000 2806.263184 0.000000 0.589049 0.000000 -0.808097 1.000000 1.000000 1.000000
3435.041992 0.000000 2803.541992 0.000000 0.984155 0.000000 -0.177312 1.000000 1.000000 1.000000
3383.402344 0.000000 2864.363525 0.000000 0.721791 0.000000 -0.692112 1.000000 1.000000 1.000000
3469.658203 0.000000 2829.843262 0.000000 0.997074 0.000000 -0.076439 1.000000 1.000000 1.000000
984.823303 0.000000 2956.084961 0.000000 0.644734 0.000000 -0.764407 1.000000 1.000000 1.000000
973.423401 0.000000 2928.945068 0.000000 0.845676 0.000000 -0.533697 1.000000 1.000000 1.000000
990.396973 0.000000 2948.190918 0.000000 0.655164 0.000000 -0.755487 1.000000 1.000000 1.000000
977.855408 0.000000 2935.093506 0.000000 0.959032 0.000000 -0.283297 1.000000 1.000000 1.000000
992.882690 0.000000 2945.183838 0.000000 0.992881 0.000000 -0.119109 1.000000 1.000000 1.000000
1076.065430 0.000000 2956.084961 0.000000 0.992836 0.000000 -0.119482 1.000000 1.000000 1.000000
1035.022461 0.000000 2925.053711 0.000000 0.925018 0.000000 -0.379923 1.000000 1.000000 1.000000
1087.681030 0.000000 2945.900391 0.000000 0.999870 0.000000 -0.016138 1.000000 1.000000 1.000000
1044.344482 0.000000 2943.854492 0.000000 0.877078 0.000000 -0.480348 1.000000 1.000000 1.000000
1007.938232 0.000000 2951.039795 0.000000 0.592282 0.000000 -0.805731 1.000000 1.000000 1.000000
1068.318481 0.000000 2953.219482 0.000000 0.859509 0.000000 -0.511121 1.000000 1.000000 1.000000
1008.888733 0.000000 2946.046631 0.000000 0.668781 0.000000 -0.743459 1.000000 1.000000 1.000000
1093.093140 0.000000 2947.656250 0.000000 0.892363 0.000000 -0.451319 1.000000 1.000000 1.000000
1045.609497 0.000000 2939.658936 0.000000 0.794882 0.000000 -0.606764 1.000000 1.000000 1.000000
1029.182861 0.000000 2944.071045 0.000000 0.623152 0.000000 -0.782101 1.000000 1.000000 1.000000
1020.062622 0.000000 2966.981445 0.000000 0.927100 0.000000 -0.374815 1.000000 1.000000 1.000000
1035.916382 0.000000 2948.482178 0.000000 0.605710 0.000000 -0.795686 1.000000 1.000000 1.000000
1046.450806 0.000000 2936.989990 0.000000 0.934760 0.000000 -0.355279 1.000000 1.000000 1.000000
1069.970947 0.000000 2951.152344 0.000000 0.944237 0.000000 -0.329267 1.000000 1.000000 1.000000
1026.212036 0.000000 2945.600586 0.000000 0.949397 0.000000 -0.314078 1.000000 1.000000 1.000000
1008.916443 0.000000 2948.619873 0.000000 0.847193 0.000000 -0.531285 1.000000 1.000000 1.000000
1022.520020 0.000000 2966.814941 0.000000 0.967746 0.000000 -0.251926 1.000000 1.000000 1.000000
1070.388428 0.000000 2953.762695 0.000000 0.953561 0.000000 -0.301199 1.000000 1.000000 1.000000
1072.670410 0.000000 2952.631592 0.000000 0.747875 0.000000 -0.663840 1.000000 1.000000 1.000000
1047.117920 0.000000 2938.616455 0.000000 0.978832 0.000000 -0.204667 1.000000 1.000000 1.000000
1037.440430 0.000000 2952.907959 0.000000 0.642789 0.000000 -0.766044 1.000000 1.000000 1.000000
1026.502563 0.000000 2944.186523 0.000000 0.996486 0.000000 -0.083761 1.000000 1.000000 1.000000
1024.808472 0.000000 2945.935547 0.000000 0.872933 0.000000 -0.487840 1.000000 1.000000 1.000000
1068.728516 0.000000 2951.829590 0.000000 0.701613 0.000000 -0.712558 1.000000 1.000000 1.000000
1002.284119 0.000000 2974.078613 0.000000 0.893120 0.000000 -0.449819 1.000000 1.000000 1.000000
947.059265 0.000000 3046.952637 0.000000 0.967569 0.000000 -0.252608 1.000000 1.000000 1.000000
1002.018982 0.000000 2987.102295 0.000000 0.998124 0.000000 -0.061223 1.000000 1.000000 1.000000
986.947937 0.000000 3012.035156 0.000000 0.964031 0.000000 -0.265790 1.000000 1.000000 1.000000
985.532166 0.000000 2992.398682 0.000000 0.958686 0.000000 -0.284467 1.000000 1.000000 1.000000
984.024353 0.000000 3012.170410 0.000000 0.911072 0.000000 -0.412248 1.000000 1.000000 1.000000
998.385498 0.000000 2977.077148 0.000000 0.609257 0.000000 -0.792972 1.000000 1.000000 1.000000
986.775146 0.000000 2974.668213 0.000000 0.608242 0.000000 -0.793752 1.000000 1.000000 1.000000
985.626831 0.000000 3013.633301 0.000000 0.831957 0.000000 -0.554841 1.000000 1.000000 1.000000
1038.762085 0.000000 3039.486572 0.000000 0.838371 0.000000 -0.545101 1.000000 1.000000 1.000000
1082.858887 0.000000 2978.630371 0.000000 0.622808 0.000000 -0.782374 1.000000 1.000000 1.000000
1048.493042 0.000000 3019.176758 0.000000 0.622914 0.000000 -0.782291 1.000000 1.000000 1.000000
1031.380005 0.000000 2979.671387 0.000000 0.643642 0.000000 -0.765327 1.000000 1.000000 1.000000
1091.971191 0.000000 3041.999756 0.000000 0.788310 0.000000 -0.615278 1.000000 1.000000 1.000000
1033.012695 0.000000 3039.197998 0.000000 0.875442 0.000000 -0.483322 1.000000 1.000000 1.000000
1033.116943 0.000000 3009.026611 0.000000 0.928640 0.000000 -0.370983 1.000000 1.000000 1.000000
1016.769775 0.000000 2981.100586 0.000000 0.908822 0.000000 -0.417185 1.000000 1.000000 1.000000
1050.843628 0.000000 3014.754150 0.000000 0.910009 0.000000 -0.414589 1.000000 1.000000 1.000000
1035.660767 0.000000 3043.127686 0.000000 0.911911 0.000000 -0.410389 1.000000 1.000000 1.000000
1003.667725 0.000000 2987.772217 0.000000 0.902944 0.000000 -0.429758 1.000000 1.000000 1.000000
1008.544617 0.000000 3011.665283 0.000000 0.854600 0.000000 -0.519287 1.000000 1.000000 1.000000
1027.385498 0.000000 2969.521973 0.000000 0.986783 0.000000 -0.162045 1.000000 1.000000 1.000000
1051.161865 0.000000 3017.764404 0.000000 0.987493 0.000000 -0.157664 1.000000 1.000000 1.000000
1091.451416 0.000000 3044.706055 0.000000 0.871642 0.000000 -0.490143 1.000000 1.000000 1.000000
1037.615356 0.000000 3044.638428 0.000000 0.712315 0.000000 -0.701860 1.000000 1.000000 1.000000
1008.569275 0.000000 3009.238281 0.000000 0.927137 0.000000 -0.374723 1.000000 1.000000 1.000000
1034.234009 0.000000 3041.266113 0.000000 0.751817 0.000000 -0.659372 1.000000 1.000000 1.000000
1039.242798 0.000000 2997.070557 0.000000 0.979134 0.000000 -0.203216 1.000000 1.000000 1.000000
1052.166382 0.000000 3022.061035 0.000000 0.757600 0.000000 -0.652719 1.000000 1.000000 1.000000
1044.307129 0.000000 3008.231201 0.000000 0.990213 0.000000 -0.139568 1.000000 1.000000 1.000000
1008.837891 0.000000 3006.586182 0.000000 0.814685 0.000000 -0.579904 1.000000 1.000000 1.000000
1035.025269 0.000000 2977.852295 0.000000 0.945540 0.000000 -0.325506 1.000000 1.000000 1.000000
1037.440430 0.000000 3042.892334 0.000000 0.884367 0.000000 -0.466792 1.000000 1.000000 1.000000
1024.189941 0.000000 2969.499512 0.000000 0.853992 0.000000 -0.520286 1.000000 1.000000 1.000000
1034.855591 0.000000 3044.569092 0.000000 0.948776 0.000000 -0.315949 1.000000 1.000000 1.000000
1030.796265 0.000000 2974.071777 0.000000 0.710254 0.000000 -0.703945 1.000000 1.000000 1.000000
1032.406738 0.000000 2976.061523 0.000000 0.838188 0.000000 -0.545382 1.000000 1.000000 1.000000
1025.739380 0.000000 2969.542969 0.000000 0.915774 0.000000 -0.401695 1.000000 1.000000 1.000000
1022.716248 0.000000 2969.577393 0.000000 0.614991 0.000000 -0.788534 1.000000 1.000000 1.000000
1008.530518 0.000000 2999.588379 0.000000 0.998933 0.000000 -0.046172 1.000000 1.000000 1.000000
949.149170 0.000000 3060.416260 0.000000 0.767578 0.000000 -0.640956 1.000000 1.000000 1.000000
994.309692 0.000000 3111.875732 0.000000 0.991407 0.000000 -0.130817 1.000000 1.000000 1.000000
999.791809 0.000000 3104.758301 0.000000 0.793537 0.000000 -0.608522 1.000000 1.000000 1.000000
991.124451 0.000000 3119.579102 0.000000 0.819360 0.000000 -0.573280 1.000000 1.000000 1.000000
981.308533 0.000000 3130.565918 0.000000 0.607035 0.000000 -0.794675 1.000000 1.000000 1.000000
989.525391 0.000000 3123.747314 0.000000 0.815934 0.000000 -0.578145 1.000000 1.000000 1.000000
998.815735 0.000000 3114.264404 0.000000 0.726008 0.000000 -0.687687 1.000000 1.000000 1.000000
994.806335 0.000000 3087.672363 0.000000 0.812271 0.000000 -0.583281 1.000000 1.000000 1.000000
991.866943 0.000000 3148.058350 0.000000 0.619667 0.000000 -0.784865 1.000000 1.000000 1.000000
966.118713 0.000000 3086.781982 0.000000 0.985753 0.000000 -0.168198 1.000000 1.000000 1.000000
977.159058 0.000000 3065.751953 0.000000 0.903738 0.000000 -0.428086 1.000000 1.000000 1.000000
999.224243 0.000000 3102.133789 0.000000 0.682959 0.000000 -0.730457 1.000000 1.000000 1.000000
989.405396 0.000000 3117.492676 0.000000 0.867489 0.000000 -0.497456 1.000000 1.000000 1.000000
991.629578 0.000000 3125.799072 0.000000 0.632774 0.000000 -0.774337 1.000000 1.000000 1.000000
991.225708 0.000000 3124.152832 0.000000 0.771507 0.000000 -0.636221 1.000000 1.000000 1.000000
1013.896484 0.000000 3066.110840 0.000000 0.791440 0.000000 -0.611247 1.000000 1.000000 1.000000
1071.384888 0.000000 3074.736084 0.000000 0.676290 0.000000 -0.736636 1.000000 1.000000 1.000000
1037.299805 0.000000 3092.155518 0.000000 0.830996 0.000000 -0.556279 1.000000 1.000000 1.000000
1064.445312 0.000000 3130.229248 0.000000 0.981500 0.000000 -0.191464 1.000000 1.000000 1.000000
1005.133362 0.000000 3137.953613 0.000000 0.622849 0.000000 -0.782342 1.000000 1.000000 1.000000
1004.155151 0.000000 3110.857910 0.000000 0.979536 0.000000 -0.201269 1.000000 1.000000 1.000000
1068.164551 0.000000 3146.199951 0.000000 0.957954 0.000000 -0.286921 1.000000 1.000000 1.000000
1064.665527 0.000000 3108.913818 0.000000 0.998827 0.000000 -0.048413 1.000000 1.000000 1.000000
1027.756226 0.000000 3100.205811 0.000000 0.682227 0.000000 -0.731140 1.000000 1.000000 1.000000
1062.926025 0.000000 3075.223389 0.000000 0.971500 0.000000 -0.237039 1.000000 1.000000 1.000000
1045.259521 0.000000 3066.449463 0.000000 0.998002 0.000000 -0.063190 1.000000 1.000000 1.000000
1055.434814 0.000000 3077.555420 0.000000 0.646624 0.000000 -0.762809 1.000000 1.000000 1.000000
1065.193115 0.000000 3088.425049 0.000000 0.805192 0.000000 -0.593014 1.000000 1.000000 1.000000
1010.465027 0.000000 3111.266846 0.000000 0.965091 0.000000 -0.261915 1.000000 1.000000 1.000000
1010.424561 0.000000 3097.700439 0.000000 0.954464 0.000000 -0.298327 1.000000 1.000000 1.000000
1090.689209 0.000000 3059.763916 0.000000 0.656162 0.000000 -0.754620 1.000000 1.000000 1.000000
1023.608093 0.000000 3098.605957 0.000000 0.898456 0.000000 -0.439063 1.000000 1.000000 1.000000
1078.909180 0.000000 3070.014404 0.000000 0.837604 0.000000 -0.546279 1.000000 1.000000 1.000000
1006.938965 0.000000 3122.010986 0.000000 0.962278 0.000000 -0.272069 1.000000 1.000000 1.000000
1073.020264 0.000000 3123.620117 0.000000 0.592961 0.000000 -0.805231 1.000000 1.000000 1.000000
1017.131104 0.000000 3067.542725 0.000000 0.960339 0.000000 -0.278834 1.000000 1.000000 1.000000
1061.775269 0.000000 3129.218262 0.000000 0.759512 0.000000 -0.650494 1.000000 1.000000 1.000000
1035.901978 0.000000 3122.753418 0.000000 0.591959 0.000000 -0.805968 1.000000 1.000000 1.000000
1059.114746 0.000000 3126.408203 0.000000 0.876374 0.000000 -0.481631 1.000000 1.000000 1.000000
1076.535767 0.000000 3071.365967 0.000000 0.638116 0.000000 -0.769940 1.000000 1.000000 1.000000
1046.702515 0.000000 3093.437744 0.000000 0.699348 0.000000 -0.714781 1.000000 1.000000 1.000000
1060.186035 0.000000 3124.267578 0.000000 0.865560 0.000000 -0.500806 1.000000 1.000000 1.000000
1052.488892 0.000000 3073.032959 0.000000 0.930433 0.000000 -0.366461 1.000000 1.000000 1.000000
1019.264221 0.000000 3067.035400 0.000000 0.710337 0.000000 -0.703862 1.000000 1.000000 1.000000
1076.322876 0.000000 3075.562744 0.000000 0.923927 0.000000 -0.382570 1.000000 1.000000 1.000000
1061.804932 0.000000 3124.638916 0.000000 0.994429 0.000000 -0.105409 1.000000 1.000000 1.000000
1020.636169 0.000000 3063.475586 0.000000 0.922752 0.000000 -0.385393 1.000000 1.000000 1.000000
1077.193115 0.000000 3072.535400 0.000000 0.883857 0.000000 -0.467757 1.000000 1.000000 1.000000
999.928040 0.000000 3208.503418 0.000000 0.596594 0.000000 -0.802543 1.000000 1.000000 1.000000
994.968262 0.000000 3237.671875 0.000000 0.948946 0.000000 -0.315438 1.000000 1.000000 1.000000
988.961365 0.000000 3153.545410 0.000000 0.768476 0.000000 -0.639878 1.000000 1.000000 1.000000
1003.527588 0.000000 3210.261230 0.000000 0.839275 0.000000 -0.543707 1.000000 1.000000 1.000000
999.844360 0.000000 3172.825195 0.000000 0.975180 0.000000 -0.221413 1.000000 1.000000 1.000000
1076.531006 0.000000 3204.183838 0.000000 0.987140 0.000000 -0.159860 1.000000 1.000000 1.000000
1010.459473 0.000000 3177.907715 0.000000 0.807264 0.000000 -0.590191 1.000000 1.000000 1.000000
1072.550781 0.000000 3220.550293 0.000000 0.976502 0.000000 -0.215510 1.000000 1.000000 1.000000
1068.318481 0.000000 3223.172607 0.000000 0.992608 0.000000 -0.121368 1.000000 1.000000 1.000000
1080.193237 0.000000 3225.269531 0.000000 0.998079 0.000000 -0.061953 1.000000 1.000000 1.000000
1042.925659 0.000000 3217.899414 0.000000 0.990645 0.000000 -0.136462 1.000000 1.000000 1.000000
1093.873291 0.000000 3231.399414 0.000000 0.861780 0.000000 -0.507283 1.000000 1.000000 1.000000
1062.953735 0.000000 3229.233643 0.000000 0.785357 0.000000 -0.619044 1.000000 1.000000 1.000000
1094.769775 0.000000 3210.261230 0.000000 0.997848 0.000000 -0.065576 1.000000 1.000000 1.000000
1014.746338 0.000000 3210.408447 0.000000 0.739520 0.000000 -0.673135 1.000000 1.000000 1.000000
1070.388428 0.000000 3223.715820 0.000000 0.731352 0.000000 -0.682000 1.000000 1.000000 1.000000
1012.949158 0.000000 3176.449951 0.000000 0.600600 0.000000 -0.799550 1.000000 1.000000 1.000000
1079.713379 0.000000 3223.292480 0.000000 0.892279 0.000000 -0.451485 1.000000 1.000000 1.000000
1105.199463 0.000000 2936.704346 0.000000 0.983315 0.000000 -0.181911 1.000000 1.000000 1.000000
1182.276123 0.000000 2924.789551 0.000000 0.754851 0.000000 -0.655896 1.000000 1.000000 1.000000
1112.288940 0.000000 2949.213379 0.000000 0.988095 0.000000 -0.153844 1.000000 1.000000 1.000000
1121.791016 0.000000 2929.547363 0.000000 0.942359 0.000000 -0.334603 1.000000 1.000000 1.000000
1168.335815 0.000000 2905.661865 0.000000 0.875644 0.000000 -0.482957 1.000000 1.000000 1.000000
1118.750000 0.000000 2925.373047 0.000000 0.981347 0.000000 -0.192247 1.000000 1.000000 1.000000
1168.899048 0.000000 2951.375000 0.000000 0.938832 0.000000 -0.344376 1.000000 1.000000 1.000000
1142.085815 0.000000 2924.769775 0.000000 0.826116 0.000000 -0.563500 1.000000 1.000000 1.000000
1158.266113 0.000000 2920.827148 0.000000 0.999933 0.000000 -0.011564 1.000000 1.000000 1.000000
1105.338867 0.000000 2932.544189 0.000000 0.978331 0.000000 -0.207045 1.000000 1.000000 1.000000
1110.089600 0.000000 2952.340820 0.000000 0.996117 0.000000 -0.088039 1.000000 1.000000 1.000000
1101.666504 0.000000 2937.950439 0.000000 0.949644 0.000000 -0.313330 1.000000 1.000000 1.000000
1112.246704 0.000000 2955.489746 0.000000 0.839369 0.000000 -0.543563 1.000000 1.000000 1.000000
1160.680908 0.000000 2956.216797 0.000000 0.875687 0.000000 -0.482880 1.000000 1.000000 1.000000
1095.816528 0.000000 2939.966309 0.000000 0.922713 0.000000 -0.385488 1.000000 1.000000 1.000000
1105.747803 0.000000 2949.482910 0.000000 0.857327 0.000000 -0.514772 1.000000 1.000000 1.000000
1170.651611 0.000000 2961.387207 0.000000 0.715489 0.000000 -0.698624 1.000000 1.000000 1.000000
1131.551880 0.000000 2948.410400 0.000000 0.991630 0.000000 -0.129110 1.000000 1.000000 1.000000
1199.982178 0.000000 2955.991211 0.000000 0.999223 0.000000 -0.039404 1.000000 1.000000 1.000000
1199.727173 0.000000 2903.584473 0.000000 0.976161 0.000000 -0.217047 1.000000 1.000000 1.000000
1264.850952 0.000000 2939.610352 0.000000 0.658069 0.000000 -0.752958 1.000000 1.000000 1.000000
1227.642456 0.000000 2911.229248 0.000000 0.941411 0.000000 -0.337263 1.000000 1.000000 1.000000
1212.026733 0.000000 2966.988770 0.000000 0.928929 0.000000 -0.370259 1.000000 1.000000 1.000000
1196.708496 0.000000 2952.147217 0.000000 0.945017 0.000000 -0.327021 1.000000 1.000000 1.000000
1260.412598 0.000000 2938.092285 0.000000 0.950456 0.000000 -0.310858 1.000000 1.000000 1.000000
1275.887085 0.000000 2916.136230 0.000000 0.699151 0.000000 -0.714974 1.000000 1.000000 1.000000
1245.438110 0.000000 2959.280518 0.000000 0.640764 0.000000 -0.767738 1.000000 1.000000 1.000000
1243.272705 0.000000 2961.966309 0.000000 0.939572 0.000000 -0.342351 1.000000 1.000000 1.000000
1252.668823 0.000000 2967.939941 0.000000 0.967099 0.000000 -0.254401 1.000000 1.000000 1.000000
1210.430054 0.000000 2964.165283 0.000000 0.847092 0.000000 -0.531446 1.000000 1.000000 1.000000
1251.052124 0.000000 2931.288086 0.000000 0.873736 0.000000 -0.486400 1.000000 1.000000 1.000000
1254.855103 0.000000 2941.277344 0.000000 0.629835 0.000000 -0.776729 1.000000 1.000000 1.000000
1260.578247 0.000000 2934.041260 0.000000 0.977012 0.000000 -0.213186 1.000000 1.000000 1.000000
1253.701050 0.000000 2932.038330 0.000000 0.997123 0.000000 -0.075796 1.000000 1.000000 1.000000
1256.716553 0.000000 2943.325195 0.000000 0.708966 0.000000 -0.705242 1.000000 1.000000 1.000000
1260.513794 0.000000 2936.433350 0.000000 0.725091 0.000000 -0.688653 1.000000 1.000000 1.000000
1149.390747 0.000000 2977.947266 0.000000 0.999781 0.000000 -0.020948 1.000000 1.000000 1.000000
1105.138672 0.000000 2976.126465 0.000000 0.964714 0.000000 -0.263299 1.000000 1.000000 1.000000
1128.541992 0.000000 3002.171143 0.000000 0.865303 0.000000 -0.501249 1.000000 1.000000 1.000000
1158.194580 0.000000 3048.100830 0.000000 0.948603 0.000000 -0.316469 1.000000 1.000000 1.000000
1160.162109 0.000000 2992.487061 0.000000 0.836893 0.000000 -0.547367 1.000000 1.000000 1.000000
1165.400757 0.000000 3052.907715 0.000000 0.774173 0.000000 -0.632974 1.000000 1.000000 1.000000
1125.048584 0.000000 2972.598145 0.000000 0.999957 0.000000 -0.009238 1.000000 1.000000 1.000000
1099.280029 0.000000 2975.148193 0.000000 0.946856 0.000000 -0.321656 1.000000 1.000000 1.000000
1172.881348 0.000000 3038.175293 0.000000 0.588341 0.000000 -0.808613 1.000000 1.000000 1.000000
1161.904053 0.000000 2980.134033 0.000000 0.998911 0.000000 -0.046653 1.000000 1.000000 1.000000
1184.335327 0.000000 3037.640625 0.000000 0.999532 0.000000 -0.030579 1.000000 1.000000 1.000000
1118.036743 0.000000 3005.848145 0.000000 0.914590 0.000000 -0.404381 1.000000 1.000000 1.000000
1107.187134 0.000000 2972.550049 0.000000 0.857288 0.000000 -0.514837 1.000000 1.000000 1.000000
1123.885986 0.000000 2994.759033 0.000000 0.738233 0.000000 -0.674546 1.000000 1.000000 1.000000
1162.939941 0.000000 2976.747314 0.000000 0.870146 0.000000 -0.492795 1.000000 1.000000 1.000000
1172.789673 0.000000 3052.746338 0.000000 0.938314 0.000000 -0.345784 1.000000 1.000000 1.000000
1169.767334 0.000000 3037.809814 0.000000 0.887920 0.000000 -0.459998 1.000000 1.000000 1.000000
1153.766724 0.000000 2999.618408 0.000000 0.814984 0.000000 -0.579483 1.000000 1.000000 1.000000
1162.696411 0.000000 2997.869141 0.000000 0.923596 0.000000 -0.383368 1.000000 1.000000 1.000000
1099.473022 0.000000 3021.715576 0.000000 0.804125 0.000000 -0.594460 1.000000 1.000000 1.000000
1131.817017 0.000000 3032.375732 0.000000 0.999130 0.000000 -0.041703 1.000000 1.000000 1.000000
1169.424927 0.000000 3055.813232 0.000000 0.988361 0.000000 -0.152130 1.000000 1.000000 1.000000
1122.676025 0.000000 2996.316162 0.000000 0.979392 0.000000 -0.201967 1.000000 1.000000 1.000000
1150.333252 0.000000 2997.366211 0.000000 0.847516 0.000000 -0.530770 1.000000 1.000000 1.000000
1127.738403 0.000000 2994.078857 0.000000 0.999999 0.000000 -0.001489 1.000000 1.000000 1.000000
1255.340942 0.000000 2999.981934 0.000000 0.776895 0.000000 -0.629630 1.000000 1.000000 1.000000
1235.176758 0.000000 3034.756348 0.000000 0.713180 0.000000 -0.700981 1.000000 1.000000 1.000000
1196.441650 0.000000 3026.688721 0.000000 0.914922 0.000000 -0.403630 1.000000 1.000000 1.000000
1246.929688 0.000000 3040.244873 0.000000 0.785420 0.000000 -0.618964 1.000000 1.000000 1.000000
1236.783325 0.000000 2996.531982 0.000000 0.999781 0.000000 -0.020915 1.000000 1.000000 1.000000
1242.961182 0.000000 3046.000244 0.000000 0.909882 0.000000 -0.414867 1.000000 1.000000 1.000000
1242.053833 0.000000 2971.627686 0.000000 0.918966 0.000000 -0.394336 1.000000 1.000000 1.000000
1239.467041 0.000000 3007.727783 0.000000 0.954922 0.000000 -0.296857 1.000000 1.000000 1.000000
1241.894287 0.000000 2999.104736 0.000000 0.656350 0.000000 -0.754457 1.000000 1.000000 1.000000
1238.178223 0.000000 3030.030029 0.000000 0.985813 0.000000 -0.167848 1.000000 1.000000 1.000000
1232.055054 0.000000 2998.658936 0.000000 0.795674 0.000000 -0.605725 1.000000 1.000000 1.000000
1238.890381 0.000000 3048.075195 0.000000 0.753004 0.000000 -0.658016 1.000000 1.000000 1.000000
1276.697876 0.000000 3025.408936 0.000000 0.911106 0.000000 -0.412171 1.000000 1.000000 1.000000
1246.950684 0.000000 3044.798584 0.000000 0.970654 0.000000 -0.240479 1.000000 1.000000 1.000000
1198.570068 0.000000 2989.604004 0.000000 0.795059 0.000000 -0.606533 1.000000 1.000000 1.000000
1234.847534 0.000000 2985.265137 0.000000 0.745080 0.000000 -0.666975 1.000000 1.000000 1.000000
1224.207275 0.000000 3010.765137 0.000000 0.832979 0.000000 -0.553305 1.000000 1.000000 1.000000
1267.053589 0.000000 3033.786133 0.000000 0.987028 0.000000 -0.160546 1.000000 1.000000 1.000000
1205.758179 0.000000 2988.100342 0.000000 0.958585 0.000000 -0.284807 1.000000 1.000000 1.000000
1249.590454 0.000000 2973.074219 0.000000 0.685182 0.000000 -0.728372 1.000000 1.000000 1.000000
1265.593506 0.000000 3058.073975 0.000000 0.841181 0.000000 -0.540754 1.000000 1.000000 1.000000
1267.069946 0.000000 3000.185059 0.000000 0.961141 0.000000 -0.276058 1.000000 1.000000 1.000000
1240.179565 0.000000 3045.534912 0.000000 0.854298 0.000000 -0.519784 1.000000 1.000000 1.000000
1236.915405 0.000000 3032.533447 0.000000 0.809021 0.000000 -0.587779 1.000000 1.000000 1.000000
1271.538574 0.000000 3033.670898 0.000000 0.964781 0.000000 -0.263055 1.000000 1.000000 1.000000
1198.309448 0.000000 2987.010498 0.000000 0.624953 0.000000 -0.780662 1.000000 1.000000 1.000000
1218.226807 0.000000 2999.968262 0.000000 0.981453 0.000000 -0.191702 1.000000 1.000000 1.000000
1198.104736 0.000000 3028.279053 0.000000 0.804758 0.000000 -0.593603 1.000000 1.000000 1.000000
1217.706299 0.000000 3002.559570 0.000000 0.752675 0.000000 -0.658392 1.000000 1.000000 1.000000
1269.446533 0.000000 3033.399902 0.000000 0.862281 0.000000 -0.506430 1.000000 1.000000 1.000000
1227.180786 0.000000 3040.375244 0.000000 0.963401 0.000000 -0.268065 1.000000 1.000000 1.000000
1212.561401 0.000000 3042.033203 0.000000 0.951581 0.000000 -0.307400 1.000000 1.000000 1.000000
1231.220215 0.000000 3000.262695 0.000000 0.996866 0.000000 -0.079115 1.000000 1.000000 1.000000
1267.105225 0.000000 3007.199707 0.000000 0.978117 0.000000 -0.208057 1.000000 1.000000 1.000000
1197.514404 0.000000 2984.947998 0.000000 0.999932 0.000000 -0.011696 1.000000 1.000000 1.000000
1288.892090 0.000000 2914.351318 0.000000 0.994283 0.000000 -0.106779 1.000000 1.000000 1.000000
1294.656006 0.000000 2969.207520 0.000000 0.717726 0.000000 -0.696326 1.000000 1.000000 1.000000
1296.246582 0.000000 2966.814941 0.000000 0.889439 0.000000 -0.457054 1.000000 1.000000 1.000000
1363.672729 0.000000 3050.326172 0.000000 0.971641 0.000000 -0.236460 1.000000 1.000000 1.000000
1327.754761 0.000000 3044.167725 0.000000 0.935218 0.000000 -0.354072 1.000000 1.000000 1.000000
1292.336304 0.000000 2969.489990 0.000000 0.912204 0.000000 -0.409736 1.000000 1.000000 1.000000
1280.311035 0.000000 3027.865479 0.000000 0.644127 0.000000 -0.764918 1.000000 1.000000 1.000000
1347.885132 0.000000 3052.907715 0.000000 0.975701 0.000000 -0.219108 1.000000 1.000000 1.000000
1314.808472 0.000000 2995.699219 0.000000 0.872952 0.000000 -0.487806 1.000000 1.000000 1.000000
1324.977417 0.000000 3039.879395 0.000000 0.960127 0.000000 -0.279566 1.000000 1.000000 1.000000
1320.556030 0.000000 3024.060791 0.000000 0.960284 0.000000 -0.279024 1.000000 1.000000 1.000000
1330.132568 0.000000 3048.075195 0.000000 0.999739 0.000000 -0.022863 1.000000 1.000000 1.000000
1354.494141 0.000000 3033.762939 0.000000 0.788278 0.000000 -0.615319 1.000000 1.000000 1.000000
1346.048340 0.000000 3044.613770 0.000000 0.999804 0.000000 -0.019795 1.000000 1.000000 1.000000
1297.324341 0.000000 2974.600342 0.000000 0.742336 0.000000 -0.670028 1.000000 1.000000 1.000000
1287.598755 0.000000 3000.823730 0.000000 0.751613 0.000000 -0.659604 1.000000 1.000000 1.000000
1316.740479 0.000000 3041.580322 0.000000 0.894245 0.000000 -0.447577 1.000000 1.000000 1.000000
1324.109497 0.000000 3043.253418 0.000000 0.864814 0.000000 -0.502093 1.000000 1.000000 1.000000
1328.444458 0.000000 3050.643311 0.000000 0.964868 0.000000 -0.262734 1.000000 1.000000 1.000000
1356.276978 0.000000 3022.261230 0.000000 0.980319 0.000000 -0.197419 1.000000 1.000000 1.000000
1360.526489 0.000000 3055.228516 0.000000 0.848487 0.000000 -0.529217 1.000000 1.000000 1.000000
1366.846802 0.000000 3048.948730 0.000000 0.877561 0.000000 -0.479465 1.000000 1.000000 1.000000
1289.841675 0.000000 2999.361328 0.000000 0.615279 0.000000 -0.788310 1.000000 1.000000 1.000000
1320.884399 0.000000 3021.501709 0.000000 0.717653 0.000000 -0.696401 1.000000 1.000000 1.000000
1322.769897 0.000000 3041.074707 0.000000 0.962416 0.000000 -0.271581 1.000000 1.000000 1.000000
1318.974121 0.000000 2994.823242 0.000000 0.845715 0.000000 -0.533635 1.000000 1.000000 1.000000
1294.656006 0.000000 3059.191895 0.000000 0.960346 0.000000 -0.278813 1.000000 1.000000 1.000000
1330.779663 0.000000 3050.284668 0.000000 0.984447 0.000000 -0.175679 1.000000 1.000000 1.000000
1344.596680 0.000000 3033.241455 0.000000 0.983205 0.000000 -0.182506 1.000000 1.000000 1.000000
1346.933594 0.000000 3054.844971 0.000000 0.601737 0.000000 -0.798694 1.000000 1.000000 1.000000
1344.114990 0.000000 3043.747070 0.000000 0.935520 0.000000 -0.353274 1.000000 1.000000 1.000000
1422.803589 0.000000 3052.412354 0.000000 0.996272 0.000000 -0.086266 1.000000 1.000000 1.000000
1433.484131 0.000000 3027.872314 0.000000 0.745055 0.000000 -0.667003 1.000000 1.000000 1.000000
1368.695557 0.000000 3055.592773 0.000000 0.994068 0.000000 -0.108760 1.000000 1.000000 1.000000
1437.061768 0.000000 3025.174316 0.000000 0.942503 0.000000 -0.334197 1.000000 1.000000 1.000000
1425.370117 0.000000 3042.020996 0.000000 0.659497 0.000000 -0.751707 1.000000 1.000000 1.000000
1371.464844 0.000000 3058.300781 0.000000 0.593134 0.000000 -0.805104 1.000000 1.000000 1.000000
1429.615479 0.000000 3028.511719 0.000000 0.947967 0.000000 -0.318368 1.000000 1.000000 1.000000
1450.088135 0.000000 3038.230469 0.000000 0.911130 0.000000 -0.412118 1.000000 1.000000 1.000000
1369.842041 0.000000 3052.377197 0.000000 0.999677 0.000000 -0.025411 1.000000 1.000000 1.000000
1448.615845 0.000000 3040.701660 0.000000 0.985585 0.000000 -0.169182 1.000000 1.000000 1.000000
1428.501831 0.000000 3017.125244 0.000000 0.959898 0.000000 -0.280350 1.000000 1.000000 1.000000
1130.004272 0.000000 3129.470947 0.000000 0.820416 0.000000 -0.571767 1.000000 1.000000 1.000000
1095.975220 0.000000 3070.078369 0.000000 0.901918 0.000000 -0.431908 1.000000 1.000000 1.000000
1104.965698 0.000000 3126.906738 0.000000 0.798207 0.000000 -0.602383 1.000000 1.000000 1.000000
1156.977417 0.000000 3059.572754 0.000000 0.957053 0.000000 -0.289914 1.000000 1.000000 1.000000
1137.782227 0.000000 3131.135010 0.000000 0.963889 0.000000 -0.266305 1.000000 1.000000 1.000000
1111.521118 0.000000 3101.998047 0.000000 0.966665 0.000000 -0.256044 1.000000 1.000000 1.000000
1112.288940 0.000000 3129.182129 0.000000 0.765153 0.000000 -0.643848 1.000000 1.000000 1.000000
1164.959595 0.000000 3099.576904 0.000000 0.902512 0.000000 -0.430664 1.000000 1.000000 1.000000
1137.594727 0.000000 3061.980713 0.000000 0.947516 0.000000 -0.319708 1.000000 1.000000 1.000000
1126.902954 0.000000 3133.112061 0.000000 0.991325 0.000000 -0.131434 1.000000 1.000000 1.000000
1127.831421 0.000000 3059.722168 0.000000 0.722696 0.000000 -0.691166 1.000000 1.000000 1.000000
1123.292969 0.000000 3132.670410 0.000000 0.959293 0.000000 -0.282411 1.000000 1.000000 1.000000
1110.477539 0.000000 3126.709229 0.000000 0.836831 0.000000 -0.547462 1.000000 1.000000 1.000000
1153.627686 0.000000 3078.326416 0.000000 0.827888 0.000000 -0.560894 1.000000 1.000000 1.000000
1124.465088 0.000000 3059.700439 0.000000 0.815010 0.000000 -0.579446 1.000000 1.000000 1.000000
1132.519043 0.000000 3129.773438 0.000000 0.914953 0.000000 -0.403561 1.000000 1.000000 1.000000
1129.048584 0.000000 3083.175537 0.000000 0.923408 0.000000 -0.383819 1.000000 1.000000 1.000000
1230.166016 0.000000 3083.978271 0.000000 0.922417 0.000000 -0.386196 1.000000 1.000000 1.000000
1187.217407 0.000000 3070.078369 0.000000 0.985665 0.000000 -0.168714 1.000000 1.000000 1.000000
1243.409546 0.000000 3122.066650 0.000000 0.675092 0.000000 -0.737733 1.000000 1.000000 1.000000
1266.533325 0.000000 3133.494629 0.000000 0.999758 0.000000 -0.021978 1.000000 1.000000 1.000000
1236.783325 0.000000 3086.516357 0.000000 0.981351 0.000000 -0.192225 1.000000 1.000000 1.000000
1201.202759 0.000000 3089.286621 0.000000 0.650093 0.000000 -0.759855 1.000000 1.000000 1.000000
1260.938110 0.000000 3091.236816 0.000000 0.823137 0.000000 -0.567843 1.000000 1.000000 1.000000
1232.055054 0.000000 3088.643311 0.000000 0.746467 0.000000 -0.665422 1.000000 1.000000 1.000000
1263.796753 0.000000 3114.910156 0.000000 0.925197 0.000000 -0.379486 1.000000 1.000000 1.000000
1239.823608 0.000000 3093.231201 0.000000 0.999583 0.000000 -0.028885 1.000000 1.000000 1.000000
1186.152100 0.000000 3077.756592 0.000000 0.823841 0.000000 -0.566822 1.000000 1.000000 1.000000
1276.697876 0.000000 3115.393311 0.000000 0.961000 0.000000 -0.276547 1.000000 1.000000 1.000000
1247.386108 0.000000 3084.166992 0.000000 0.999935 0.000000 -0.011399 1.000000 1.000000 1.000000
1237.809692 0.000000 3090.145996 0.000000 0.778231 0.000000 -0.627978 1.000000 1.000000 1.000000
1263.045288 0.000000 3068.137695 0.000000 0.883745 0.000000 -0.467970 1.000000 1.000000 1.000000
1265.617676 0.000000 3059.699463 0.000000 0.919603 0.000000 -0.392849 1.000000 1.000000 1.000000
1268.021240 0.000000 3131.357178 0.000000 0.963364 0.000000 -0.268197 1.000000 1.000000 1.000000
1124.800171 0.000000 3232.493164 0.000000 0.999349 0.000000 -0.036065 1.000000 1.000000 1.000000
1094.968994 0.000000 3235.561523 0.000000 0.982444 0.000000 -0.186558 1.000000 1.000000 1.000000
1109.503540 0.000000 3212.066162 0.000000 0.853107 0.000000 -0.521737 1.000000 1.000000 1.000000
1172.954102 0.000000 3229.474365 0.000000 0.871179 0.000000 -0.490966 1.000000 1.000000 1.000000
1119.106812 0.000000 3231.455322 0.000000 0.999966 0.000000 -0.008260 1.000000 1.000000 1.000000
1119.242065 0.000000 3226.980469 0.000000 0.905153 0.000000 -0.425085 1.000000 1.000000 1.000000
1177.157715 0.000000 3228.794189 0.000000 0.928336 0.000000 -0.371743 1.000000 1.000000 1.000000
1110.089600 0.000000 3222.293945 0.000000 0.757403 0.000000 -0.652948 1.000000 1.000000 1.000000
1098.486328 0.000000 3199.523682 0.000000 0.707811 0.000000 -0.706402 1.000000 1.000000 1.000000
1095.816528 0.000000 3209.919434 0.000000 0.906859 0.000000 -0.421435 1.000000 1.000000 1.000000
1148.398560 0.000000 3235.038818 0.000000 0.593279 0.000000 -0.804997 1.000000 1.000000 1.000000
1105.747803 0.000000 3219.436035 0.000000 0.999403 0.000000 -0.034549 1.000000 1.000000 1.000000
1110.430786 0.000000 3220.070312 0.000000 0.835170 0.000000 -0.549992 1.000000 1.000000 1.000000
1270.440552 0.000000 3168.800293 0.000000 0.837260 0.000000 -0.546806 1.000000 1.000000 1.000000
1229.024414 0.000000 3221.119385 0.000000 0.919133 0.000000 -0.393948 1.000000 1.000000 1.000000
1198.909912 0.000000 3236.730957 0.000000 0.999773 0.000000 -0.021304 1.000000 1.000000 1.000000
1200.745728 0.000000 3212.066162 0.000000 0.624531 0.000000 -0.781000 1.000000 1.000000 1.000000
1230.623901 0.000000 3225.891846 0.000000 0.746698 0.000000 -0.665163 1.000000 1.000000 1.000000
1262.677612 0.000000 3225.269531 0.000000 0.914287 0.000000 -0.405068 1.000000 1.000000 1.000000
1190.483032 0.000000 3230.937012 0.000000 0.660018 0.000000 -0.751249 1.000000 1.000000 1.000000
1242.406128 0.000000 3235.639893 0.000000 0.631900 0.000000 -0.775050 1.000000 1.000000 1.000000
1224.804199 0.000000 3210.873779 0.000000 0.873126 0.000000 -0.487494 1.000000 1.000000 1.000000
1254.442749 0.000000 3168.287842 0.000000 0.598802 0.000000 -0.800897 1.000000 1.000000 1.000000
1276.207642 0.000000 3179.457031 0.000000 0.832915 0.000000 -0.553401 1.000000 1.000000 1.000000
1225.852051 0.000000 3208.508545 0.000000 0.937543 0.000000 -0.347869 1.000000 1.000000 1.000000
1198.104736 0.000000 3208.247803 0.000000 0.615647 0.000000 -0.788022 1.000000 1.000000 1.000000
1252.966919 0.000000 3166.643555 0.000000 0.847696 0.000000 -0.530482 1.000000 1.000000 1.000000
1255.858887 0.000000 3218.700439 0.000000 0.996082 0.000000 -0.088435 1.000000 1.000000 1.000000
1276.549683 0.000000 3177.480713 0.000000 0.750635 0.000000 -0.660717 1.000000 1.000000 1.000000
1307.284546 0.000000 3142.508789 0.000000 0.987544 0.000000 -0.157341 1.000000 1.000000 1.000000
1329.456909 0.000000 3103.694824 0.000000 0.699012 0.000000 -0.715110 1.000000 1.000000 1.000000
1362.761597 0.000000 3095.796387 0.000000 0.991652 0.000000 -0.128942 1.000000 1.000000 1.000000
1291.224365 0.000000 3135.959961 0.000000 0.982815 0.000000 -0.184594 1.000000 1.000000 1.000000
1363.672729 0.000000 3140.310547 0.000000 0.991135 0.000000 -0.132860 1.000000 1.000000 1.000000
1290.969360 0.000000 3083.553223 0.000000 0.982188 0.000000 -0.187899 1.000000 1.000000 1.000000
1330.409790 0.000000 3114.635010 0.000000 0.927865 0.000000 -0.372916 1.000000 1.000000 1.000000
1288.892090 0.000000 3094.320068 0.000000 0.685182 0.000000 -0.728372 1.000000 1.000000 1.000000
1313.908936 0.000000 3145.614990 0.000000 0.992401 0.000000 -0.123043 1.000000 1.000000 1.000000
1297.419067 0.000000 3137.757568 0.000000 0.838178 0.000000 -0.545396 1.000000 1.000000 1.000000
1312.323120 0.000000 3121.024902 0.000000 0.727551 0.000000 -0.686053 1.000000 1.000000 1.000000
1320.556030 0.000000 3114.045166 0.000000 0.994676 0.000000 -0.103052 1.000000 1.000000 1.000000
1345.273926 0.000000 3138.826172 0.000000 0.987583 0.000000 -0.157101 1.000000 1.000000 1.000000
1367.270874 0.000000 3136.428955 0.000000 0.821576 0.000000 -0.570098 1.000000 1.000000 1.000000
1367.940063 0.000000 3115.393311 0.000000 0.869866 0.000000 -0.493288 1.000000 1.000000 1.000000
1367.599854 0.000000 3141.415039 0.000000 0.973879 0.000000 -0.227069 1.000000 1.000000 1.000000
1292.573975 0.000000 3132.309570 0.000000 0.916441 0.000000 -0.400169 1.000000 1.000000 1.000000
1325.176758 0.000000 3136.376953 0.000000 0.945880 0.000000 -0.324516 1.000000 1.000000 1.000000
1330.605103 0.000000 3111.596436 0.000000 0.827011 0.000000 -0.562185 1.000000 1.000000 1.000000
1359.830444 0.000000 3096.175293 0.000000 0.887274 0.000000 -0.461243 1.000000 1.000000 1.000000
1355.386597 0.000000 3066.051758 0.000000 0.957123 0.000000 -0.289681 1.000000 1.000000 1.000000
1330.408325 0.000000 3117.555908 0.000000 0.807719 0.000000 -0.589568 1.000000 1.000000 1.000000
1366.846802 0.000000 3138.933105 0.000000 0.852676 0.000000 -0.522441 1.000000 1.000000 1.000000
1302.308472 0.000000 3079.395508 0.000000 0.861624 0.000000 -0.507546 1.000000 1.000000 1.000000
1302.481201 0.000000 3139.271973 0.000000 0.898853 0.000000 -0.438250 1.000000 1.000000 1.000000
1303.907959 0.000000 3122.128906 0.000000 0.810208 0.000000 -0.586142 1.000000 1.000000 1.000000
1332.026611 0.000000 3116.126465 0.000000 0.921037 0.000000 -0.389475 1.000000 1.000000 1.000000
1345.373047 0.000000 3136.634033 0.000000 0.825253 0.000000 -0.564763 1.000000 1.000000 1.000000
1301.660400 0.000000 3097.548340 0.000000 0.612437 0.000000 -0.790520 1.000000 1.000000 1.000000
1358.316895 0.000000 3094.931885 0.000000 0.811117 0.000000 -0.584884 1.000000 1.000000 1.000000
1287.218628 0.000000 3095.027100 0.000000 0.884005 0.000000 -0.467478 1.000000 1.000000 1.000000
1346.650757 0.000000 3137.819824 0.000000 0.808179 0.000000 -0.588936 1.000000 1.000000 1.000000
1356.453613 0.000000 3067.172852 0.000000 0.999779 0.000000 -0.021043 1.000000 1.000000 1.000000
1378.865234 0.000000 3066.110840 0.000000 0.999223 0.000000 -0.039405 1.000000 1.000000 1.000000
1382.466553 0.000000 3135.959961 0.000000 0.601346 0.000000 -0.798988 1.000000 1.000000 1.000000
1438.458740 0.000000 3104.284180 0.000000 0.834573 0.000000 -0.550898 1.000000 1.000000 1.000000
1369.123901 0.000000 3110.857910 0.000000 0.746852 0.000000 -0.664991 1.000000 1.000000 1.000000
1411.508789 0.000000 3131.135010 0.000000 0.987081 0.000000 -0.160221 1.000000 1.000000 1.000000
1398.089111 0.000000 3123.483643 0.000000 0.830383 0.000000 -0.557193 1.000000 1.000000 1.000000
1410.126831 0.000000 3091.197998 0.000000 0.999440 0.000000 -0.033459 1.000000 1.000000 1.000000
1424.538208 0.000000 3061.612061 0.000000 0.960707 0.000000 -0.277563 1.000000 1.000000 1.000000
1443.371094 0.000000 3108.335449 0.000000 0.755041 0.000000 -0.655678 1.000000 1.000000 1.000000
1392.833374 0.000000 3141.470947 0.000000 0.948437 0.000000 -0.316967 1.000000 1.000000 1.000000
1398.085693 0.000000 3099.010986 0.000000 0.953998 0.000000 -0.299814 1.000000 1.000000 1.000000
1438.764648 0.000000 3080.822266 0.000000 0.905294 0.000000 -0.424785 1.000000 1.000000 1.000000
1408.206299 0.000000 3135.255859 0.000000 0.793815 0.000000 -0.608159 1.000000 1.000000 1.000000
1400.318115 0.000000 3087.597656 0.000000 0.992229 0.000000 -0.124422 1.000000 1.000000 1.000000
1451.377808 0.000000 3071.736816 0.000000 0.890868 0.000000 -0.454262 1.000000 1.000000 1.000000
1388.124634 0.000000 3104.875488 0.000000 0.942394 0.000000 -0.334504 1.000000 1.000000 1.000000
1447.870972 0.000000 3108.816406 0.000000 0.747037 0.000000 -0.664783 1.000000 1.000000 1.000000
1386.386963 0.000000 3112.406738 0.000000 0.806786 0.000000 -0.590843 1.000000 1.000000 1.000000
1380.477173 0.000000 3139.377197 0.000000 0.619566 0.000000 -0.784945 1.000000 1.000000 1.000000
1435.614746 0.000000 3101.563477 0.000000 0.891049 0.000000 -0.453907 1.000000 1.000000 1.000000
1407.982666 0.000000 3131.564697 0.000000 0.997936 0.000000 -0.064214 1.000000 1.000000 1.000000
1378.681885 0.000000 3069.559082 0.000000 0.922948 0.000000 -0.384924 1.000000 1.000000 1.000000
1412.011597 0.000000 3089.389648 0.000000 0.842467 0.000000 -0.538748 1.000000 1.000000 1.000000
1383.165039 0.000000 3081.202637 0.000000 0.971406 0.000000 -0.237423 1.000000 1.000000 1.000000
1392.914429 0.000000 3144.134033 0.000000 0.832964 0.000000 -0.553328 1.000000 1.000000 1.000000
1390.210449 0.000000 3143.651611 0.000000 0.718780 0.000000 -0.695238 1.000000 1.000000 1.000000
1373.885132 0.000000 3128.588623 0.000000 0.857019 0.000000 -0.515285 1.000000 1.000000 1.000000
1369.711914 0.000000 3113.268799 0.000000 0.987122 0.000000 -0.159967 1.000000 1.000000 1.000000
1383.204224 0.000000 3078.938232 0.000000 0.882963 0.000000 -0.469443 1.000000 1.000000 1.000000
1451.930908 0.000000 3123.384277 0.000000 0.845144 0.000000 -0.534539 1.000000 1.000000 1.000000
1379.933716 0.000000 3067.892578 0.000000 0.918573 0.000000 -0.395250 1.000000 1.000000 1.000000
1409.665161 0.000000 3130.359619 0.000000 0.960692 0.000000 -0.277615 1.000000 1.000000 1.000000
1458.561523 0.000000 3068.604736 0.000000 0.996249 0.000000 -0.086531 1.000000 1.000000 1.000000
1378.133423 0.000000 3067.791260 0.000000 0.877042 0.000000 -0.480415 1.000000 1.000000 1.000000
1408.021729 0.000000 3096.306152 0.000000 0.924359 0.000000 -0.381523 1.000000 1.000000 1.000000
1378.019531 0.000000 3082.251953 0.000000 0.875942 0.000000 -0.482417 1.000000 1.000000 1.000000
1427.183472 0.000000 3064.943115 0.000000 0.671422 0.000000 -0.741075 1.000000 1.000000 1.000000
1440.123047 0.000000 3081.883545 0.000000 0.804963 0.000000 -0.593326 1.000000 1.000000 1.000000
1297.575562 0.000000 3182.349609 0.000000 0.768156 0.000000 -0.640262 1.000000 1.000000 1.000000
1318.986084 0.000000 3156.433838 0.000000 0.640384 0.000000 -0.768055 1.000000 1.000000 1.000000
1307.532959 0.000000 3152.566895 0.000000 0.909176 0.000000 -0.416411 1.000000 1.000000 1.000000
1304.275391 0.000000 3199.500488 0.000000 0.966124 0.000000 -0.258079 1.000000 1.000000 1.000000
1358.465332 0.000000 3188.964844 0.000000 0.999811 0.000000 -0.019466 1.000000 1.000000 1.000000
1333.941284 0.000000 3194.995361 0.000000 0.998930 0.000000 -0.046243 1.000000 1.000000 1.000000
1315.785278 0.000000 3154.097656 0.000000 0.967561 0.000000 -0.252636 1.000000 1.000000 1.000000
1296.858643 0.000000 3185.364502 0.000000 0.909828 0.000000 -0.414986 1.000000 1.000000 1.000000
1336.112061 0.000000 3168.310791 0.000000 0.999316 0.000000 -0.036994 1.000000 1.000000 1.000000
1359.830444 0.000000 3186.159668 0.000000 0.770232 0.000000 -0.637764 1.000000 1.000000 1.000000
1304.175537 0.000000 3152.577393 0.000000 0.773793 0.000000 -0.633439 1.000000 1.000000 1.000000
1303.627563 0.000000 3195.000732 0.000000 0.744412 0.000000 -0.667721 1.000000 1.000000 1.000000
1361.178833 0.000000 3187.971924 0.000000 0.862991 0.000000 -0.505219 1.000000 1.000000 1.000000
1283.455933 0.000000 3149.638672 0.000000 0.590491 0.000000 -0.807045 1.000000 1.000000 1.000000
1306.980591 0.000000 3164.197021 0.000000 0.979499 0.000000 -0.201450 1.000000 1.000000 1.000000
1282.842163 0.000000 3176.266113 0.000000 0.992361 0.000000 -0.123364 1.000000 1.000000 1.000000
1304.389648 0.000000 3197.565918 0.000000 0.734608 0.000000 -0.678492 1.000000 1.000000 1.000000
1308.730835 0.000000 3165.201416 0.000000 0.976925 0.000000 -0.213584 1.000000 1.000000 1.000000
1311.097290 0.000000 3163.567871 0.000000 0.984071 0.000000 -0.177774 1.000000 1.000000 1.000000
1378.865234 0.000000 3156.095215 0.000000 0.846925 0.000000 -0.531712 1.000000 1.000000 1.000000
1391.965698 0.000000 3152.519531 0.000000 0.748726 0.000000 -0.662880 1.000000 1.000000 1.000000
1400.784668 0.000000 3172.443359 0.000000 0.808990 0.000000 -0.587822 1.000000 1.000000 1.000000
1396.348755 0.000000 3159.640137 0.000000 0.629863 0.000000 -0.776706 1.000000 1.000000 1.000000
1373.006592 0.000000 3155.116943 0.000000 0.978557 0.000000 -0.205976 1.000000 1.000000 1.000000
1385.036499 0.000000 3186.319092 0.000000 0.782885 0.000000 -0.622166 1.000000 1.000000 1.000000
1373.513428 0.000000 3191.634033 0.000000 0.991024 0.000000 -0.133684 1.000000 1.000000 1.000000
1399.434204 0.000000 3169.502686 0.000000 0.988407 0.000000 -0.151828 1.000000 1.000000 1.000000
1373.538086 0.000000 3189.207031 0.000000 0.921743 0.000000 -0.387801 1.000000 1.000000 1.000000
984.378296 0.000000 3240.062012 0.000000 0.689726 0.000000 -0.724070 1.000000 1.000000 1.000000
987.211609 0.000000 3271.205566 0.000000 0.926688 0.000000 -0.375831 1.000000 1.000000 1.000000
986.414673 0.000000 3311.312500 0.000000 0.697438 0.000000 -0.716645 1.000000 1.000000 1.000000
979.419739 0.000000 3250.087158 0.000000 0.962481 0.000000 -0.271348 1.000000 1.000000 1.000000
1002.971375 0.000000 3295.362061 0.000000 0.782053 0.000000 -0.623212 1.000000 1.000000 1.000000
989.458496 0.000000 3239.513428 0.000000 0.863079 0.000000 -0.505068 1.000000 1.000000 1.000000
984.760986 0.000000 3269.074219 0.000000 0.842656 0.000000 -0.538453 1.000000 1.000000 1.000000
987.282959 0.000000 3307.762939 0.000000 0.996345 0.000000 -0.085415 1.000000 1.000000 1.000000
999.405396 0.000000 3244.870117 0.000000 0.988929 0.000000 -0.148390 1.000000 1.000000 1.000000
978.848816 0.000000 3264.625000 0.000000 0.996468 0.000000 -0.083974 1.000000 1.000000 1.000000
984.984436 0.000000 3287.784912 0.000000 0.826220 0.000000 -0.563348 1.000000 1.000000 1.000000
988.646851 0.000000 3241.515869 0.000000 0.727550 0.000000 -0.686054 1.000000 1.000000 1.000000
968.676147 0.000000 3308.307129 0.000000 0.996096 0.000000 -0.088275 1.000000 1.000000 1.000000
989.577881 0.000000 3306.321777 0.000000 0.925746 0.000000 -0.378146 1.000000 1.000000 1.000000
983.511841 0.000000 3286.505859 0.000000 0.822413 0.000000 -0.568891 1.000000 1.000000 1.000000
988.775330 0.000000 3308.150391 0.000000 0.762122 0.000000 -0.647434 1.000000 1.000000 1.000000
1068.919922 0.000000 3262.440186 0.000000 0.691144 0.000000 -0.722717 1.000000 1.000000 1.000000
1038.596558 0.000000 3300.993652 0.000000 0.605740 0.000000 -0.795663 1.000000 1.000000 1.000000
1087.857422 0.000000 3245.771240 0.000000 0.981521 0.000000 -0.191354 1.000000 1.000000 1.000000
1073.795898 0.000000 3260.791016 0.000000 0.999958 0.000000 -0.009156 1.000000 1.000000 1.000000
1064.957031 0.000000 3259.585938 0.000000 0.994241 0.000000 -0.107167 1.000000 1.000000 1.000000
1068.965698 0.000000 3258.244873 0.000000 0.985580 0.000000 -0.169213 1.000000 1.000000 1.000000
1012.573364 0.000000 3325.506836 0.000000 0.978772 0.000000 -0.204951 1.000000 1.000000 1.000000
1084.300781 0.000000 3244.437256 0.000000 0.913645 0.000000 -0.406513 1.000000 1.000000 1.000000
1016.769897 0.000000 3305.013916 0.000000 0.998405 0.000000 -0.056463 1.000000 1.000000 1.000000
1070.451416 0.000000 3260.348145 0.000000 0.832643 0.000000 -0.553811 1.000000 1.000000 1.000000
1004.613220 0.000000 3302.568115 0.000000 0.786807 0.000000 -0.617200 1.000000 1.000000 1.000000
975.189758 0.000000 3337.916260 0.000000 0.980854 0.000000 -0.194742 1.000000 1.000000 1.000000
977.723450 0.000000 3348.229248 0.000000 0.693726 0.000000 -0.720239 1.000000 1.000000 1.000000
1002.610107 0.000000 3340.438721 0.000000 0.830380 0.000000 -0.557198 1.000000 1.000000 1.000000
974.458069 0.000000 3335.362061 0.000000 0.919046 0.000000 -0.394150 1.000000 1.000000 1.000000
979.209229 0.000000 3350.332520 0.000000 0.787735 0.000000 -0.616014 1.000000 1.000000 1.000000
976.609436 0.000000 3350.225586 0.000000 0.791882 0.000000 -0.610675 1.000000 1.000000 1.000000
1002.350647 0.000000 3338.557861 0.000000 0.636330 0.000000 -0.771417 1.000000 1.000000 1.000000
956.438843 0.000000 3333.249023 0.000000 0.999592 0.000000 -0.028561 1.000000 1.000000 1.000000
1017.242798 0.000000 3353.506348 0.000000 0.976283 0.000000 -0.216497 1.000000 1.000000 1.000000
1013.273071 0.000000 3345.077393 0.000000 0.822184 0.000000 -0.569221 1.000000 1.000000 1.000000
1068.919922 0.000000 3352.424561 0.000000 0.805907 0.000000 -0.592041 1.000000 1.000000 1.000000
1057.178833 0.000000 3353.713379 0.000000 0.901805 0.000000 -0.432144 1.000000 1.000000 1.000000
1027.080078 0.000000 3379.838135 0.000000 0.618616 0.000000 -0.785693 1.000000 1.000000 1.000000
1054.161987 0.000000 3343.885742 0.000000 0.998119 0.000000 -0.061311 1.000000 1.000000 1.000000
1020.366455 0.000000 3339.976318 0.000000 0.881217 0.000000 -0.472712 1.000000 1.000000 1.000000
1097.236938 0.000000 3261.315186 0.000000 0.999507 0.000000 -0.031403 1.000000 1.000000 1.000000
1179.198364 0.000000 3258.784668 0.000000 0.668417 0.000000 -0.743787 1.000000 1.000000 1.000000
1121.147827 0.000000 3267.506348 0.000000 0.741732 0.000000 -0.670696 1.000000 1.000000 1.000000
1124.809570 0.000000 3256.322998 0.000000 0.991352 0.000000 -0.131229 1.000000 1.000000 1.000000
1101.713379 0.000000 3250.547363 0.000000 0.846816 0.000000 -0.531887 1.000000 1.000000 1.000000
1183.870117 0.000000 3262.210449 0.000000 0.998953 0.000000 -0.045745 1.000000 1.000000 1.000000
1168.899048 0.000000 3311.312500 0.000000 0.977147 0.000000 -0.212565 1.000000 1.000000 1.000000
1159.182129 0.000000 3272.614502 0.000000 0.959155 0.000000 -0.282882 1.000000 1.000000 1.000000
1163.335205 0.000000 3295.127441 0.000000 0.999683 0.000000 -0.025166 1.000000 1.000000 1.000000
1136.851685 0.000000 3299.596436 0.000000 0.992862 0.000000 -0.119272 1.000000 1.000000 1.000000
1119.083862 0.000000 3271.127197 0.000000 0.826270 0.000000 -0.563275 1.000000 1.000000 1.000000
1124.614014 0.000000 3270.981445 0.000000 0.982106 0.000000 -0.188327 1.000000 1.000000 1.000000
1165.581665 0.000000 3291.669434 0.000000 0.624988 0.000000 -0.780634 1.000000 1.000000 1.000000
1104.955322 0.000000 3249.527832 0.000000 0.595830 0.000000 -0.803111 1.000000 1.000000 1.000000
1162.801636 0.000000 3298.276611 0.000000 0.960562 0.000000 -0.278066 1.000000 1.000000 1.000000
1161.309692 0.000000 3270.576660 0.000000 0.766995 0.000000 -0.641653 1.000000 1.000000 1.000000
1184.761597 0.000000 3265.159668 0.000000 0.824833 0.000000 -0.565376 1.000000 1.000000 1.000000
1148.440308 0.000000 3250.887695 0.000000 0.975098 0.000000 -0.221775 1.000000 1.000000 1.000000
1121.778076 0.000000 3270.244385 0.000000 0.873820 0.000000 -0.486250 1.000000 1.000000 1.000000
1123.891968 0.000000 3268.105225 0.000000 0.998918 0.000000 -0.046515 1.000000 1.000000 1.000000
1157.483154 0.000000 3261.859863 0.000000 0.789528 0.000000 -0.613714 1.000000 1.000000 1.000000
1139.387695 0.000000 3299.986816 0.000000 0.878029 0.000000 -0.478607 1.000000 1.000000 1.000000
1150.885010 0.000000 3250.316162 0.000000 0.993388 0.000000 -0.114809 1.000000 1.000000 1.000000
1164.055664 0.000000 3282.115479 0.000000 0.912578 0.000000 -0.408903 1.000000 1.000000 1.000000
1152.171753 0.000000 3289.676514 0.000000 0.759590 0.000000 -0.650402 1.000000 1.000000 1.000000
1124.496216 0.000000 3254.181396 0.000000 0.947340 0.000000 -0.320230 1.000000 1.000000 1.000000
1122.676025 0.000000 3266.269287 0.000000 0.693384 0.000000 -0.720569 1.000000 1.000000 1.000000
1178.573608 0.000000 3323.305176 0.000000 0.968931 0.000000 -0.247332 1.000000 1.000000 1.000000
1185.328979 0.000000 3263.438721 0.000000 0.704944 0.000000 -0.709263 1.000000 1.000000 1.000000
1270.440552 0.000000 3258.784668 0.000000 0.878646 0.000000 -0.477473 1.000000 1.000000 1.000000
1240.632935 0.000000 3247.900391 0.000000 0.937532 0.000000 -0.347900 1.000000 1.000000 1.000000
1192.943848 0.000000 3267.892090 0.000000 0.851006 0.000000 -0.525156 1.000000 1.000000 1.000000
1232.440918 0.000000 3258.675049 0.000000 0.998289 0.000000 -0.058465 1.000000 1.000000 1.000000
1250.513916 0.000000 3284.499023 0.000000 0.748394 0.000000 -0.663254 1.000000 1.000000 1.000000
1237.409424 0.000000 3243.678223 0.000000 0.953546 0.000000 -0.301246 1.000000 1.000000 1.000000
1251.450073 0.000000 3258.244873 0.000000 0.863351 0.000000 -0.504603 1.000000 1.000000 1.000000
1191.029053 0.000000 3281.618408 0.000000 0.974184 0.000000 -0.225756 1.000000 1.000000 1.000000
1246.727539 0.000000 3285.226807 0.000000 0.929086 0.000000 -0.369865 1.000000 1.000000 1.000000
1189.597778 0.000000 3266.474854 0.000000 0.892167 0.000000 -0.451705 1.000000 1.000000 1.000000
1241.257446 0.000000 3244.579834 0.000000 0.778661 0.000000 -0.627445 1.000000 1.000000 1.000000
1209.869873 0.000000 3239.475098 0.000000 0.998033 0.000000 -0.062694 1.000000 1.000000 1.000000
1188.603638 0.000000 3279.765137 0.000000 0.993043 0.000000 -0.117749 1.000000 1.000000 1.000000
1103.639893 0.000000 3373.053467 0.000000 0.994042 0.000000 -0.108999 1.000000 1.000000 1.000000
1146.972534 0.000000 3373.647949 0.000000 0.869917 0.000000 -0.493199 1.000000 1.000000 1.000000
1153.240112 0.000000 3364.241699 0.000000 0.998251 0.000000 -0.059109 1.000000 1.000000 1.000000
1118.998413 0.000000 3370.158936 0.000000 0.919549 0.000000 -0.392976 1.000000 1.000000 1.000000
1124.359131 0.000000 3368.964111 0.000000 0.696129 0.000000 -0.717917 1.000000 1.000000 1.000000
1122.394409 0.000000 3372.980713 0.000000 0.627816 0.000000 -0.778362 1.000000 1.000000 1.000000
1156.090942 0.000000 3367.347412 0.000000 0.916909 0.000000 -0.399095 1.000000 1.000000 1.000000
1121.199585 0.000000 3367.462891 0.000000 0.705627 0.000000 -0.708584 1.000000 1.000000 1.000000
1182.227295 0.000000 3349.191650 0.000000 0.623355 0.000000 -0.781939 1.000000 1.000000 1.000000
1143.730347 0.000000 3372.373535 0.000000 0.831572 0.000000 -0.555418 1.000000 1.000000 1.000000
1155.878662 0.000000 3369.747314 0.000000 0.839399 0.000000 -0.543516 1.000000 1.000000 1.000000
1102.061523 0.000000 3370.819092 0.000000 0.719775 0.000000 -0.694207 1.000000 1.000000 1.000000
1144.657227 0.000000 3374.388184 0.000000 0.733067 0.000000 -0.680156 1.000000 1.000000 1.000000
1100.357788 0.000000 3356.234863 0.000000 0.601090 0.000000 -0.799182 1.000000 1.000000 1.000000
1154.383057 0.000000 3368.387451 0.000000 0.832743 0.000000 -0.553660 1.000000 1.000000 1.000000
1157.394409 0.000000 3369.470459 0.000000 0.938775 0.000000 -0.344532 1.000000 1.000000 1.000000
1183.501221 0.000000 3350.216309 0.000000 0.759245 0.000000 -0.650805 1.000000 1.000000 1.000000
1103.483765 0.000000 3371.403076 0.000000 0.950289 0.000000 -0.311369 1.000000 1.000000 1.000000
1188.110474 0.000000 3364.023682 0.000000 0.660450 0.000000 -0.750870 1.000000 1.000000 1.000000
1186.225220 0.000000 3365.417236 0.000000 0.931731 0.000000 -0.363149 1.000000 1.000000 1.000000
1342.241943 0.000000 3297.825439 0.000000 0.992783 0.000000 -0.119922 1.000000 1.000000 1.000000
1287.623047 0.000000 3246.079590 0.000000 0.609227 0.000000 -0.792996 1.000000 1.000000 1.000000
1291.224365 0.000000 3315.928711 0.000000 0.775982 0.000000 -0.630755 1.000000 1.000000 1.000000
1288.892090 0.000000 3274.288818 0.000000 0.923132 0.000000 -0.384484 1.000000 1.000000 1.000000
1281.596069 0.000000 3286.273926 0.000000 0.932325 0.000000 -0.361621 1.000000 1.000000 1.000000
1280.970703 0.000000 3289.508057 0.000000 0.801392 0.000000 -0.598140 1.000000 1.000000 1.000000
1287.439697 0.000000 3249.527832 0.000000 0.900957 0.000000 -0.433909 1.000000 1.000000 1.000000
1283.778320 0.000000 3288.335938 0.000000 0.914589 0.000000 -0.404386 1.000000 1.000000 1.000000
1290.895996 0.000000 3276.378418 0.000000 0.694314 0.000000 -0.719672 1.000000 1.000000 1.000000
1288.978760 0.000000 3277.173096 0.000000 0.807594 0.000000 -0.589740 1.000000 1.000000 1.000000
1279.845947 0.000000 3291.329590 0.000000 0.976061 0.000000 -0.217496 1.000000 1.000000 1.000000
1388.711792 0.000000 3288.850098 0.000000 0.742183 0.000000 -0.670197 1.000000 1.000000 1.000000
1375.428223 0.000000 3267.892090 0.000000 0.622044 0.000000 -0.782982 1.000000 1.000000 1.000000
1331.875122 0.000000 3337.884766 0.000000 0.868366 0.000000 -0.495925 1.000000 1.000000 1.000000
1403.360718 0.000000 3368.864990 0.000000 0.999805 0.000000 -0.019770 1.000000 1.000000 1.000000
1406.011230 0.000000 3360.043945 0.000000 0.700056 0.000000 -0.714088 1.000000 1.000000 1.000000
1445.616333 0.000000 3387.445801 0.000000 0.999137 0.000000 -0.041529 1.000000 1.000000 1.000000
1408.446167 0.000000 3359.256104 0.000000 0.728275 0.000000 -0.685285 1.000000 1.000000 1.000000
1437.782227 0.000000 3372.099854 0.000000 0.977313 0.000000 -0.211798 1.000000 1.000000 1.000000
1450.263428 0.000000 3420.488281 0.000000 0.971038 0.000000 -0.238925 1.000000 1.000000 1.000000
1430.161865 0.000000 3448.362549 0.000000 0.877482 0.000000 -0.479610 1.000000 1.000000 1.000000
1452.864380 0.000000 3419.533203 0.000000 0.881719 0.000000 -0.471776 1.000000 1.000000 1.000000
1429.318359 0.000000 3505.666748 0.000000 0.959133 0.000000 -0.282956 1.000000 1.000000 1.000000
1434.010986 0.000000 3449.274658 0.000000 0.847255 0.000000 -0.531187 1.000000 1.000000 1.000000
1437.854736 0.000000 3448.395508 0.000000 0.809475 0.000000 -0.587155 1.000000 1.000000 1.000000
1479.610229 0.000000 3059.083984 0.000000 0.808810 0.000000 -0.588069 1.000000 1.000000 1.000000
1463.149902 0.000000 3032.026611 0.000000 0.912850 0.000000 -0.408295 1.000000 1.000000 1.000000
1491.478638 0.000000 3049.182861 0.000000 0.661261 0.000000 -0.750156 1.000000 1.000000 1.000000
1460.824097 0.000000 3032.614990 0.000000 0.654879 0.000000 -0.755734 1.000000 1.000000 1.000000
1477.140381 0.000000 3059.191895 0.000000 0.741215 0.000000 -0.671268 1.000000 1.000000 1.000000
1464.640991 0.000000 3043.063965 0.000000 0.757923 0.000000 -0.652345 1.000000 1.000000 1.000000
1490.249512 0.000000 3047.633789 0.000000 0.630773 0.000000 -0.775968 1.000000 1.000000 1.000000
1462.214966 0.000000 3043.405518 0.000000 0.644962 0.000000 -0.764215 1.000000 1.000000 1.000000
1463.264771 0.000000 3042.296631 0.000000 0.878041 0.000000 -0.478585 1.000000 1.000000 1.000000
1461.548950 0.000000 3034.492676 0.000000 0.972464 0.000000 -0.233052 1.000000 1.000000 1.000000
1468.608643 0.000000 3103.100342 0.000000 0.695259 0.000000 -0.718759 1.000000 1.000000 1.000000
1464.248779 0.000000 3065.132568 0.000000 0.885305 0.000000 -0.465010 1.000000 1.000000 1.000000
1468.100220 0.000000 3060.644043 0.000000 0.844344 0.000000 -0.535802 1.000000 1.000000 1.000000
1465.099731 0.000000 3126.015381 0.000000 0.973939 0.000000 -0.226810 1.000000 1.000000 1.000000
1478.957031 0.000000 3060.879395 0.000000 0.930409 0.000000 -0.366524 1.000000 1.000000 1.000000
1474.011841 0.000000 3117.918213 0.000000 0.981201 0.000000 -0.192990 1.000000 1.000000 1.000000
1483.332397 0.000000 3149.195557 0.000000 0.954812 0.000000 -0.297211 1.000000 1.000000 1.000000
1466.869507 0.000000 3067.174316 0.000000 0.972546 0.000000 -0.232710 1.000000 1.000000 1.000000
1486.213989 0.000000 3130.050537 0.000000 0.865259 0.000000 -0.501325 1.000000 1.000000 1.000000
1462.893921 0.000000 3124.648193 0.000000 0.766674 0.000000 -0.642036 1.000000 1.000000 1.000000
1470.396484 0.000000 3105.152588 0.000000 0.639826 0.000000 -0.768519 1.000000 1.000000 1.000000
1485.657104 0.000000 3126.165039 0.000000 0.843391 0.000000 -0.537300 1.000000 1.000000 1.000000
1469.991577 0.000000 3060.947754 0.000000 0.929234 0.000000 -0.369491 1.000000 1.000000 1.000000
1485.103638 0.000000 3148.649414 0.000000 0.686067 0.000000 -0.727539 1.000000 1.000000 1.000000
1469.185059 0.000000 3064.395508 0.000000 0.942048 0.000000 -0.335479 1.000000 1.000000 1.000000
1638.487061 0.000000 3104.758301 0.000000 0.876732 0.000000 -0.480979 1.000000 1.000000 1.000000
1574.786621 0.000000 3065.044189 0.000000 0.945029 0.000000 -0.326986 1.000000 1.000000 1.000000
1525.130859 0.000000 3172.455811 0.000000 0.846690 0.000000 -0.532086 1.000000 1.000000 1.000000
1486.759766 0.000000 3199.500488 0.000000 0.630502 0.000000 -0.776188 1.000000 1.000000 1.000000
1507.461792 0.000000 3219.848145 0.000000 0.784705 0.000000 -0.619870 1.000000 1.000000 1.000000
1537.523315 0.000000 3204.894531 0.000000 0.770480 0.000000 -0.637465 1.000000 1.000000 1.000000
1504.187012 0.000000 3216.931396 0.000000 0.963531 0.000000 -0.267596 1.000000 1.000000 1.000000
1550.424438 0.000000 3205.377686 0.000000 0.704528 0.000000 -0.709676 1.000000 1.000000 1.000000
1520.857666 0.000000 3208.480469 0.000000 0.998929 0.000000 -0.046261 1.000000 1.000000 1.000000
1539.803833 0.000000 3207.298828 0.000000 0.915139 0.000000 -0.403139 1.000000 1.000000 1.000000
1541.758423 0.000000 3199.242920 0.000000 0.977982 0.000000 -0.208690 1.000000 1.000000 1.000000
1494.649292 0.000000 3213.472656 0.000000 0.974888 0.000000 -0.222696 1.000000 1.000000 1.000000
1483.764404 0.000000 3208.841064 0.000000 0.936394 0.000000 -0.350950 1.000000 1.000000 1.000000
1496.785767 0.000000 3212.344482 0.000000 0.643786 0.000000 -0.765206 1.000000 1.000000 1.000000
1491.745728 0.000000 3197.129395 0.000000 0.986820 0.000000 -0.161819 1.000000 1.000000 1.000000
1505.886841 0.000000 3218.436523 0.000000 0.994305 0.000000 -0.106571 1.000000 1.000000 1.000000
1481.713867 0.000000 3154.414551 0.000000 0.998733 0.000000 -0.050322 1.000000 1.000000 1.000000
1520.718140 0.000000 3206.558350 0.000000 0.999247 0.000000 -0.038799 1.000000 1.000000 1.000000
1488.643677 0.000000 3197.680420 0.000000 0.656160 0.000000 -0.754622 1.000000 1.000000 1.000000
1624.450439 0.000000 3237.814941 0.000000 0.771891 0.000000 -0.635755 1.000000 1.000000 1.000000
1557.877441 0.000000 3207.903564 0.000000 0.984963 0.000000 -0.172768 1.000000 1.000000 1.000000
1673.717773 0.000000 3105.022461 0.000000 0.840891 0.000000 -0.541205 1.000000 1.000000 1.000000
1652.652588 0.000000 3116.673096 0.000000 0.893039 0.000000 -0.449980 1.000000 1.000000 1.000000
1715.239868 0.000000 3125.344727 0.000000 0.766504 0.000000 -0.642240 1.000000 1.000000 1.000000
1653.860840 0.000000 3094.320068 0.000000 0.949354 0.000000 -0.314209 1.000000 1.000000 1.000000
1726.267700 0.000000 3130.722168 0.000000 0.691291 0.000000 -0.722576 1.000000 1.000000 1.000000
1662.303345 0.000000 3098.605957 0.000000 0.999149 0.000000 -0.041258 1.000000 1.000000 1.000000
1671.339111 0.000000 3084.743408 0.000000 0.715471 0.000000 -0.698642 1.000000 1.000000 1.000000
1680.418213 0.000000 3100.749512 0.000000 0.728106 0.000000 -0.685464 1.000000 1.000000 1.000000
1652.567505 0.000000 3090.808105 0.000000 0.736096 0.000000 -0.676877 1.000000 1.000000 1.000000
1674.974731 0.000000 3101.731934 0.000000 0.675436 0.000000 -0.737418 1.000000 1.000000 1.000000
1666.567261 0.000000 3084.717773 0.000000 0.980418 0.000000 -0.196929 1.000000 1.000000 1.000000
1686.558228 0.000000 3106.011719 0.000000 0.999798 0.000000 -0.020075 1.000000 1.000000 1.000000
1717.220459 0.000000 3127.794189 0.000000 0.990377 0.000000 -0.138398 1.000000 1.000000 1.000000
1674.397461 0.000000 3097.880859 0.000000 0.707407 0.000000 -0.706807 1.000000 1.000000 1.000000
1681.098999 0.000000 3098.010742 0.000000 0.654347 0.000000 -0.756195 1.000000 1.000000 1.000000
1677.840576 0.000000 3101.500732 0.000000 0.893927 0.000000 -0.448212 1.000000 1.000000 1.000000
1676.307983 0.000000 3105.143555 0.000000 0.627286 0.000000 -0.778789 1.000000 1.000000 1.000000
1664.751709 0.000000 3098.389404 0.000000 0.882046 0.000000 -0.471164 1.000000 1.000000 1.000000
1732.895874 0.000000 3122.373047 0.000000 0.910287 0.000000 -0.413977 1.000000 1.000000 1.000000
1676.722412 0.000000 3103.187500 0.000000 0.889103 0.000000 -0.457708 1.000000 1.000000 1.000000
1674.934570 0.000000 3103.638672 0.000000 0.999329 0.000000 -0.036620 1.000000 1.000000 1.000000
1736.876465 0.000000 3122.010986 0.000000 0.834329 0.000000 -0.551266 1.000000 1.000000 1.000000
2005.948242 0.000000 3064.062988 0.000000 0.907884 0.000000 -0.419222 1.000000 1.000000 1.000000
1997.716553 0.000000 3060.550781 0.000000 0.807730 0.000000 -0.589553 1.000000 1.000000 1.000000
1987.607178 0.000000 3068.204590 0.000000 0.939422 0.000000 -0.342763 1.000000 1.000000 1.000000
1986.972412 0.000000 3095.078125 0.000000 0.636868 0.000000 -0.770973 1.000000 1.000000 1.000000
1993.734253 0.000000 3114.910156 0.000000 0.726455 0.000000 -0.687214 1.000000 1.000000 1.000000
1989.976685 0.000000 3094.379150 0.000000 0.982914 0.000000 -0.184067 1.000000 1.000000 1.000000
1994.972290 0.000000 3112.245605 0.000000 0.996707 0.000000 -0.081090 1.000000 1.000000 1.000000
1998.422241 0.000000 3062.847168 0.000000 0.690221 0.000000 -0.723599 1.000000 1.000000 1.000000
1988.042358 0.000000 3150.077637 0.000000 0.891148 0.000000 -0.453712 1.000000 1.000000 1.000000
1973.308105 0.000000 3173.009521 0.000000 0.967855 0.000000 -0.251508 1.000000 1.000000 1.000000
1997.716553 0.000000 3150.535156 0.000000 0.982827 0.000000 -0.184527 1.000000 1.000000 1.000000
1969.761108 0.000000 3183.215576 0.000000 0.929051 0.000000 -0.369951 1.000000 1.000000 1.000000
1991.331055 0.000000 3159.998779 0.000000 0.689580 0.000000 -0.724209 1.000000 1.000000 1.000000
1979.527954 0.000000 3153.042969 0.000000 0.808706 0.000000 -0.588214 1.000000 1.000000 1.000000
1995.086670 0.000000 3151.959473 0.000000 0.939179 0.000000 -0.343428 1.000000 1.000000 1.000000
1988.460083 0.000000 3169.481934 0.000000 0.999004 0.000000 -0.044622 1.000000 1.000000 1.000000
2030.482300 0.000000 3077.587402 0.000000 0.780659 0.000000 -0.624957 1.000000 1.000000 1.000000
2037.035889 0.000000 3091.012695 0.000000 0.701752 0.000000 -0.712421 1.000000 1.000000 1.000000
2007.362183 0.000000 3091.133057 0.000000 0.759637 0.000000 -0.650347 1.000000 1.000000 1.000000
2039.366211 0.000000 3097.880859 0.000000 0.993285 0.000000 -0.115692 1.000000 1.000000 1.000000
2013.342773 0.000000 3090.398438 0.000000 0.993358 0.000000 -0.115063 1.000000 1.000000 1.000000
2033.475342 0.000000 3076.160889 0.000000 0.999636 0.000000 -0.026998 1.000000 1.000000 1.000000
2016.061768 0.000000 3193.084717 0.000000 0.701194 0.000000 -0.712971 1.000000 1.000000 1.000000
2030.661011 0.000000 3152.519531 0.000000 0.995939 0.000000 -0.090027 1.000000 1.000000 1.000000
2042.312134 0.000000 3156.474121 0.000000 0.753127 0.000000 -0.657875 1.000000 1.000000 1.000000
2012.208740 0.000000 3191.634033 0.000000 0.851289 0.000000 -0.524697 1.000000 1.000000 1.000000
2043.034912 0.000000 3159.560303 0.000000 0.898793 0.000000 -0.438374 1.000000 1.000000 1.000000
2034.274414 0.000000 3190.289795 0.000000 0.838061 0.000000 -0.545576 1.000000 1.000000 1.000000
2032.351074 0.000000 3197.629883 0.000000 0.994655 0.000000 -0.103250 1.000000 1.000000 1.000000
2037.196289 0.000000 3191.593018 0.000000 0.994973 0.000000 -0.100141 1.000000 1.000000 1.000000
2044.967163 0.000000 3159.062500 0.000000 0.877573 0.000000 -0.479443 1.000000 1.000000 1.000000
1621.441650 0.000000 3251.620361 0.000000 0.987906 0.000000 -0.155053 1.000000 1.000000 1.000000
1629.236816 0.000000 3251.975342 0.000000 0.669769 0.000000 -0.742570 1.000000 1.000000 1.000000
1538.577515 0.000000 3389.532227 0.000000 0.948569 0.000000 -0.316571 1.000000 1.000000 1.000000
1516.687744 0.000000 3405.937744 0.000000 0.708191 0.000000 -0.706021 1.000000 1.000000 1.000000
1494.807495 0.000000 3390.978027 0.000000 0.875169 0.000000 -0.483818 1.000000 1.000000 1.000000
1514.973755 0.000000 3379.093750 0.000000 0.903651 0.000000 -0.428269 1.000000 1.000000 1.000000
1524.529419 0.000000 3403.141357 0.000000 0.992148 0.000000 -0.125068 1.000000 1.000000 1.000000
1530.435669 0.000000 3378.344482 0.000000 0.975549 0.000000 -0.219784 1.000000 1.000000 1.000000
1535.628052 0.000000 3381.713135 0.000000 0.997762 0.000000 -0.066866 1.000000 1.000000 1.000000
1460.872559 0.000000 3377.329102 0.000000 0.921419 0.000000 -0.388571 1.000000 1.000000 1.000000
1513.906128 0.000000 3405.472412 0.000000 0.944234 0.000000 -0.329275 1.000000 1.000000 1.000000
1550.227295 0.000000 3403.662109 0.000000 0.996661 0.000000 -0.081651 1.000000 1.000000 1.000000
1489.743164 0.000000 3371.561768 0.000000 0.834388 0.000000 -0.551177 1.000000 1.000000 1.000000
1521.930420 0.000000 3402.408691 0.000000 0.951447 0.000000 -0.307811 1.000000 1.000000 1.000000
1482.242432 0.000000 3385.979004 0.000000 0.979494 0.000000 -0.201474 1.000000 1.000000 1.000000
1471.624390 0.000000 3377.216797 0.000000 0.998404 0.000000 -0.056482 1.000000 1.000000 1.000000
1535.849854 0.000000 3399.822510 0.000000 0.748838 0.000000 -0.662753 1.000000 1.000000 1.000000
1494.792480 0.000000 3401.449219 0.000000 0.930364 0.000000 -0.366638 1.000000 1.000000 1.000000
1550.276245 0.000000 3357.449463 0.000000 0.951005 0.000000 -0.309175 1.000000 1.000000 1.000000
1462.112183 0.000000 3375.757324 0.000000 0.733497 0.000000 -0.679693 1.000000 1.000000 1.000000
1522.053711 0.000000 3366.103516 0.000000 0.933314 0.000000 -0.359062 1.000000 1.000000 1.000000
1522.363159 0.000000 3369.470459 0.000000 0.842272 0.000000 -0.539052 1.000000 1.000000 1.000000
1548.649536 0.000000 3403.389648 0.000000 0.965062 0.000000 -0.262021 1.000000 1.000000 1.000000
1491.379761 0.000000 3385.766846 0.000000 0.803992 0.000000 -0.594640 1.000000 1.000000 1.000000
1549.261963 0.000000 3404.966553 0.000000 0.983194 0.000000 -0.182566 1.000000 1.000000 1.000000
1496.118286 0.000000 3400.429443 0.000000 0.688217 0.000000 -0.725505 1.000000 1.000000 1.000000
1494.026978 0.000000 3400.428223 0.000000 0.933124 0.000000 -0.359555 1.000000 1.000000 1.000000
1581.011108 0.000000 3412.461914 0.000000 0.950801 0.000000 -0.309801 1.000000 1.000000 1.000000
1635.409302 0.000000 3348.769043 0.000000 0.852976 0.000000 -0.521950 1.000000 1.000000 1.000000
1608.339355 0.000000 3352.978271 0.000000 0.962820 0.000000 -0.270144 1.000000 1.000000 1.000000
1586.497314 0.000000 3343.073242 0.000000 0.942062 0.000000 -0.335438 1.000000 1.000000 1.000000
1587.635498 0.000000 3415.568115 0.000000 0.946318 0.000000 -0.323236 1.000000 1.000000 1.000000
1585.845093 0.000000 3368.864990 0.000000 0.819821 0.000000 -0.572619 1.000000 1.000000 1.000000
1551.127319 0.000000 3357.573975 0.000000 0.882174 0.000000 -0.470924 1.000000 1.000000 1.000000
1612.646240 0.000000 3358.378174 0.000000 0.671917 0.000000 -0.740626 1.000000 1.000000 1.000000
1551.487305 0.000000 3403.479736 0.000000 0.909839 0.000000 -0.414962 1.000000 1.000000 1.000000
1590.270630 0.000000 3340.240967 0.000000 0.742992 0.000000 -0.669300 1.000000 1.000000 1.000000
1642.334229 0.000000 3376.639160 0.000000 0.996923 0.000000 -0.078382 1.000000 1.000000 1.000000
1633.368652 0.000000 3408.762939 0.000000 0.991797 0.000000 -0.127826 1.000000 1.000000 1.000000
1589.176025 0.000000 3370.702637 0.000000 0.913680 0.000000 -0.406435 1.000000 1.000000 1.000000
1630.622559 0.000000 3406.563477 0.000000 0.662332 0.000000 -0.749210 1.000000 1.000000 1.000000
1636.814209 0.000000 3351.742432 0.000000 0.887597 0.000000 -0.460621 1.000000 1.000000 1.000000
1605.587646 0.000000 3346.255859 0.000000 0.926226 0.000000 -0.376968 1.000000 1.000000 1.000000
1554.136108 0.000000 3394.601318 0.000000 0.726787 0.000000 -0.686863 1.000000 1.000000 1.000000
1566.499634 0.000000 3394.249756 0.000000 0.870656 0.000000 -0.491892 1.000000 1.000000 1.000000
1633.505981 0.000000 3349.593262 0.000000 0.880063 0.000000 -0.474857 1.000000 1.000000 1.000000
1597.129028 0.000000 3398.405273 0.000000 0.747129 0.000000 -0.664679 1.000000 1.000000 1.000000
1607.627808 0.000000 3389.904785 0.000000 0.800910 0.000000 -0.598785 1.000000 1.000000 1.000000
1590.842407 0.000000 3369.768799 0.000000 0.994084 0.000000 -0.108615 1.000000 1.000000 1.000000
1560.111328 0.000000 3406.191650 0.000000 0.998504 0.000000 -0.054680 1.000000 1.000000 1.000000
1567.657959 0.000000 3395.478516 0.000000 0.860868 0.000000 -0.508829 1.000000 1.000000 1.000000
1668.600952 0.000000 3267.506348 0.000000 0.894554 0.000000 -0.446960 1.000000 1.000000 1.000000
1650.784668 0.000000 3260.725586 0.000000 0.734658 0.000000 -0.678438 1.000000 1.000000 1.000000
1662.544312 0.000000 3362.318359 0.000000 0.724327 0.000000 -0.689457 1.000000 1.000000 1.000000
1712.185303 0.000000 3374.237305 0.000000 0.785153 0.000000 -0.619302 1.000000 1.000000 1.000000
1681.194458 0.000000 3386.190918 0.000000 0.615220 0.000000 -0.788355 1.000000 1.000000 1.000000
1695.378540 0.000000 3384.588135 0.000000 0.866814 0.000000 -0.498632 1.000000 1.000000 1.000000
1691.204956 0.000000 3362.911377 0.000000 0.939967 0.000000 -0.341265 1.000000 1.000000 1.000000
1721.061890 0.000000 3389.532227 0.000000 0.630559 0.000000 -0.776141 1.000000 1.000000 1.000000
1657.413696 0.000000 3359.239746 0.000000 0.991165 0.000000 -0.132636 1.000000 1.000000 1.000000
1687.448975 0.000000 3392.536621 0.000000 0.755675 0.000000 -0.654947 1.000000 1.000000 1.000000
1699.782227 0.000000 3367.986572 0.000000 0.938184 0.000000 -0.346136 1.000000 1.000000 1.000000
1645.939453 0.000000 3379.492432 0.000000 0.780806 0.000000 -0.624773 1.000000 1.000000 1.000000
1658.622437 0.000000 3408.166748 0.000000 0.996371 0.000000 -0.085113 1.000000 1.000000 1.000000
1656.604858 0.000000 3356.435547 0.000000 0.900100 0.000000 -0.435683 1.000000 1.000000 1.000000
1674.597290 0.000000 3392.706543 0.000000 0.981490 0.000000 -0.191515 1.000000 1.000000 1.000000
1648.747070 0.000000 3378.320312 0.000000 0.799852 0.000000 -0.600197 1.000000 1.000000 1.000000
1664.966919 0.000000 3409.139648 0.000000 0.631713 0.000000 -0.775202 1.000000 1.000000 1.000000
1704.166138 0.000000 3372.930176 0.000000 0.889281 0.000000 -0.457361 1.000000 1.000000 1.000000
1659.222412 0.000000 3357.478271 0.000000 0.801793 0.000000 -0.597602 1.000000 1.000000 1.000000
1677.133667 0.000000 3393.441406 0.000000 0.746965 0.000000 -0.664863 1.000000 1.000000 1.000000
1711.604492 0.000000 3376.457520 0.000000 0.745045 0.000000 -0.667014 1.000000 1.000000 1.000000
1701.391602 0.000000 3366.371582 0.000000 0.917790 0.000000 -0.397065 1.000000 1.000000 1.000000
1645.362305 0.000000 3377.729492 0.000000 0.819747 0.000000 -0.572726 1.000000 1.000000 1.000000
1647.756958 0.000000 3379.863525 0.000000 0.999429 0.000000 -0.033788 1.000000 1.000000 1.000000
1689.467651 0.000000 3401.489258 0.000000 0.887942 0.000000 -0.459956 1.000000 1.000000 1.000000
1661.405884 0.000000 3408.925293 0.000000 0.847326 0.000000 -0.531074 1.000000 1.000000 1.000000
1462.205688 0.000000 3441.283936 0.000000 0.995624 0.000000 -0.093452 1.000000 1.000000 1.000000
1531.831421 0.000000 3420.030762 0.000000 0.998948 0.000000 -0.045847 1.000000 1.000000 1.000000
1470.168213 0.000000 3476.610596 0.000000 0.909118 0.000000 -0.416539 1.000000 1.000000 1.000000
1534.613281 0.000000 3468.272949 0.000000 0.996177 0.000000 -0.087358 1.000000 1.000000 1.000000
1530.006836 0.000000 3440.759766 0.000000 0.883026 0.000000 -0.469324 1.000000 1.000000 1.000000
1521.167969 0.000000 3439.554688 0.000000 0.906155 0.000000 -0.422946 1.000000 1.000000 1.000000
1526.872803 0.000000 3430.055908 0.000000 0.698102 0.000000 -0.715998 1.000000 1.000000 1.000000
1472.904053 0.000000 3464.841553 0.000000 0.652557 0.000000 -0.757740 1.000000 1.000000 1.000000
1484.210815 0.000000 3496.933594 0.000000 0.982151 0.000000 -0.188094 1.000000 1.000000 1.000000
1466.635254 0.000000 3477.856689 0.000000 0.631644 0.000000 -0.775258 1.000000 1.000000 1.000000
1536.606934 0.000000 3443.889648 0.000000 0.698801 0.000000 -0.715316 1.000000 1.000000 1.000000
1471.759399 0.000000 3462.042969 0.000000 0.850891 0.000000 -0.525342 1.000000 1.000000 1.000000
1514.345459 0.000000 3436.240234 0.000000 0.902523 0.000000 -0.430642 1.000000 1.000000 1.000000
1518.596436 0.000000 3438.263916 0.000000 0.951042 0.000000 -0.309062 1.000000 1.000000 1.000000
1539.068115 0.000000 3481.905518 0.000000 0.988640 0.000000 -0.150304 1.000000 1.000000 1.000000
1469.343750 0.000000 3474.561768 0.000000 0.688184 0.000000 -0.725536 1.000000 1.000000 1.000000
1510.347168 0.000000 3436.030762 0.000000 0.946232 0.000000 -0.323488 1.000000 1.000000 1.000000
1463.204712 0.000000 3439.550049 0.000000 0.941384 0.000000 -0.337336 1.000000 1.000000 1.000000
1466.497559 0.000000 3476.163086 0.000000 0.713411 0.000000 -0.700746 1.000000 1.000000 1.000000
1468.138306 0.000000 3477.927246 0.000000 0.818005 0.000000 -0.575211 1.000000 1.000000 1.000000
1463.454224 0.000000 3441.036133 0.000000 0.985696 0.000000 -0.168531 1.000000 1.000000 1.000000
1468.216309 0.000000 3474.039062 0.000000 0.782276 0.000000 -0.622932 1.000000 1.000000 1.000000
1532.352783 0.000000 3441.199219 0.000000 0.718526 0.000000 -0.695500 1.000000 1.000000 1.000000
1609.598389 0.000000 3430.260498 0.000000 0.998993 0.000000 -0.044872 1.000000 1.000000 1.000000
1609.020142 0.000000 3426.604004 0.000000 0.981143 0.000000 -0.193284 1.000000 1.000000 1.000000
1564.225098 0.000000 3434.579834 0.000000 0.738146 0.000000 -0.674640 1.000000 1.000000 1.000000
1592.303955 0.000000 3456.420166 0.000000 0.999817 0.000000 -0.019125 1.000000 1.000000 1.000000
1569.662842 0.000000 3422.874512 0.000000 0.868422 0.000000 -0.495827 1.000000 1.000000 1.000000
1594.148560 0.000000 3457.450684 0.000000 0.998616 0.000000 -0.052597 1.000000 1.000000 1.000000
1565.308472 0.000000 3432.790771 0.000000 0.988719 0.000000 -0.149786 1.000000 1.000000 1.000000
1633.288696 0.000000 3425.767334 0.000000 0.865786 0.000000 -0.500414 1.000000 1.000000 1.000000
1611.237427 0.000000 3429.826416 0.000000 0.998180 0.000000 -0.060303 1.000000 1.000000 1.000000
1505.496094 0.000000 3523.042725 0.000000 0.993541 0.000000 -0.113475 1.000000 1.000000 1.000000
1670.075317 0.000000 3429.593262 0.000000 0.841931 0.000000 -0.539586 1.000000 1.000000 1.000000
1649.119873 0.000000 3457.637939 0.000000 0.868435 0.000000 -0.495802 1.000000 1.000000 1.000000
1650.784668 0.000000 3440.694336 0.000000 0.759513 0.000000 -0.650492 1.000000 1.000000 1.000000
1700.306396 0.000000 3471.766357 0.000000 0.881002 0.000000 -0.473112 1.000000 1.000000 1.000000
1655.580200 0.000000 3451.674561 0.000000 0.919510 0.000000 -0.393066 1.000000 1.000000 1.000000
1666.493408 0.000000 3434.758301 0.000000 0.847222 0.000000 -0.531239 1.000000 1.000000 1.000000
1647.446167 0.000000 3454.720703 0.000000 0.864569 0.000000 -0.502513 1.000000 1.000000 1.000000
1664.626587 0.000000 3445.167236 0.000000 0.999547 0.000000 -0.030101 1.000000 1.000000 1.000000
1665.550171 0.000000 3433.584473 0.000000 0.610867 0.000000 -0.791733 1.000000 1.000000 1.000000
1715.688965 0.000000 3511.090088 0.000000 0.993085 0.000000 -0.117401 1.000000 1.000000 1.000000
2128.464355 0.000000 3322.477539 0.000000 0.865569 0.000000 -0.500790 1.000000 1.000000 1.000000
2152.741211 0.000000 3322.365479 0.000000 0.907058 0.000000 -0.421006 1.000000 1.000000 1.000000
2140.235840 0.000000 3320.105957 0.000000 0.983025 0.000000 -0.183469 1.000000 1.000000 1.000000
2186.386963 0.000000 3267.231201 0.000000 0.975935 0.000000 -0.218062 1.000000 1.000000 1.000000
2157.685791 0.000000 3295.497314 0.000000 0.650353 0.000000 -0.759632 1.000000 1.000000 1.000000
2179.027344 0.000000 3272.915527 0.000000 0.999849 0.000000 -0.017373 1.000000 1.000000 1.000000
2159.662354 0.000000 3294.051270 0.000000 0.738159 0.000000 -0.674627 1.000000 1.000000 1.000000
2079.729492 0.000000 3406.006836 0.000000 0.947209 0.000000 -0.320616 1.000000 1.000000 1.000000
2099.000977 0.000000 3394.963379 0.000000 0.975702 0.000000 -0.219103 1.000000 1.000000 1.000000
2150.636719 0.000000 3373.647949 0.000000 0.618199 0.000000 -0.786022 1.000000 1.000000 1.000000
2108.802734 0.000000 3336.063965 0.000000 0.996402 0.000000 -0.084753 1.000000 1.000000 1.000000
2183.941406 0.000000 3365.749512 0.000000 0.950131 0.000000 -0.311852 1.000000 1.000000 1.000000
2133.668213 0.000000 3399.424072 0.000000 0.933910 0.000000 -0.357509 1.000000 1.000000 1.000000
2151.589600 0.000000 3384.588135 0.000000 0.803514 0.000000 -0.595286 1.000000 1.000000 1.000000
2161.858643 0.000000 3408.038330 0.000000 0.998659 0.000000 -0.051776 1.000000 1.000000 1.000000
2101.490723 0.000000 3387.802979 0.000000 0.952788 0.000000 -0.303636 1.000000 1.000000 1.000000
2158.041748 0.000000 3371.606201 0.000000 0.604810 0.000000 -0.796370 1.000000 1.000000 1.000000
2164.243408 0.000000 3394.910645 0.000000 0.712486 0.000000 -0.701687 1.000000 1.000000 1.000000
2133.554199 0.000000 3336.442871 0.000000 0.646353 0.000000 -0.763038 1.000000 1.000000 1.000000
2146.412109 0.000000 3337.420654 0.000000 0.750781 0.000000 -0.660551 1.000000 1.000000 1.000000
2169.456787 0.000000 3365.031250 0.000000 0.707799 0.000000 -0.706414 1.000000 1.000000 1.000000
2103.794922 0.000000 3395.968506 0.000000 0.770654 0.000000 -0.637253 1.000000 1.000000 1.000000
2181.299561 0.000000 3386.691406 0.000000 0.856471 0.000000 -0.516196 1.000000 1.000000 1.000000
2152.053711 0.000000 3394.196289 0.000000 0.798627 0.000000 -0.601826 1.000000 1.000000 1.000000
2098.754150 0.000000 3367.656006 0.000000 0.696519 0.000000 -0.717538 1.000000 1.000000 1.000000
2163.567627 0.000000 3411.749023 0.000000 0.971736 0.000000 -0.236070 1.000000 1.000000 1.000000
2163.222656 0.000000 3398.952148 0.000000 0.959801 0.000000 -0.280682 1.000000 1.000000 1.000000
2101.940918 0.000000 3360.003662 0.000000 0.638493 0.000000 -0.769628 1.000000 1.000000 1.000000
2108.619385 0.000000 3339.512207 0.000000 0.927379 0.000000 -0.374123 1.000000 1.000000 1.000000
2162.903809 0.000000 3392.813965 0.000000 0.967501 0.000000 -0.252868 1.000000 1.000000 1.000000
2162.690186 0.000000 3396.680176 0.000000 0.998937 0.000000 -0.046090 1.000000 1.000000 1.000000
2180.874268 0.000000 3367.891846 0.000000 0.992168 0.000000 -0.124913 1.000000 1.000000 1.000000
2129.494873 0.000000 3393.507080 0.000000 0.668472 0.000000 -0.743738 1.000000 1.000000 1.000000
1960.103516 0.000000 3443.915771 0.000000 0.960333 0.000000 -0.278856 1.000000 1.000000 1.000000
1970.570435 0.000000 3427.869141 0.000000 0.999811 0.000000 -0.019441 1.000000 1.000000 1.000000
1963.237671 0.000000 3420.144775 0.000000 0.590503 0.000000 -0.807035 1.000000 1.000000 1.000000
1981.387573 0.000000 3438.213623 0.000000 0.910363 0.000000 -0.413810 1.000000 1.000000 1.000000
1959.835205 0.000000 3436.193359 0.000000 0.970789 0.000000 -0.239934 1.000000 1.000000 1.000000
1869.933350 0.000000 3572.505371 0.000000 0.964942 0.000000 -0.262463 1.000000 1.000000 1.000000
2042.708252 0.000000 3433.057617 0.000000 0.692326 0.000000 -0.721585 1.000000 1.000000 1.000000
2069.399170 0.000000 3419.510254 0.000000 0.983996 0.000000 -0.178188 1.000000 1.000000 1.000000
2070.095947 0.000000 3427.900635 0.000000 0.996090 0.000000 -0.088348 1.000000 1.000000 1.000000
2066.590088 0.000000 3435.160889 0.000000 0.999361 0.000000 -0.035755 1.000000 1.000000 1.000000
2064.140869 0.000000 3495.922119 0.000000 0.922204 0.000000 -0.386704 1.000000 1.000000 1.000000
2067.318604 0.000000 3423.800293 0.000000 0.655023 0.000000 -0.755609 1.000000 1.000000 1.000000
2100.900879 0.000000 3441.283936 0.000000 0.895184 0.000000 -0.445697 1.000000 1.000000 1.000000
2132.206055 0.000000 3452.093018 0.000000 0.994598 0.000000 -0.103806 1.000000 1.000000 1.000000
2111.369141 0.000000 3469.383545 0.000000 0.708692 0.000000 -0.705518 1.000000 1.000000 1.000000
2262.213867 0.000000 2956.084961 0.000000 0.659073 0.000000 -0.752079 1.000000 1.000000 1.000000
2350.247314 0.000000 2909.997559 0.000000 0.874638 0.000000 -0.484776 1.000000 1.000000 1.000000
2291.347900 0.000000 2936.704346 0.000000 0.698635 0.000000 -0.715478 1.000000 1.000000 1.000000
2310.510986 0.000000 2943.514893 0.000000 0.743125 0.000000 -0.669153 1.000000 1.000000 1.000000
2355.318848 0.000000 2938.092285 0.000000 0.818043 0.000000 -0.575157 1.000000 1.000000 1.000000
2358.813721 0.000000 2920.413818 0.000000 0.755944 0.000000 -0.654636 1.000000 1.000000 1.000000
2365.741455 0.000000 2930.127686 0.000000 0.833391 0.000000 -0.552684 1.000000 1.000000 1.000000
2259.005127 0.000000 2999.981934 0.000000 0.994587 0.000000 -0.103907 1.000000 1.000000 1.000000
2226.539795 0.000000 2970.431885 0.000000 0.980100 0.000000 -0.198504 1.000000 1.000000 1.000000
2217.528564 0.000000 2979.671387 0.000000 0.961529 0.000000 -0.274702 1.000000 1.000000 1.000000
2251.341553 0.000000 2998.440674 0.000000 0.802472 0.000000 -0.596690 1.000000 1.000000 1.000000
2216.236084 0.000000 2975.442383 0.000000 0.922308 0.000000 -0.386456 1.000000 1.000000 1.000000
2310.958008 0.000000 2986.369873 0.000000 0.747472 0.000000 -0.664293 1.000000 1.000000 1.000000
2405.932617 0.000000 3002.171143 0.000000 0.925939 0.000000 -0.377672 1.000000 1.000000 1.000000
2433.078125 0.000000 3040.244873 0.000000 0.953262 0.000000 -0.302146 1.000000 1.000000 1.000000
2421.142578 0.000000 3002.973877 0.000000 0.867696 0.000000 -0.497096 1.000000 1.000000 1.000000
2409.647461 0.000000 3019.175781 0.000000 0.774007 0.000000 -0.633178 1.000000 1.000000 1.000000
2419.989014 0.000000 3009.711670 0.000000 0.768967 0.000000 -0.639289 1.000000 1.000000 1.000000
2413.443848 0.000000 3015.248291 0.000000 0.854685 0.000000 -0.519146 1.000000 1.000000 1.000000
2415.462402 0.000000 3024.060791 0.000000 0.951306 0.000000 -0.308247 1.000000 1.000000 1.000000
2402.004639 0.000000 3001.028320 0.000000 0.754835 0.000000 -0.655915 1.000000 1.000000 1.000000
2403.312988 0.000000 3005.047852 0.000000 0.721727 0.000000 -0.692178 1.000000 1.000000 1.000000
2423.188477 0.000000 3010.524902 0.000000 0.724018 0.000000 -0.689781 1.000000 1.000000 1.000000
2423.413574 0.000000 3008.255127 0.000000 0.998748 0.000000 -0.050034 1.000000 1.000000 1.000000
2358.469482 0.000000 3148.501953 0.000000 0.997826 0.000000 -0.065902 1.000000 1.000000 1.000000
2262.213867 0.000000 3226.038086 0.000000 0.614296 0.000000 -0.789076 1.000000 1.000000 1.000000
2258.699219 0.000000 3220.550293 0.000000 0.810457 0.000000 -0.585799 1.000000 1.000000 1.000000
2272.358887 0.000000 3237.671875 0.000000 0.674317 0.000000 -0.738442 1.000000 1.000000 1.000000
2226.867676 0.000000 3230.724854 0.000000 0.634229 0.000000 -0.773145 1.000000 1.000000 1.000000
2273.720703 0.000000 3220.706543 0.000000 0.889972 0.000000 -0.456016 1.000000 1.000000 1.000000
2271.267822 0.000000 3218.199219 0.000000 0.963988 0.000000 -0.265945 1.000000 1.000000 1.000000
2325.072266 0.000000 3173.962646 0.000000 0.983721 0.000000 -0.179700 1.000000 1.000000 1.000000
2365.071777 0.000000 3215.853516 0.000000 0.970455 0.000000 -0.241283 1.000000 1.000000 1.000000
2282.523926 0.000000 3227.937988 0.000000 0.817106 0.000000 -0.576487 1.000000 1.000000 1.000000
2334.073975 0.000000 3204.619385 0.000000 0.965881 0.000000 -0.258987 1.000000 1.000000 1.000000
2329.900391 0.000000 3182.942627 0.000000 0.621835 0.000000 -0.783148 1.000000 1.000000 1.000000
2368.560791 0.000000 3208.503418 0.000000 0.999711 0.000000 -0.024020 1.000000 1.000000 1.000000
2328.746826 0.000000 3189.680420 0.000000 0.748162 0.000000 -0.663516 1.000000 1.000000 1.000000
2304.898438 0.000000 3195.326172 0.000000 0.758008 0.000000 -0.652246 1.000000 1.000000 1.000000
2289.964111 0.000000 3235.522461 0.000000 0.915242 0.000000 -0.402905 1.000000 1.000000 1.000000
2346.829346 0.000000 3226.169922 0.000000 0.932248 0.000000 -0.361820 1.000000 1.000000 1.000000
2309.336670 0.000000 3196.084473 0.000000 0.935062 0.000000 -0.354483 1.000000 1.000000 1.000000
2339.086670 0.000000 3197.664795 0.000000 0.916612 0.000000 -0.399778 1.000000 1.000000 1.000000
2329.865479 0.000000 3179.090332 0.000000 0.986183 0.000000 -0.165662 1.000000 1.000000 1.000000
2328.552490 0.000000 3197.733154 0.000000 0.990535 0.000000 -0.137263 1.000000 1.000000 1.000000
2306.077637 0.000000 3197.629883 0.000000 0.890817 0.000000 -0.454362 1.000000 1.000000 1.000000
2354.641602 0.000000 3167.250977 0.000000 0.803917 0.000000 -0.594742 1.000000 1.000000 1.000000
2309.781494 0.000000 3186.357422 0.000000 0.967629 0.000000 -0.252377 1.000000 1.000000 1.000000
2339.783691 0.000000 3194.214600 0.000000 0.705286 0.000000 -0.708923 1.000000 1.000000 1.000000
2313.320312 0.000000 3199.379883 0.000000 0.718489 0.000000 -0.695538 1.000000 1.000000 1.000000
2444.698242 0.000000 3136.053711 0.000000 0.883602 0.000000 -0.468238 1.000000 1.000000 1.000000
2378.757080 0.000000 3149.256348 0.000000 0.919606 0.000000 -0.392843 1.000000 1.000000 1.000000
2407.394775 0.000000 3129.470947 0.000000 0.953119 0.000000 -0.302596 1.000000 1.000000 1.000000
2429.519043 0.000000 3083.025146 0.000000 0.999205 0.000000 -0.039877 1.000000 1.000000 1.000000
2415.172852 0.000000 3131.135010 0.000000 0.781600 0.000000 -0.623780 1.000000 1.000000 1.000000
2424.067627 0.000000 3077.555420 0.000000 0.673340 0.000000 -0.739333 1.000000 1.000000 1.000000
2426.525635 0.000000 3128.958984 0.000000 0.816355 0.000000 -0.577550 1.000000 1.000000 1.000000
2400.753906 0.000000 3137.136230 0.000000 0.942746 0.000000 -0.333512 1.000000 1.000000 1.000000
2413.443848 0.000000 3105.232666 0.000000 0.906715 0.000000 -0.421743 1.000000 1.000000 1.000000
2436.572754 0.000000 3092.645752 0.000000 0.984545 0.000000 -0.175133 1.000000 1.000000 1.000000
2440.180176 0.000000 3138.826172 0.000000 0.702100 0.000000 -0.712079 1.000000 1.000000 1.000000
2440.990234 0.000000 3085.538574 0.000000 0.801073 0.000000 -0.598566 1.000000 1.000000 1.000000
2457.978271 0.000000 3075.026855 0.000000 0.974887 0.000000 -0.222702 1.000000 1.000000 1.000000
2420.083008 0.000000 3136.376953 0.000000 0.985080 0.000000 -0.172098 1.000000 1.000000 1.000000
2425.879150 0.000000 3106.500000 0.000000 0.992192 0.000000 -0.124717 1.000000 1.000000 1.000000
2426.767334 0.000000 3076.302734 0.000000 1.000000 0.000000 -0.000781 1.000000 1.000000 1.000000
2436.039307 0.000000 3089.990723 0.000000 0.959636 0.000000 -0.281245 1.000000 1.000000 1.000000
2432.325928 0.000000 3068.184814 0.000000 0.859978 0.000000 -0.510332 1.000000 1.000000 1.000000
2412.000488 0.000000 3118.524170 0.000000 0.741678 0.000000 -0.670756 1.000000 1.000000 1.000000
2427.263916 0.000000 3130.921875 0.000000 0.686693 0.000000 -0.726947 1.000000 1.000000 1.000000
2535.940430 0.000000 3136.053711 0.000000 0.999689 0.000000 -0.024935 1.000000 1.000000 1.000000
2536.419434 0.000000 3125.344727 0.000000 0.985180 0.000000 -0.171521 1.000000 1.000000 1.000000
2473.148193 0.000000 3075.124268 0.000000 0.742226 0.000000 -0.670149 1.000000 1.000000 1.000000
2471.764404 0.000000 3060.644043 0.000000 0.828812 0.000000 -0.559527 1.000000 1.000000 1.000000
2546.085449 0.000000 3147.687500 0.000000 0.738157 0.000000 -0.674629 1.000000 1.000000 1.000000
2547.088623 0.000000 3121.256348 0.000000 0.921982 0.000000 -0.387233 1.000000 1.000000 1.000000
2532.196777 0.000000 3134.598145 0.000000 0.678594 0.000000 -0.734513 1.000000 1.000000 1.000000
2533.697510 0.000000 3136.346191 0.000000 0.915908 0.000000 -0.401388 1.000000 1.000000 1.000000
2392.481689 0.000000 3182.349609 0.000000 0.996562 0.000000 -0.082845 1.000000 1.000000 1.000000
2405.932617 0.000000 3182.139893 0.000000 0.642500 0.000000 -0.766286 1.000000 1.000000 1.000000
2383.798340 0.000000 3184.304443 0.000000 0.693500 0.000000 -0.720456 1.000000 1.000000 1.000000
2398.175049 0.000000 3236.941895 0.000000 0.624205 0.000000 -0.781260 1.000000 1.000000 1.000000
2380.522217 0.000000 3150.628418 0.000000 0.665392 0.000000 -0.746494 1.000000 1.000000 1.000000
2375.979248 0.000000 3165.334717 0.000000 0.594041 0.000000 -0.804434 1.000000 1.000000 1.000000
2453.371582 0.000000 3188.964844 0.000000 0.846454 0.000000 -0.532461 1.000000 1.000000 1.000000
2387.663818 0.000000 3231.032715 0.000000 0.786345 0.000000 -0.617787 1.000000 1.000000 1.000000
2443.350830 0.000000 3166.969727 0.000000 0.625976 0.000000 -0.779842 1.000000 1.000000 1.000000
2406.068848 0.000000 3197.949951 0.000000 0.995715 0.000000 -0.092478 1.000000 1.000000 1.000000
2457.451660 0.000000 3189.757568 0.000000 0.658830 0.000000 -0.752292 1.000000 1.000000 1.000000
2379.669922 0.000000 3153.750732 0.000000 0.998204 0.000000 -0.059905 1.000000 1.000000 1.000000
2407.148438 0.000000 3185.259277 0.000000 0.639911 0.000000 -0.768449 1.000000 1.000000 1.000000
2415.476074 0.000000 3193.788086 0.000000 0.995360 0.000000 -0.096218 1.000000 1.000000 1.000000
2404.167480 0.000000 3197.129395 0.000000 0.979279 0.000000 -0.202513 1.000000 1.000000 1.000000
2435.984375 0.000000 3184.133057 0.000000 0.996985 0.000000 -0.077591 1.000000 1.000000 1.000000
2498.919189 0.000000 3163.104492 0.000000 0.994533 0.000000 -0.104425 1.000000 1.000000 1.000000
2545.169678 0.000000 3150.535156 0.000000 0.942453 0.000000 -0.334340 1.000000 1.000000 1.000000
2514.173828 0.000000 3176.500732 0.000000 0.927566 0.000000 -0.373660 1.000000 1.000000 1.000000
2495.540039 0.000000 3159.779053 0.000000 0.709583 0.000000 -0.704622 1.000000 1.000000 1.000000
2494.920654 0.000000 3161.614014 0.000000 0.972204 0.000000 -0.234136 1.000000 1.000000 1.000000
2727.654053 0.000000 2970.566406 0.000000 0.970291 0.000000 -0.241939 1.000000 1.000000 1.000000
2711.696533 0.000000 3034.973145 0.000000 0.999950 0.000000 -0.009993 1.000000 1.000000 1.000000
2705.727539 0.000000 3053.313232 0.000000 0.945950 0.000000 -0.324313 1.000000 1.000000 1.000000
2690.187012 0.000000 2979.468018 0.000000 0.621818 0.000000 -0.783162 1.000000 1.000000 1.000000
2702.281250 0.000000 3055.671143 0.000000 0.877381 0.000000 -0.479794 1.000000 1.000000 1.000000
2715.379639 0.000000 3033.635742 0.000000 0.854524 0.000000 -0.519411 1.000000 1.000000 1.000000
2683.040039 0.000000 3034.601807 0.000000 0.953707 0.000000 -0.300737 1.000000 1.000000 1.000000
2688.361328 0.000000 2981.966309 0.000000 0.935273 0.000000 -0.353928 1.000000 1.000000 1.000000
2729.588623 0.000000 3003.362793 0.000000 0.660243 0.000000 -0.751052 1.000000 1.000000 1.000000
2733.038330 0.000000 2994.435547 0.000000 0.892876 0.000000 -0.450302 1.000000 1.000000 1.000000
2700.054688 0.000000 3045.534912 0.000000 0.610343 0.000000 -0.792137 1.000000 1.000000 1.000000
2705.442627 0.000000 3042.560791 0.000000 0.688657 0.000000 -0.725087 1.000000 1.000000 1.000000
2719.610352 0.000000 2987.282227 0.000000 0.612586 0.000000 -0.790404 1.000000 1.000000 1.000000
2728.359619 0.000000 2972.862793 0.000000 0.598886 0.000000 -0.800834 1.000000 1.000000 1.000000
2703.928467 0.000000 3044.095703 0.000000 0.843969 0.000000 -0.536391 1.000000 1.000000 1.000000
2701.795166 0.000000 3053.658447 0.000000 0.978956 0.000000 -0.204070 1.000000 1.000000 1.000000
2712.627686 0.000000 3026.788086 0.000000 0.647881 0.000000 -0.761741 1.000000 1.000000 1.000000
2703.920166 0.000000 3053.583984 0.000000 0.902330 0.000000 -0.431046 1.000000 1.000000 1.000000
2726.635986 0.000000 2972.718994 0.000000 0.990229 0.000000 -0.139451 1.000000 1.000000 1.000000
2700.099609 0.000000 3043.928223 0.000000 0.828597 0.000000 -0.559845 1.000000 1.000000 1.000000
2751.099365 0.000000 2955.991211 0.000000 0.967741 0.000000 -0.251948 1.000000 1.000000 1.000000
2757.344727 0.000000 2928.912598 0.000000 0.948701 0.000000 -0.316175 1.000000 1.000000 1.000000
2812.055420 0.000000 2911.268066 0.000000 0.958410 0.000000 -0.285396 1.000000 1.000000 1.000000
2821.622559 0.000000 2910.461914 0.000000 0.879341 0.000000 -0.476193 1.000000 1.000000 1.000000
2806.542480 0.000000 2967.112793 0.000000 0.736952 0.000000 -0.675945 1.000000 1.000000 1.000000
2755.019775 0.000000 2932.437988 0.000000 0.766163 0.000000 -0.642647 1.000000 1.000000 1.000000
2760.681641 0.000000 2929.916260 0.000000 0.840224 0.000000 -0.542239 1.000000 1.000000 1.000000
2759.813477 0.000000 2945.600586 0.000000 0.627370 0.000000 -0.778722 1.000000 1.000000 1.000000
2756.435791 0.000000 2931.047852 0.000000 0.962594 0.000000 -0.270947 1.000000 1.000000 1.000000
2748.373779 0.000000 2953.769531 0.000000 0.892207 0.000000 -0.451627 1.000000 1.000000 1.000000
2829.576660 0.000000 2890.109619 0.000000 0.794863 0.000000 -0.606789 1.000000 1.000000 1.000000
2813.805176 0.000000 2973.576660 0.000000 0.883723 0.000000 -0.468010 1.000000 1.000000 1.000000
2756.701904 0.000000 2984.477295 0.000000 0.773680 0.000000 -0.633577 1.000000 1.000000 1.000000
2737.716309 0.000000 2974.036621 0.000000 0.680319 0.000000 -0.732916 1.000000 1.000000 1.000000
2743.086426 0.000000 2993.895020 0.000000 0.792109 0.000000 -0.610380 1.000000 1.000000 1.000000
2748.802979 0.000000 2994.770508 0.000000 0.793001 0.000000 -0.609220 1.000000 1.000000 1.000000
2744.615967 0.000000 2995.711914 0.000000 0.752331 0.000000 -0.658785 1.000000 1.000000 1.000000
2742.717041 0.000000 2996.297363 0.000000 0.870762 0.000000 -0.491704 1.000000 1.000000 1.000000
2738.449463 0.000000 2975.088623 0.000000 0.949812 0.000000 -0.312822 1.000000 1.000000 1.000000
2877.353516 0.000000 3002.973877 0.000000 0.716294 0.000000 -0.697798 1.000000 1.000000 1.000000
2829.173340 0.000000 3012.033691 0.000000 0.714909 0.000000 -0.699217 1.000000 1.000000 1.000000
2874.527344 0.000000 3027.987305 0.000000 0.685688 0.000000 -0.727896 1.000000 1.000000 1.000000
2855.392578 0.000000 3019.531738 0.000000 0.661028 0.000000 -0.750361 1.000000 1.000000 1.000000
2857.856445 0.000000 3039.197998 0.000000 0.969632 0.000000 -0.244570 1.000000 1.000000 1.000000
2872.257080 0.000000 2986.271484 0.000000 0.756684 0.000000 -0.653780 1.000000 1.000000 1.000000
2851.923828 0.000000 3019.900635 0.000000 0.759112 0.000000 -0.650960 1.000000 1.000000 1.000000
2841.728760 0.000000 3001.752686 0.000000 0.930001 0.000000 -0.367556 1.000000 1.000000 1.000000
2834.895508 0.000000 3018.382812 0.000000 0.604647 0.000000 -0.796494 1.000000 1.000000 1.000000
2875.535400 0.000000 3005.000732 0.000000 0.967694 0.000000 -0.252126 1.000000 1.000000 1.000000
2874.829590 0.000000 2986.224121 0.000000 0.941982 0.000000 -0.335663 1.000000 1.000000 1.000000
2837.657227 0.000000 2998.556152 0.000000 0.706795 0.000000 -0.707419 1.000000 1.000000 1.000000
2865.383545 0.000000 3029.861328 0.000000 0.976883 0.000000 -0.213774 1.000000 1.000000 1.000000
2846.605957 0.000000 3047.373779 0.000000 0.987750 0.000000 -0.156042 1.000000 1.000000 1.000000
2831.510742 0.000000 3017.791992 0.000000 0.608828 0.000000 -0.793302 1.000000 1.000000 1.000000
2851.378906 0.000000 3021.818604 0.000000 0.988891 0.000000 -0.148642 1.000000 1.000000 1.000000
2864.013184 0.000000 3026.432129 0.000000 0.604560 0.000000 -0.796560 1.000000 1.000000 1.000000
2874.239014 0.000000 3004.975098 0.000000 0.992735 0.000000 -0.120324 1.000000 1.000000 1.000000
2830.223389 0.000000 3014.644043 0.000000 0.896203 0.000000 -0.443644 1.000000 1.000000 1.000000
2852.451416 0.000000 3021.047852 0.000000 0.888460 0.000000 -0.458954 1.000000 1.000000 1.000000
2831.830811 0.000000 3015.154297 0.000000 0.971615 0.000000 -0.236567 1.000000 1.000000 1.000000
2629.519531 0.000000 3108.335449 0.000000 0.794109 0.000000 -0.607776 1.000000 1.000000 1.000000
2652.824463 0.000000 3111.266846 0.000000 0.939462 0.000000 -0.342653 1.000000 1.000000 1.000000
2657.105713 0.000000 3120.424072 0.000000 0.939849 0.000000 -0.341590 1.000000 1.000000 1.000000
2715.396484 0.000000 3061.591064 0.000000 0.927807 0.000000 -0.373061 1.000000 1.000000 1.000000
2661.956543 0.000000 3119.694092 0.000000 0.992805 0.000000 -0.119738 1.000000 1.000000 1.000000
2659.371826 0.000000 3120.028564 0.000000 0.882172 0.000000 -0.470928 1.000000 1.000000 1.000000
2666.296631 0.000000 3116.477051 0.000000 0.996631 0.000000 -0.082013 1.000000 1.000000 1.000000
2654.184814 0.000000 3108.775635 0.000000 0.816802 0.000000 -0.576918 1.000000 1.000000 1.000000
2642.151123 0.000000 3194.742676 0.000000 0.998359 0.000000 -0.057269 1.000000 1.000000 1.000000
2633.483887 0.000000 3209.563477 0.000000 0.999824 0.000000 -0.018746 1.000000 1.000000 1.000000
2632.429688 0.000000 3204.894531 0.000000 0.999052 0.000000 -0.043531 1.000000 1.000000 1.000000
2627.120361 0.000000 3179.089844 0.000000 0.922405 0.000000 -0.386225 1.000000 1.000000 1.000000
2629.904541 0.000000 3205.462158 0.000000 0.979052 0.000000 -0.203612 1.000000 1.000000 1.000000
2631.095703 0.000000 3168.234375 0.000000 0.622389 0.000000 -0.782708 1.000000 1.000000 1.000000
2628.369141 0.000000 3170.722168 0.000000 0.985103 0.000000 -0.171967 1.000000 1.000000 1.000000
2618.635986 0.000000 3204.699707 0.000000 0.992533 0.000000 -0.121976 1.000000 1.000000 1.000000
2628.640869 0.000000 3168.785645 0.000000 0.997508 0.000000 -0.070560 1.000000 1.000000 1.000000
2669.177734 0.000000 3167.571777 0.000000 0.615959 0.000000 -0.787778 1.000000 1.000000 1.000000
2721.078125 0.000000 3169.735840 0.000000 0.975206 0.000000 -0.221300 1.000000 1.000000 1.000000
2672.265137 0.000000 3177.521973 0.000000 0.702219 0.000000 -0.711961 1.000000 1.000000 1.000000
2716.155273 0.000000 3170.806641 0.000000 0.861647 0.000000 -0.507509 1.000000 1.000000 1.000000
2730.021973 0.000000 3174.447754 0.000000 0.776637 0.000000 -0.629948 1.000000 1.000000 1.000000
2657.270264 0.000000 3177.143066 0.000000 0.999991 0.000000 -0.004128 1.000000 1.000000 1.000000
2665.459717 0.000000 3164.446045 0.000000 0.639348 0.000000 -0.768917 1.000000 1.000000 1.000000
2728.407959 0.000000 3177.656738 0.000000 0.969652 0.000000 -0.244490 1.000000 1.000000 1.000000
2702.108398 0.000000 3204.383789 0.000000 0.999745 0.000000 -0.022571 1.000000 1.000000 1.000000
2664.018555 0.000000 3156.911377 0.000000 0.829146 0.000000 -0.559032 1.000000 1.000000 1.000000
2666.757080 0.000000 3159.292480 0.000000 0.982501 0.000000 -0.186256 1.000000 1.000000 1.000000
2661.623535 0.000000 3157.019775 0.000000 0.995873 0.000000 -0.090762 1.000000 1.000000 1.000000
2729.793213 0.000000 3176.400635 0.000000 0.733335 0.000000 -0.679868 1.000000 1.000000 1.000000
2678.691162 0.000000 3169.217773 0.000000 0.659447 0.000000 -0.751751 1.000000 1.000000 1.000000
2731.234375 0.000000 3184.024170 0.000000 0.781490 0.000000 -0.623917 1.000000 1.000000 1.000000
2662.869629 0.000000 3155.974365 0.000000 0.767699 0.000000 -0.640810 1.000000 1.000000 1.000000
2772.363525 0.000000 3129.470947 0.000000 0.822753 0.000000 -0.568399 1.000000 1.000000 1.000000
2790.284912 0.000000 3114.635010 0.000000 0.648502 0.000000 -0.761213 1.000000 1.000000 1.000000
2784.957764 0.000000 3099.696045 0.000000 0.832355 0.000000 -0.554243 1.000000 1.000000 1.000000
2762.098633 0.000000 3116.652100 0.000000 0.994133 0.000000 -0.108169 1.000000 1.000000 1.000000
2815.261475 0.000000 3066.051758 0.000000 0.952904 0.000000 -0.303273 1.000000 1.000000 1.000000
2793.018066 0.000000 3107.074219 0.000000 0.990163 0.000000 -0.139917 1.000000 1.000000 1.000000
2762.526611 0.000000 3118.653076 0.000000 0.991110 0.000000 -0.133048 1.000000 1.000000 1.000000
2875.226807 0.000000 3133.237793 0.000000 0.999955 0.000000 -0.009442 1.000000 1.000000 1.000000
2870.876709 0.000000 3134.054688 0.000000 0.907618 0.000000 -0.419797 1.000000 1.000000 1.000000
2791.436523 0.000000 3232.381104 0.000000 0.979136 0.000000 -0.203204 1.000000 1.000000 1.000000
2821.282715 0.000000 3215.853516 0.000000 0.711966 0.000000 -0.702213 1.000000 1.000000 1.000000
2816.303223 0.000000 3177.536133 0.000000 0.887057 0.000000 -0.461660 1.000000 1.000000 1.000000
2782.886719 0.000000 3163.105225 0.000000 0.868787 0.000000 -0.495187 1.000000 1.000000 1.000000
2784.957764 0.000000 3189.680420 0.000000 0.916444 0.000000 -0.400163 1.000000 1.000000 1.000000
2817.722656 0.000000 3182.931152 0.000000 0.828475 0.000000 -0.560026 1.000000 1.000000 1.000000
2788.526611 0.000000 3153.693848 0.000000 0.901565 0.000000 -0.432643 1.000000 1.000000 1.000000
2790.007568 0.000000 3228.043945 0.000000 0.818749 0.000000 -0.574151 1.000000 1.000000 1.000000
2793.171875 0.000000 3168.938721 0.000000 0.774880 0.000000 -0.632108 1.000000 1.000000 1.000000
2822.947021 0.000000 3165.011230 0.000000 0.891664 0.000000 -0.452697 1.000000 1.000000 1.000000
2786.780273 0.000000 3186.479736 0.000000 0.933676 0.000000 -0.358120 1.000000 1.000000 1.000000
2737.299805 0.000000 3181.117432 0.000000 0.999826 0.000000 -0.018654 1.000000 1.000000 1.000000
2810.049072 0.000000 3187.954346 0.000000 0.804394 0.000000 -0.594096 1.000000 1.000000 1.000000
2819.491211 0.000000 3158.039795 0.000000 0.983499 0.000000 -0.180911 1.000000 1.000000 1.000000
2826.654053 0.000000 3163.860596 0.000000 0.930315 0.000000 -0.366761 1.000000 1.000000 1.000000
2795.987061 0.000000 3168.310791 0.000000 0.626245 0.000000 -0.779626 1.000000 1.000000 1.000000
2814.366211 0.000000 3176.236328 0.000000 0.984075 0.000000 -0.177751 1.000000 1.000000 1.000000
2770.293457 0.000000 3184.170166 0.000000 0.842633 0.000000 -0.538488 1.000000 1.000000 1.000000
2820.563721 0.000000 3213.368652 0.000000 0.998078 0.000000 -0.061969 1.000000 1.000000 1.000000
2783.998535 0.000000 3192.508301 0.000000 0.986680 0.000000 -0.162673 1.000000 1.000000 1.000000
2819.820312 0.000000 3181.496582 0.000000 0.935877 0.000000 -0.352326 1.000000 1.000000 1.000000
2782.432129 0.000000 3193.810547 0.000000 0.993717 0.000000 -0.111924 1.000000 1.000000 1.000000
2788.210205 0.000000 3151.939453 0.000000 0.997574 0.000000 -0.069621 1.000000 1.000000 1.000000
2830.838379 0.000000 3171.330811 0.000000 0.999943 0.000000 -0.010639 1.000000 1.000000 1.000000
2828.938477 0.000000 3214.994629 0.000000 0.858506 0.000000 -0.512803 1.000000 1.000000 1.000000
2838.801025 0.000000 3206.657471 0.000000 0.991206 0.000000 -0.132326 1.000000 1.000000 1.000000
2835.303223 0.000000 3177.907715 0.000000 0.887788 0.000000 -0.460253 1.000000 1.000000 1.000000
2828.517822 0.000000 3177.605225 0.000000 0.964337 0.000000 -0.264678 1.000000 1.000000 1.000000
2843.562012 0.000000 3179.270996 0.000000 0.622268 0.000000 -0.782804 1.000000 1.000000 1.000000
2876.554932 0.000000 3229.770508 0.000000 0.789775 0.000000 -0.613397 1.000000 1.000000 1.000000
2896.936768 0.000000 3205.143066 0.000000 0.918661 0.000000 -0.395048 1.000000 1.000000 1.000000
2847.733643 0.000000 3178.129883 0.000000 0.920476 0.000000 -0.390799 1.000000 1.000000 1.000000
2833.633789 0.000000 3168.940918 0.000000 0.666608 0.000000 -0.745409 1.000000 1.000000 1.000000
2851.016846 0.000000 3177.496826 0.000000 0.936399 0.000000 -0.350937 1.000000 1.000000 1.000000
2838.693115 0.000000 3213.532471 0.000000 0.891067 0.000000 -0.453873 1.000000 1.000000 1.000000
2860.760254 0.000000 3218.435303 0.000000 0.746478 0.000000 -0.665410 1.000000 1.000000 1.000000
2848.629883 0.000000 3170.785156 0.000000 0.590977 0.000000 -0.806688 1.000000 1.000000 1.000000
2857.621826 0.000000 3171.607178 0.000000 0.964517 0.000000 -0.264021 1.000000 1.000000 1.000000
2831.060059 0.000000 3167.779053 0.000000 0.981855 0.000000 -0.189635 1.000000 1.000000 1.000000
2866.120605 0.000000 3219.757812 0.000000 0.867099 0.000000 -0.498136 1.000000 1.000000 1.000000
2871.440918 0.000000 3236.825195 0.000000 0.818463 0.000000 -0.574560 1.000000 1.000000 1.000000
2850.264404 0.000000 3169.227051 0.000000 0.726810 0.000000 -0.686839 1.000000 1.000000 1.000000
2881.846436 0.000000 3178.833496 0.000000 0.980528 0.000000 -0.196377 1.000000 1.000000 1.000000
2833.740479 0.000000 3166.808350 0.000000 0.885940 0.000000 -0.463800 1.000000 1.000000 1.000000
2895.112061 0.000000 3206.756836 0.000000 0.743285 0.000000 -0.668975 1.000000 1.000000 1.000000
2857.799316 0.000000 3168.263916 0.000000 0.916466 0.000000 -0.400112 1.000000 1.000000 1.000000
2888.690430 0.000000 3183.712891 0.000000 0.875764 0.000000 -0.482739 1.000000 1.000000 1.000000
2869.913330 0.000000 3221.935791 0.000000 0.961637 0.000000 -0.274324 1.000000 1.000000 1.000000
2851.476318 0.000000 3179.788086 0.000000 0.746974 0.000000 -0.664853 1.000000 1.000000 1.000000
2850.080566 0.000000 3170.656494 0.000000 0.957407 0.000000 -0.288742 1.000000 1.000000 1.000000
2896.396729 0.000000 3206.366943 0.000000 0.629655 0.000000 -0.776875 1.000000 1.000000 1.000000
2221.170898 0.000000 3284.991211 0.000000 0.771574 0.000000 -0.636140 1.000000 1.000000 1.000000
2212.966797 0.000000 3257.556152 0.000000 0.742598 0.000000 -0.669738 1.000000 1.000000 1.000000
2275.183594 0.000000 3275.765137 0.000000 0.895854 0.000000 -0.444349 1.000000 1.000000 1.000000
2276.094482 0.000000 3320.279297 0.000000 0.784824 0.000000 -0.619718 1.000000 1.000000 1.000000
2228.647705 0.000000 3296.206543 0.000000 0.998142 0.000000 -0.060936 1.000000 1.000000 1.000000
2225.192627 0.000000 3253.088867 0.000000 0.983186 0.000000 -0.182608 1.000000 1.000000 1.000000
2248.146484 0.000000 3274.257324 0.000000 0.679736 0.000000 -0.733457 1.000000 1.000000 1.000000
2265.711670 0.000000 3276.930908 0.000000 0.734495 0.000000 -0.678615 1.000000 1.000000 1.000000
2213.904785 0.000000 3280.174561 0.000000 0.859991 0.000000 -0.510309 1.000000 1.000000 1.000000
2190.478027 0.000000 3281.986816 0.000000 0.838464 0.000000 -0.544957 1.000000 1.000000 1.000000
2196.607910 0.000000 3267.892090 0.000000 0.964005 0.000000 -0.265883 1.000000 1.000000 1.000000
2202.611328 0.000000 3289.414795 0.000000 0.967550 0.000000 -0.252679 1.000000 1.000000 1.000000
2217.061035 0.000000 3274.104492 0.000000 0.917179 0.000000 -0.398477 1.000000 1.000000 1.000000
2205.552490 0.000000 3256.944092 0.000000 0.970852 0.000000 -0.239680 1.000000 1.000000 1.000000
2194.018066 0.000000 3286.273926 0.000000 0.959685 0.000000 -0.281079 1.000000 1.000000 1.000000
2260.698975 0.000000 3275.046875 0.000000 0.751732 0.000000 -0.659469 1.000000 1.000000 1.000000
2277.923584 0.000000 3290.057617 0.000000 0.869545 0.000000 -0.493854 1.000000 1.000000 1.000000
2223.942139 0.000000 3258.105469 0.000000 0.921410 0.000000 -0.388591 1.000000 1.000000 1.000000
2246.363037 0.000000 3284.979736 0.000000 0.997829 0.000000 -0.065863 1.000000 1.000000 1.000000
2213.989990 0.000000 3271.127197 0.000000 0.865891 0.000000 -0.500233 1.000000 1.000000 1.000000
2231.014648 0.000000 3267.151123 0.000000 0.953030 0.000000 -0.302874 1.000000 1.000000 1.000000
2208.071533 0.000000 3300.269775 0.000000 0.904857 0.000000 -0.425715 1.000000 1.000000 1.000000
2223.573486 0.000000 3322.651367 0.000000 0.983251 0.000000 -0.182256 1.000000 1.000000 1.000000
2225.738525 0.000000 3262.134033 0.000000 0.629098 0.000000 -0.777326 1.000000 1.000000 1.000000
2201.618408 0.000000 3323.121826 0.000000 0.928668 0.000000 -0.370913 1.000000 1.000000 1.000000
2206.953613 0.000000 3265.118652 0.000000 0.886646 0.000000 -0.462448 1.000000 1.000000 1.000000
2189.846680 0.000000 3271.101807 0.000000 0.816422 0.000000 -0.577455 1.000000 1.000000 1.000000
2216.105957 0.000000 3277.478516 0.000000 0.862863 0.000000 -0.505438 1.000000 1.000000 1.000000
2202.920410 0.000000 3254.611084 0.000000 0.985942 0.000000 -0.167087 1.000000 1.000000 1.000000
2227.380371 0.000000 3256.017578 0.000000 0.729666 0.000000 -0.683804 1.000000 1.000000 1.000000
2258.295898 0.000000 3276.877930 0.000000 0.999998 0.000000 -0.001938 1.000000 1.000000 1.000000
2228.552246 0.000000 3277.979492 0.000000 0.609964 0.000000 -0.792429 1.000000 1.000000 1.000000
2205.354004 0.000000 3284.397217 0.000000 0.702718 0.000000 -0.711469 1.000000 1.000000 1.000000
2287.514893 0.000000 3329.225098 0.000000 0.798374 0.000000 -0.602162 1.000000 1.000000 1.000000
2299.277344 0.000000 3249.854248 0.000000 0.939848 0.000000 -0.341593 1.000000 1.000000 1.000000
2287.855713 0.000000 3291.235596 0.000000 0.794667 0.000000 -0.607046 1.000000 1.000000 1.000000
2285.260254 0.000000 3286.273926 0.000000 0.878481 0.000000 -0.477777 1.000000 1.000000 1.000000
2352.108643 0.000000 3256.954102 0.000000 0.716890 0.000000 -0.697186 1.000000 1.000000 1.000000
2285.832520 0.000000 3317.882568 0.000000 0.765868 0.000000 -0.642998 1.000000 1.000000 1.000000
2224.910400 0.000000 3399.424072 0.000000 0.910925 0.000000 -0.412573 1.000000 1.000000 1.000000
2269.007324 0.000000 3338.567871 0.000000 0.924765 0.000000 -0.380538 1.000000 1.000000 1.000000
2199.421631 0.000000 3345.077393 0.000000 0.938545 0.000000 -0.345157 1.000000 1.000000 1.000000
2277.369385 0.000000 3341.373779 0.000000 0.917265 0.000000 -0.398278 1.000000 1.000000 1.000000
2243.131104 0.000000 3367.665283 0.000000 0.824012 0.000000 -0.566573 1.000000 1.000000 1.000000
2221.947998 0.000000 3381.421631 0.000000 0.670787 0.000000 -0.741650 1.000000 1.000000 1.000000
2278.590088 0.000000 3362.014648 0.000000 0.989297 0.000000 -0.145915 1.000000 1.000000 1.000000
2254.088379 0.000000 3362.598877 0.000000 0.621841 0.000000 -0.783143 1.000000 1.000000 1.000000
2196.859619 0.000000 3362.661377 0.000000 0.701164 0.000000 -0.713000 1.000000 1.000000 1.000000
2274.169434 0.000000 3360.383789 0.000000 0.778381 0.000000 -0.627792 1.000000 1.000000 1.000000
2272.557373 0.000000 3341.689941 0.000000 0.944364 0.000000 -0.328901 1.000000 1.000000 1.000000
2250.997070 0.000000 3367.347412 0.000000 0.768617 0.000000 -0.639709 1.000000 1.000000 1.000000
2214.148438 0.000000 3406.949219 0.000000 0.735483 0.000000 -0.677543 1.000000 1.000000 1.000000
2200.894775 0.000000 3390.377197 0.000000 0.967591 0.000000 -0.252522 1.000000 1.000000 1.000000
2247.235352 0.000000 3367.986572 0.000000 0.986682 0.000000 -0.162664 1.000000 1.000000 1.000000
2223.584473 0.000000 3377.918701 0.000000 0.849016 0.000000 -0.528367 1.000000 1.000000 1.000000
2256.797852 0.000000 3377.073730 0.000000 0.709215 0.000000 -0.704992 1.000000 1.000000 1.000000
2257.636230 0.000000 3363.383301 0.000000 0.828039 0.000000 -0.560671 1.000000 1.000000 1.000000
2267.932129 0.000000 3341.959717 0.000000 0.736386 0.000000 -0.676562 1.000000 1.000000 1.000000
2205.140869 0.000000 3369.089600 0.000000 0.897851 0.000000 -0.440300 1.000000 1.000000 1.000000
2256.215820 0.000000 3360.561035 0.000000 0.952176 0.000000 -0.305549 1.000000 1.000000 1.000000
2223.760986 0.000000 3375.096680 0.000000 0.761677 0.000000 -0.647957 1.000000 1.000000 1.000000
2283.385254 0.000000 3351.299561 0.000000 0.908921 0.000000 -0.416967 1.000000 1.000000 1.000000
2528.536377 0.000000 3321.764648 0.000000 0.598838 0.000000 -0.800870 1.000000 1.000000 1.000000
2521.931396 0.000000 3325.269043 0.000000 0.983971 0.000000 -0.178327 1.000000 1.000000 1.000000
2518.266602 0.000000 3325.837158 0.000000 0.931717 0.000000 -0.363185 1.000000 1.000000 1.000000
2397.109131 0.000000 3403.026855 0.000000 0.608554 0.000000 -0.793512 1.000000 1.000000 1.000000
2401.645508 0.000000 3399.135498 0.000000 0.828900 0.000000 -0.559397 1.000000 1.000000 1.000000
2396.434082 0.000000 3397.783936 0.000000 0.825341 0.000000 -0.564634 1.000000 1.000000 1.000000
2381.206299 0.000000 3415.491211 0.000000 0.998676 0.000000 -0.051437 1.000000 1.000000 1.000000
2420.686768 0.000000 3390.715820 0.000000 0.630007 0.000000 -0.776590 1.000000 1.000000 1.000000
2394.790527 0.000000 3415.923096 0.000000 0.994451 0.000000 -0.105203 1.000000 1.000000 1.000000
2448.254883 0.000000 3375.034424 0.000000 0.994259 0.000000 -0.106997 1.000000 1.000000 1.000000
2449.477295 0.000000 3377.240234 0.000000 0.908851 0.000000 -0.417122 1.000000 1.000000 1.000000
2407.071289 0.000000 3393.441406 0.000000 0.638303 0.000000 -0.769785 1.000000 1.000000 1.000000
2407.695801 0.000000 3395.085938 0.000000 0.951333 0.000000 -0.308166 1.000000 1.000000 1.000000
2422.263428 0.000000 3391.055176 0.000000 0.848959 0.000000 -0.528458 1.000000 1.000000 1.000000
2446.451172 0.000000 3374.892090 0.000000 0.992839 0.000000 -0.119459 1.000000 1.000000 1.000000
2448.353516 0.000000 3376.410156 0.000000 0.651456 0.000000 -0.758686 1.000000 1.000000 1.000000
2449.197266 0.000000 3375.776611 0.000000 0.900534 0.000000 -0.434785 1.000000 1.000000 1.000000
2486.693359 0.000000 3347.540527 0.000000 0.759302 0.000000 -0.650738 1.000000 1.000000 1.000000
2465.008301 0.000000 3407.906738 0.000000 0.830615 0.000000 -0.556847 1.000000 1.000000 1.000000
2521.873047 0.000000 3364.241699 0.000000 0.738340 0.000000 -0.674429 1.000000 1.000000 1.000000
2491.773926 0.000000 3385.629883 0.000000 0.997078 0.000000 -0.076395 1.000000 1.000000 1.000000
2523.010498 0.000000 3371.606201 0.000000 0.807531 0.000000 -0.589825 1.000000 1.000000 1.000000
2524.341309 0.000000 3404.736084 0.000000 0.980674 0.000000 -0.195649 1.000000 1.000000 1.000000
2486.585693 0.000000 3350.969482 0.000000 0.976264 0.000000 -0.216585 1.000000 1.000000 1.000000
2525.594482 0.000000 3402.408691 0.000000 0.755398 0.000000 -0.655266 1.000000 1.000000 1.000000
2484.889893 0.000000 3352.032227 0.000000 0.920954 0.000000 -0.389670 1.000000 1.000000 1.000000
2504.456055 0.000000 3340.864502 0.000000 0.989417 0.000000 -0.145099 1.000000 1.000000 1.000000
2505.200195 0.000000 3343.369385 0.000000 0.820758 0.000000 -0.571276 1.000000 1.000000 1.000000
2195.633301 0.000000 3443.816895 0.000000 0.967855 0.000000 -0.251510 1.000000 1.000000 1.000000
2604.992432 0.000000 3286.593506 0.000000 0.984516 0.000000 -0.175294 1.000000 1.000000 1.000000
2599.516357 0.000000 3278.693604 0.000000 0.986934 0.000000 -0.161125 1.000000 1.000000 1.000000
2608.363525 0.000000 3286.468750 0.000000 0.987076 0.000000 -0.160253 1.000000 1.000000 1.000000
2624.154297 0.000000 3241.559814 0.000000 0.725277 0.000000 -0.688458 1.000000 1.000000 1.000000
2631.056641 0.000000 3253.707031 0.000000 0.895378 0.000000 -0.445307 1.000000 1.000000 1.000000
2715.216064 0.000000 3269.935059 0.000000 0.999924 0.000000 -0.012294 1.000000 1.000000 1.000000
2699.042725 0.000000 3294.603760 0.000000 0.977334 0.000000 -0.211701 1.000000 1.000000 1.000000
2714.910156 0.000000 3310.534668 0.000000 0.791598 0.000000 -0.611042 1.000000 1.000000 1.000000
2734.355713 0.000000 3326.563477 0.000000 0.932767 0.000000 -0.360480 1.000000 1.000000 1.000000
2694.595459 0.000000 3294.305420 0.000000 0.700453 0.000000 -0.713699 1.000000 1.000000 1.000000
2699.605713 0.000000 3286.468750 0.000000 0.910989 0.000000 -0.412430 1.000000 1.000000 1.000000
2717.072754 0.000000 3310.579346 0.000000 0.972704 0.000000 -0.232048 1.000000 1.000000 1.000000
2594.488770 0.000000 3352.798096 0.000000 0.628795 0.000000 -0.777571 1.000000 1.000000 1.000000
2627.891602 0.000000 3352.336182 0.000000 0.985032 0.000000 -0.172371 1.000000 1.000000 1.000000
2640.478271 0.000000 3351.742432 0.000000 0.994465 0.000000 -0.105065 1.000000 1.000000 1.000000
2642.102295 0.000000 3349.191650 0.000000 0.820247 0.000000 -0.572009 1.000000 1.000000 1.000000
2621.184570 0.000000 3360.561035 0.000000 0.773401 0.000000 -0.633917 1.000000 1.000000 1.000000
2612.016113 0.000000 3372.663574 0.000000 0.727080 0.000000 -0.686553 1.000000 1.000000 1.000000
2596.331543 0.000000 3358.834961 0.000000 0.655027 0.000000 -0.755606 1.000000 1.000000 1.000000
2648.354004 0.000000 3351.299561 0.000000 0.977334 0.000000 -0.211702 1.000000 1.000000 1.000000
2653.070557 0.000000 3362.661377 0.000000 0.849008 0.000000 -0.528379 1.000000 1.000000 1.000000
2716.868164 0.000000 3333.966797 0.000000 0.978649 0.000000 -0.205538 1.000000 1.000000 1.000000
2652.565186 0.000000 3350.741943 0.000000 0.952991 0.000000 -0.302998 1.000000 1.000000 1.000000
2743.725830 0.000000 3329.225098 0.000000 0.689381 0.000000 -0.724399 1.000000 1.000000 1.000000
2757.293945 0.000000 3317.726318 0.000000 0.882247 0.000000 -0.470786 1.000000 1.000000 1.000000
2761.109375 0.000000 3285.310547 0.000000 0.927556 0.000000 -0.373685 1.000000 1.000000 1.000000
2757.526611 0.000000 3313.150146 0.000000 0.940835 0.000000 -0.338866 1.000000 1.000000 1.000000
2753.740723 0.000000 3272.581543 0.000000 0.862846 0.000000 -0.505468 1.000000 1.000000 1.000000
2750.371582 0.000000 3305.013916 0.000000 0.999074 0.000000 -0.043032 1.000000 1.000000 1.000000
2747.450928 0.000000 3303.516846 0.000000 0.948700 0.000000 -0.316176 1.000000 1.000000 1.000000
2755.048096 0.000000 3311.755127 0.000000 0.998466 0.000000 -0.055366 1.000000 1.000000 1.000000
2762.197754 0.000000 3273.735596 0.000000 0.913030 0.000000 -0.407893 1.000000 1.000000 1.000000
2748.471436 0.000000 3305.184570 0.000000 0.748799 0.000000 -0.662797 1.000000 1.000000 1.000000
2756.297852 0.000000 3308.355469 0.000000 0.924903 0.000000 -0.380204 1.000000 1.000000 1.000000
2751.142822 0.000000 3306.537354 0.000000 0.853014 0.000000 -0.521889 1.000000 1.000000 1.000000
2745.284180 0.000000 3276.790039 0.000000 0.835692 0.000000 -0.549198 1.000000 1.000000 1.000000
2763.518799 0.000000 3273.463867 0.000000 0.705031 0.000000 -0.709176 1.000000 1.000000 1.000000
2871.196289 0.000000 3241.949463 0.000000 0.932196 0.000000 -0.361953 1.000000 1.000000 1.000000
2918.600586 0.000000 3282.974854 0.000000 0.799909 0.000000 -0.600122 1.000000 1.000000 1.000000
2876.529541 0.000000 3243.241211 0.000000 0.998090 0.000000 -0.061778 1.000000 1.000000 1.000000
2918.699463 0.000000 3297.850830 0.000000 0.650595 0.000000 -0.759425 1.000000 1.000000 1.000000
2877.850830 0.000000 3241.217285 0.000000 0.963571 0.000000 -0.267453 1.000000 1.000000 1.000000
2878.111572 0.000000 3243.657471 0.000000 0.951793 0.000000 -0.306741 1.000000 1.000000 1.000000
2916.572754 0.000000 3281.358887 0.000000 0.949743 0.000000 -0.313031 1.000000 1.000000 1.000000
2919.554932 0.000000 3296.645996 0.000000 0.816301 0.000000 -0.577627 1.000000 1.000000 1.000000
1831.999023 0.000000 3640.772217 0.000000 0.777477 0.000000 -0.628911 1.000000 1.000000 1.000000
3083.393555 0.000000 2956.084961 0.000000 0.961208 0.000000 -0.275824 1.000000 1.000000 1.000000
3059.837891 0.000000 2912.989502 0.000000 0.807714 0.000000 -0.589575 1.000000 1.000000 1.000000
3089.040039 0.000000 2959.521240 0.000000 0.977441 0.000000 -0.211209 1.000000 1.000000 1.000000
3099.103271 0.000000 2930.120117 0.000000 0.591762 0.000000 -0.806113 1.000000 1.000000 1.000000
3084.984863 0.000000 2951.375000 0.000000 0.637552 0.000000 -0.770408 1.000000 1.000000 1.000000
3085.133789 0.000000 2963.781006 0.000000 0.971541 0.000000 -0.236872 1.000000 1.000000 1.000000
3089.878418 0.000000 2932.276855 0.000000 0.979855 0.000000 -0.199710 1.000000 1.000000 1.000000
3082.062256 0.000000 2904.226074 0.000000 0.706055 0.000000 -0.708157 1.000000 1.000000 1.000000
3091.275146 0.000000 2960.830322 0.000000 0.856029 0.000000 -0.516928 1.000000 1.000000 1.000000
3086.967041 0.000000 2949.900635 0.000000 0.900621 0.000000 -0.434605 1.000000 1.000000 1.000000
3001.637695 0.000000 3021.891357 0.000000 0.676974 0.000000 -0.736007 1.000000 1.000000 1.000000
2994.276123 0.000000 3012.035156 0.000000 0.766571 0.000000 -0.642160 1.000000 1.000000 1.000000
3049.827393 0.000000 3026.253418 0.000000 0.937443 0.000000 -0.348139 1.000000 1.000000 1.000000
3044.627930 0.000000 3002.171143 0.000000 0.844741 0.000000 -0.535175 1.000000 1.000000 1.000000
3021.285400 0.000000 3026.688721 0.000000 0.999528 0.000000 -0.030718 1.000000 1.000000 1.000000
3057.765625 0.000000 3055.795166 0.000000 0.683301 0.000000 -0.730137 1.000000 1.000000 1.000000
3061.626953 0.000000 2996.531982 0.000000 0.972744 0.000000 -0.231882 1.000000 1.000000 1.000000
3067.804932 0.000000 3046.000244 0.000000 0.793946 0.000000 -0.607988 1.000000 1.000000 1.000000
3041.134521 0.000000 2972.598145 0.000000 0.999730 0.000000 -0.023216 1.000000 1.000000 1.000000
3066.897705 0.000000 2971.627686 0.000000 0.956074 0.000000 -0.293124 1.000000 1.000000 1.000000
3088.967285 0.000000 3038.175293 0.000000 0.622047 0.000000 -0.782980 1.000000 1.000000 1.000000
3030.936279 0.000000 3008.621582 0.000000 0.991194 0.000000 -0.132414 1.000000 1.000000 1.000000
3048.370605 0.000000 3000.106445 0.000000 0.889640 0.000000 -0.456662 1.000000 1.000000 1.000000
3022.074463 0.000000 3030.439697 0.000000 0.813848 0.000000 -0.581078 1.000000 1.000000 1.000000
3082.751709 0.000000 3038.612305 0.000000 0.996193 0.000000 -0.087178 1.000000 1.000000 1.000000
3064.688965 0.000000 2996.797607 0.000000 0.935549 0.000000 -0.353197 1.000000 1.000000 1.000000
3097.975830 0.000000 2974.916992 0.000000 0.998972 0.000000 -0.045329 1.000000 1.000000 1.000000
3049.873779 0.000000 3002.109131 0.000000 0.993401 0.000000 -0.114691 1.000000 1.000000 1.000000
3053.925293 0.000000 3056.856445 0.000000 0.926934 0.000000 -0.375225 1.000000 1.000000 1.000000
3068.541748 0.000000 3047.926270 0.000000 0.677469 0.000000 -0.735551 1.000000 1.000000 1.000000
3041.723877 0.000000 2974.531738 0.000000 0.946998 0.000000 -0.321239 1.000000 1.000000 1.000000
3051.884277 0.000000 3026.810547 0.000000 0.995483 0.000000 -0.094937 1.000000 1.000000 1.000000
3063.139648 0.000000 2997.542725 0.000000 0.999998 0.000000 -0.001770 1.000000 1.000000 1.000000
3048.889404 0.000000 3003.446533 0.000000 0.978936 0.000000 -0.204167 1.000000 1.000000 1.000000
3057.605225 0.000000 3033.178955 0.000000 0.885315 0.000000 -0.464991 1.000000 1.000000 1.000000
3023.083008 0.000000 3029.590332 0.000000 0.952660 0.000000 -0.304037 1.000000 1.000000 1.000000
3123.810303 0.000000 2943.136475 0.000000 0.961442 0.000000 -0.275009 1.000000 1.000000 1.000000
3122.313477 0.000000 2928.912598 0.000000 0.992642 0.000000 -0.121088 1.000000 1.000000 1.000000
3181.429199 0.000000 2888.645996 0.000000 0.991057 0.000000 -0.133437 1.000000 1.000000 1.000000
3130.469238 0.000000 2935.708008 0.000000 0.959179 0.000000 -0.282801 1.000000 1.000000 1.000000
3102.297119 0.000000 2965.608398 0.000000 0.967874 0.000000 -0.251437 1.000000 1.000000 1.000000
3176.972656 0.000000 2928.366699 0.000000 0.680149 0.000000 -0.733074 1.000000 1.000000 1.000000
3144.151367 0.000000 2968.795898 0.000000 0.620060 0.000000 -0.784554 1.000000 1.000000 1.000000
3117.601318 0.000000 2961.079590 0.000000 0.797128 0.000000 -0.603810 1.000000 1.000000 1.000000
3148.140869 0.000000 2908.674561 0.000000 0.799903 0.000000 -0.600129 1.000000 1.000000 1.000000
3181.472412 0.000000 2928.847656 0.000000 0.694362 0.000000 -0.719626 1.000000 1.000000 1.000000
3105.604980 0.000000 2910.081787 0.000000 0.729270 0.000000 -0.684226 1.000000 1.000000 1.000000
3114.078613 0.000000 2959.408447 0.000000 0.997954 0.000000 -0.063939 1.000000 1.000000 1.000000
3147.382080 0.000000 2962.216064 0.000000 0.744208 0.000000 -0.667948 1.000000 1.000000 1.000000
3160.266357 0.000000 2927.711670 0.000000 0.929943 0.000000 -0.367704 1.000000 1.000000 1.000000
3150.832031 0.000000 2968.487061 0.000000 0.976683 0.000000 -0.214689 1.000000 1.000000 1.000000
3116.479980 0.000000 2906.513672 0.000000 0.833524 0.000000 -0.552484 1.000000 1.000000 1.000000
3128.806641 0.000000 2955.142334 0.000000 0.644505 0.000000 -0.764600 1.000000 1.000000 1.000000
3125.403320 0.000000 2941.027832 0.000000 0.866993 0.000000 -0.498321 1.000000 1.000000 1.000000
3137.715576 0.000000 2921.531982 0.000000 0.713942 0.000000 -0.700205 1.000000 1.000000 1.000000
3165.083984 0.000000 2926.784180 0.000000 0.877381 0.000000 -0.479795 1.000000 1.000000 1.000000
3182.645020 0.000000 2926.588867 0.000000 0.779485 0.000000 -0.626421 1.000000 1.000000 1.000000
3146.715820 0.000000 2940.049316 0.000000 0.661364 0.000000 -0.750066 1.000000 1.000000 1.000000
3124.601807 0.000000 2936.057129 0.000000 0.655108 0.000000 -0.755535 1.000000 1.000000 1.000000
3145.020996 0.000000 2962.295654 0.000000 0.807066 0.000000 -0.590461 1.000000 1.000000 1.000000
3115.414795 0.000000 2961.502686 0.000000 0.648411 0.000000 -0.761290 1.000000 1.000000 1.000000
3176.785889 0.000000 2895.405762 0.000000 0.745129 0.000000 -0.666920 1.000000 1.000000 1.000000
3181.334961 0.000000 2890.425537 0.000000 0.999960 0.000000 -0.008912 1.000000 1.000000 1.000000
3178.291016 0.000000 2926.488281 0.000000 0.933793 0.000000 -0.357813 1.000000 1.000000 1.000000
3247.961182 0.000000 2887.962891 0.000000 0.945246 0.000000 -0.326360 1.000000 1.000000 1.000000
3194.142090 0.000000 2922.049316 0.000000 0.995042 0.000000 -0.099457 1.000000 1.000000 1.000000
3220.725098 0.000000 2914.166992 0.000000 0.651640 0.000000 -0.758529 1.000000 1.000000 1.000000
3262.363281 0.000000 2950.597168 0.000000 0.959640 0.000000 -0.281232 1.000000 1.000000 1.000000
3228.409180 0.000000 2941.056152 0.000000 0.917319 0.000000 -0.398152 1.000000 1.000000 1.000000
3248.575439 0.000000 2929.171875 0.000000 0.958187 0.000000 -0.286142 1.000000 1.000000 1.000000
3225.612061 0.000000 2931.499756 0.000000 0.999683 0.000000 -0.025165 1.000000 1.000000 1.000000
3209.880371 0.000000 2916.365967 0.000000 0.712154 0.000000 -0.702024 1.000000 1.000000 1.000000
3267.469238 0.000000 2951.375000 0.000000 0.910570 0.000000 -0.413356 1.000000 1.000000 1.000000
3237.951904 0.000000 2955.938721 0.000000 0.932880 0.000000 -0.360188 1.000000 1.000000 1.000000
3220.396973 0.000000 2879.560547 0.000000 0.943816 0.000000 -0.330471 1.000000 1.000000 1.000000
3213.420654 0.000000 2918.637207 0.000000 0.863828 0.000000 -0.503787 1.000000 1.000000 1.000000
3238.614990 0.000000 2884.804932 0.000000 0.922683 0.000000 -0.385559 1.000000 1.000000 1.000000
3203.684814 0.000000 2910.839355 0.000000 0.671378 0.000000 -0.741115 1.000000 1.000000 1.000000
3226.091797 0.000000 2921.763184 0.000000 0.988746 0.000000 -0.149602 1.000000 1.000000 1.000000
3237.675537 0.000000 2926.042969 0.000000 0.878258 0.000000 -0.478188 1.000000 1.000000 1.000000
3229.705811 0.000000 2937.953857 0.000000 0.950561 0.000000 -0.310537 1.000000 1.000000 1.000000
3246.690918 0.000000 2931.627686 0.000000 0.812111 0.000000 -0.583503 1.000000 1.000000 1.000000
3235.504150 0.000000 2928.013672 0.000000 0.922737 0.000000 -0.385429 1.000000 1.000000 1.000000
3220.048828 0.000000 2955.142334 0.000000 0.898442 0.000000 -0.439092 1.000000 1.000000 1.000000
3215.012207 0.000000 2926.716797 0.000000 0.842082 0.000000 -0.539349 1.000000 1.000000 1.000000
3235.044189 0.000000 2889.435303 0.000000 0.841078 0.000000 -0.540914 1.000000 1.000000 1.000000
3278.244629 0.000000 2958.330566 0.000000 0.628936 0.000000 -0.777457 1.000000 1.000000 1.000000
3248.610107 0.000000 2879.574463 0.000000 0.638021 0.000000 -0.770019 1.000000 1.000000 1.000000
3211.055664 0.000000 2914.463623 0.000000 0.982785 0.000000 -0.184755 1.000000 1.000000 1.000000
3264.525879 0.000000 2950.641846 0.000000 0.995501 0.000000 -0.094753 1.000000 1.000000 1.000000
3246.406982 0.000000 2889.069580 0.000000 0.715430 0.000000 -0.698684 1.000000 1.000000 1.000000
3224.134766 0.000000 2930.415283 0.000000 0.996855 0.000000 -0.079243 1.000000 1.000000 1.000000
3256.271240 0.000000 2965.718506 0.000000 0.944794 0.000000 -0.327666 1.000000 1.000000 1.000000
3272.297363 0.000000 2921.913818 0.000000 0.998266 0.000000 -0.058867 1.000000 1.000000 1.000000
3282.368652 0.000000 2960.470947 0.000000 0.992913 0.000000 -0.118842 1.000000 1.000000 1.000000
3217.123535 0.000000 2918.950439 0.000000 0.648627 0.000000 -0.761106 1.000000 1.000000 1.000000
3257.743652 0.000000 2917.266113 0.000000 0.825457 0.000000 -0.564466 1.000000 1.000000 1.000000
3110.968018 0.000000 3013.115967 0.000000 0.992877 0.000000 -0.119145 1.000000 1.000000 1.000000
3149.385986 0.000000 2970.222900 0.000000 0.942559 0.000000 -0.334038 1.000000 1.000000 1.000000
3134.386230 0.000000 2992.474609 0.000000 0.947657 0.000000 -0.319290 1.000000 1.000000 1.000000
3152.598633 0.000000 3044.167725 0.000000 0.859552 0.000000 -0.511049 1.000000 1.000000 1.000000
3126.326660 0.000000 3010.221436 0.000000 0.988904 0.000000 -0.148553 1.000000 1.000000 1.000000
3165.522705 0.000000 3048.100830 0.000000 0.743173 0.000000 -0.669100 1.000000 1.000000 1.000000
3157.980225 0.000000 2999.104736 0.000000 0.720210 0.000000 -0.693756 1.000000 1.000000 1.000000
3153.174072 0.000000 2982.124756 0.000000 0.589601 0.000000 -0.807695 1.000000 1.000000 1.000000
3134.235352 0.000000 2979.810303 0.000000 0.778206 0.000000 -0.628009 1.000000 1.000000 1.000000
3150.933594 0.000000 2985.265137 0.000000 0.952344 0.000000 -0.305027 1.000000 1.000000 1.000000
3148.953369 0.000000 3043.253418 0.000000 0.782743 0.000000 -0.622345 1.000000 1.000000 1.000000
3102.534912 0.000000 2994.193115 0.000000 0.985571 0.000000 -0.169261 1.000000 1.000000 1.000000
3122.968018 0.000000 2979.323730 0.000000 0.986892 0.000000 -0.161383 1.000000 1.000000 1.000000
3124.626709 0.000000 3008.405029 0.000000 0.971140 0.000000 -0.238510 1.000000 1.000000 1.000000
3104.574463 0.000000 3043.405518 0.000000 0.803612 0.000000 -0.595154 1.000000 1.000000 1.000000
3115.993896 0.000000 3013.189697 0.000000 0.973699 0.000000 -0.227837 1.000000 1.000000 1.000000
3107.771973 0.000000 3042.017090 0.000000 0.943053 0.000000 -0.332642 1.000000 1.000000 1.000000
3196.396973 0.000000 3027.865479 0.000000 0.795655 0.000000 -0.605749 1.000000 1.000000 1.000000
3256.763184 0.000000 3023.175781 0.000000 0.687820 0.000000 -0.725881 1.000000 1.000000 1.000000
3267.740723 0.000000 3028.076660 0.000000 0.905788 0.000000 -0.423732 1.000000 1.000000 1.000000
3233.048828 0.000000 3052.853516 0.000000 0.627265 0.000000 -0.778806 1.000000 1.000000 1.000000
3218.499512 0.000000 3017.661133 0.000000 0.848682 0.000000 -0.528904 1.000000 1.000000 1.000000
3248.008789 0.000000 3013.671875 0.000000 0.874092 0.000000 -0.485761 1.000000 1.000000 1.000000
3246.660400 0.000000 3010.176514 0.000000 0.961493 0.000000 -0.274831 1.000000 1.000000 1.000000
3240.522705 0.000000 3053.548584 0.000000 0.973824 0.000000 -0.227303 1.000000 1.000000 1.000000
3266.217041 0.000000 3029.863770 0.000000 0.597249 0.000000 -0.802056 1.000000 1.000000 1.000000
3251.418457 0.000000 3027.309814 0.000000 0.925485 0.000000 -0.378784 1.000000 1.000000 1.000000
3234.829834 0.000000 3053.302734 0.000000 0.862953 0.000000 -0.505285 1.000000 1.000000 1.000000
3218.302002 0.000000 3019.207520 0.000000 0.806073 0.000000 -0.591816 1.000000 1.000000 1.000000
3009.612305 0.000000 3064.062988 0.000000 0.719720 0.000000 -0.694265 1.000000 1.000000 1.000000
2949.206299 0.000000 3123.483643 0.000000 0.976952 0.000000 -0.213457 1.000000 1.000000 1.000000
3007.861084 0.000000 3110.088867 0.000000 0.906292 0.000000 -0.422653 1.000000 1.000000 1.000000
2953.122559 0.000000 3116.279541 0.000000 0.731872 0.000000 -0.681443 1.000000 1.000000 1.000000
2979.039795 0.000000 3139.249268 0.000000 0.849967 0.000000 -0.526836 1.000000 1.000000 1.000000
3004.436768 0.000000 3110.096436 0.000000 0.961385 0.000000 -0.275206 1.000000 1.000000 1.000000
3003.315186 0.000000 3093.347168 0.000000 0.900277 0.000000 -0.435316 1.000000 1.000000 1.000000
3006.733643 0.000000 3064.901367 0.000000 0.987243 0.000000 -0.159219 1.000000 1.000000 1.000000
2953.192627 0.000000 3118.839600 0.000000 0.999766 0.000000 -0.021651 1.000000 1.000000 1.000000
2987.732422 0.000000 3136.634033 0.000000 0.683444 0.000000 -0.730003 1.000000 1.000000 1.000000
3010.613525 0.000000 3075.553955 0.000000 0.638980 0.000000 -0.769223 1.000000 1.000000 1.000000
3004.990234 0.000000 3064.218262 0.000000 0.830701 0.000000 -0.556718 1.000000 1.000000 1.000000
3009.273193 0.000000 3101.406250 0.000000 0.874059 0.000000 -0.485819 1.000000 1.000000 1.000000
3003.486816 0.000000 3095.054688 0.000000 0.734288 0.000000 -0.678838 1.000000 1.000000 1.000000
3006.625488 0.000000 3110.583496 0.000000 0.715488 0.000000 -0.698625 1.000000 1.000000 1.000000
2986.463623 0.000000 3139.492920 0.000000 0.996040 0.000000 -0.088903 1.000000 1.000000 1.000000
3047.719482 0.000000 3060.416260 0.000000 0.812412 0.000000 -0.583083 1.000000 1.000000 1.000000
3055.009766 0.000000 3083.978271 0.000000 0.997026 0.000000 -0.077071 1.000000 1.000000 1.000000
3017.452393 0.000000 3149.256348 0.000000 0.917486 0.000000 -0.397769 1.000000 1.000000 1.000000
3063.058594 0.000000 3103.694824 0.000000 0.947441 0.000000 -0.319932 1.000000 1.000000 1.000000
3031.071289 0.000000 3108.881348 0.000000 0.708232 0.000000 -0.705980 1.000000 1.000000 1.000000
3012.461426 0.000000 3137.953613 0.000000 0.978213 0.000000 -0.207606 1.000000 1.000000 1.000000
3075.492676 0.000000 3146.199951 0.000000 0.998369 0.000000 -0.057089 1.000000 1.000000 1.000000
3090.029785 0.000000 3087.551758 0.000000 0.623634 0.000000 -0.781717 1.000000 1.000000 1.000000
3082.513428 0.000000 3068.204590 0.000000 0.921861 0.000000 -0.387521 1.000000 1.000000 1.000000
3052.486084 0.000000 3091.197998 0.000000 0.960187 0.000000 -0.279359 1.000000 1.000000 1.000000
3059.039307 0.000000 3139.786133 0.000000 0.664953 0.000000 -0.746885 1.000000 1.000000 1.000000
3015.365967 0.000000 3065.132568 0.000000 0.771342 0.000000 -0.636422 1.000000 1.000000 1.000000
3014.674561 0.000000 3075.350342 0.000000 0.984855 0.000000 -0.173381 1.000000 1.000000 1.000000
3017.752686 0.000000 3097.700439 0.000000 0.991169 0.000000 -0.132608 1.000000 1.000000 1.000000
3037.423828 0.000000 3081.980469 0.000000 0.722545 0.000000 -0.691324 1.000000 1.000000 1.000000
3040.445068 0.000000 3099.010986 0.000000 0.999480 0.000000 -0.032244 1.000000 1.000000 1.000000
3021.552246 0.000000 3132.115967 0.000000 0.710903 0.000000 -0.703290 1.000000 1.000000 1.000000
3063.734131 0.000000 3138.059570 0.000000 0.984761 0.000000 -0.173911 1.000000 1.000000 1.000000
3086.237305 0.000000 3070.014404 0.000000 0.920115 0.000000 -0.391648 1.000000 1.000000 1.000000
3028.793945 0.000000 3124.550781 0.000000 0.942834 0.000000 -0.333262 1.000000 1.000000 1.000000
3066.186523 0.000000 3101.302979 0.000000 0.964053 0.000000 -0.265709 1.000000 1.000000 1.000000
3055.683350 0.000000 3101.856445 0.000000 0.973438 0.000000 -0.228950 1.000000 1.000000 1.000000
3048.560059 0.000000 3076.048828 0.000000 0.902731 0.000000 -0.430205 1.000000 1.000000 1.000000
3017.986572 0.000000 3067.174316 0.000000 0.828984 0.000000 -0.559272 1.000000 1.000000 1.000000
3057.371826 0.000000 3081.827393 0.000000 0.863718 0.000000 -0.503975 1.000000 1.000000 1.000000
3077.512451 0.000000 3147.908691 0.000000 0.823224 0.000000 -0.567717 1.000000 1.000000 1.000000
3028.774658 0.000000 3131.786377 0.000000 0.888529 0.000000 -0.458821 1.000000 1.000000 1.000000
3040.860352 0.000000 3101.608643 0.000000 0.721014 0.000000 -0.692920 1.000000 1.000000 1.000000
3083.863770 0.000000 3071.365967 0.000000 0.745975 0.000000 -0.665974 1.000000 1.000000 1.000000
3023.840088 0.000000 3131.117920 0.000000 0.880148 0.000000 -0.474700 1.000000 1.000000 1.000000
3037.229248 0.000000 3105.016357 0.000000 0.600391 0.000000 -0.799707 1.000000 1.000000 1.000000
3060.940674 0.000000 3138.870117 0.000000 0.989907 0.000000 -0.141718 1.000000 1.000000 1.000000
3012.734863 0.000000 3096.308105 0.000000 0.990067 0.000000 -0.140599 1.000000 1.000000 1.000000
3071.175781 0.000000 3103.148926 0.000000 0.954706 0.000000 -0.297550 1.000000 1.000000 1.000000
3018.479492 0.000000 3148.000732 0.000000 0.892270 0.000000 -0.451503 1.000000 1.000000 1.000000
3052.764893 0.000000 3092.674805 0.000000 0.766843 0.000000 -0.641835 1.000000 1.000000 1.000000
3053.999756 0.000000 3098.938477 0.000000 0.706107 0.000000 -0.708105 1.000000 1.000000 1.000000
3076.093262 0.000000 3147.535645 0.000000 0.945651 0.000000 -0.325184 1.000000 1.000000 1.000000
3061.464111 0.000000 3060.797607 0.000000 0.921454 0.000000 -0.388488 1.000000 1.000000 1.000000
2958.585205 0.000000 3206.222168 0.000000 0.985236 0.000000 -0.171201 1.000000 1.000000 1.000000
3007.256104 0.000000 3208.503418 0.000000 0.731393 0.000000 -0.681957 1.000000 1.000000 1.000000
2962.625977 0.000000 3221.119385 0.000000 0.999129 0.000000 -0.041738 1.000000 1.000000 1.000000
2987.075684 0.000000 3200.712646 0.000000 0.977211 0.000000 -0.212270 1.000000 1.000000 1.000000
2945.474365 0.000000 3210.056641 0.000000 0.677317 0.000000 -0.735692 1.000000 1.000000 1.000000
2941.482910 0.000000 3208.402832 0.000000 0.788249 0.000000 -0.615357 1.000000 1.000000 1.000000
2998.941650 0.000000 3186.108887 0.000000 0.998548 0.000000 -0.053863 1.000000 1.000000 1.000000
2990.425293 0.000000 3201.685059 0.000000 0.837494 0.000000 -0.546447 1.000000 1.000000 1.000000
3009.842773 0.000000 3192.990479 0.000000 0.899068 0.000000 -0.437810 1.000000 1.000000 1.000000
2992.538086 0.000000 3195.677002 0.000000 0.903749 0.000000 -0.428062 1.000000 1.000000 1.000000
3006.552246 0.000000 3192.118164 0.000000 0.981285 0.000000 -0.192562 1.000000 1.000000 1.000000
2942.918945 0.000000 3210.980957 0.000000 0.902823 0.000000 -0.430012 1.000000 1.000000 1.000000
2959.453613 0.000000 3208.508545 0.000000 0.999620 0.000000 -0.027563 1.000000 1.000000 1.000000
2991.373291 0.000000 3199.846680 0.000000 0.947001 0.000000 -0.321229 1.000000 1.000000 1.000000
3005.857178 0.000000 3209.419922 0.000000 0.726477 0.000000 -0.687191 1.000000 1.000000 1.000000
2993.904297 0.000000 3194.923340 0.000000 0.630883 0.000000 -0.775878 1.000000 1.000000 1.000000
2940.229736 0.000000 3211.979980 0.000000 0.996746 0.000000 -0.080607 1.000000 1.000000 1.000000
2988.545166 0.000000 3200.993408 0.000000 0.953901 0.000000 -0.300122 1.000000 1.000000 1.000000
3024.570801 0.000000 3173.537598 0.000000 0.622905 0.000000 -0.782297 1.000000 1.000000 1.000000
3029.214844 0.000000 3159.869873 0.000000 0.669808 0.000000 -0.742534 1.000000 1.000000 1.000000
3041.134521 0.000000 3152.566895 0.000000 0.914944 0.000000 -0.403581 1.000000 1.000000 1.000000
3019.217529 0.000000 3150.628418 0.000000 0.745750 0.000000 -0.666225 1.000000 1.000000 1.000000
3079.421143 0.000000 3205.143066 0.000000 0.999785 0.000000 -0.020724 1.000000 1.000000 1.000000
3028.133301 0.000000 3175.134277 0.000000 0.950300 0.000000 -0.311335 1.000000 1.000000 1.000000
3015.770020 0.000000 3227.898193 0.000000 0.861412 0.000000 -0.507906 1.000000 1.000000 1.000000
3047.197266 0.000000 3153.210449 0.000000 0.976922 0.000000 -0.213598 1.000000 1.000000 1.000000
3026.983154 0.000000 3173.039307 0.000000 0.960398 0.000000 -0.278633 1.000000 1.000000 1.000000
3012.966309 0.000000 3178.413086 0.000000 0.870067 0.000000 -0.492934 1.000000 1.000000 1.000000
3026.084717 0.000000 3174.747559 0.000000 0.615299 0.000000 -0.788294 1.000000 1.000000 1.000000
3066.860840 0.000000 3156.373535 0.000000 0.878108 0.000000 -0.478463 1.000000 1.000000 1.000000
3024.751709 0.000000 3193.158447 0.000000 0.701717 0.000000 -0.712456 1.000000 1.000000 1.000000
3134.386230 0.000000 3082.458984 0.000000 0.855836 0.000000 -0.517247 1.000000 1.000000 1.000000
3143.829834 0.000000 3066.449463 0.000000 0.841193 0.000000 -0.540736 1.000000 1.000000 1.000000
3143.370605 0.000000 3110.717041 0.000000 0.786192 0.000000 -0.617982 1.000000 1.000000 1.000000
3158.492188 0.000000 3145.655518 0.000000 0.952736 0.000000 -0.303799 1.000000 1.000000 1.000000
3102.534912 0.000000 3084.177490 0.000000 0.622775 0.000000 -0.782401 1.000000 1.000000 1.000000
3124.743408 0.000000 3087.512451 0.000000 0.996867 0.000000 -0.079096 1.000000 1.000000 1.000000
3140.468506 0.000000 3067.243652 0.000000 0.694962 0.000000 -0.719046 1.000000 1.000000 1.000000
3147.613525 0.000000 3131.059082 0.000000 0.988398 0.000000 -0.151886 1.000000 1.000000 1.000000
3139.531006 0.000000 3148.001465 0.000000 0.769160 0.000000 -0.639057 1.000000 1.000000 1.000000
3107.139648 0.000000 3099.222656 0.000000 0.974871 0.000000 -0.222771 1.000000 1.000000 1.000000
3133.682617 0.000000 3084.820312 0.000000 0.962567 0.000000 -0.271045 1.000000 1.000000 1.000000
3122.729248 0.000000 3086.108154 0.000000 0.985010 0.000000 -0.172497 1.000000 1.000000 1.000000
3145.211426 0.000000 3064.768066 0.000000 0.999947 0.000000 -0.010261 1.000000 1.000000 1.000000
3137.657227 0.000000 3090.941162 0.000000 0.968256 0.000000 -0.249961 1.000000 1.000000 1.000000
3158.006104 0.000000 3143.642822 0.000000 0.887474 0.000000 -0.460857 1.000000 1.000000 1.000000
3139.007324 0.000000 3065.492432 0.000000 0.741083 0.000000 -0.671413 1.000000 1.000000 1.000000
3156.545654 0.000000 3138.669434 0.000000 0.898187 0.000000 -0.439614 1.000000 1.000000 1.000000
3228.856689 0.000000 3073.120117 0.000000 0.657012 0.000000 -0.753881 1.000000 1.000000 1.000000
3266.356934 0.000000 3125.344727 0.000000 0.841850 0.000000 -0.539711 1.000000 1.000000 1.000000
3228.114014 0.000000 3136.937012 0.000000 0.872953 0.000000 -0.487804 1.000000 1.000000 1.000000
3223.618896 0.000000 3062.582520 0.000000 0.910312 0.000000 -0.413922 1.000000 1.000000 1.000000
3249.222412 0.000000 3089.089111 0.000000 0.871694 0.000000 -0.490051 1.000000 1.000000 1.000000
3237.788574 0.000000 3126.947021 0.000000 0.946380 0.000000 -0.323055 1.000000 1.000000 1.000000
3246.959961 0.000000 3124.243164 0.000000 0.985423 0.000000 -0.170120 1.000000 1.000000 1.000000
3255.512207 0.000000 3125.843262 0.000000 0.933459 0.000000 -0.358685 1.000000 1.000000 1.000000
3227.333008 0.000000 3063.161133 0.000000 0.961395 0.000000 -0.275174 1.000000 1.000000 1.000000
3274.931885 0.000000 3128.214844 0.000000 0.794969 0.000000 -0.606650 1.000000 1.000000 1.000000
3225.449219 0.000000 3073.492432 0.000000 0.864472 0.000000 -0.502681 1.000000 1.000000 1.000000
3268.337646 0.000000 3127.794189 0.000000 0.923464 0.000000 -0.383686 1.000000 1.000000 1.000000
3240.703125 0.000000 3126.861572 0.000000 0.910654 0.000000 -0.413169 1.000000 1.000000 1.000000
3224.858154 0.000000 3071.629639 0.000000 0.898305 0.000000 -0.439373 1.000000 1.000000 1.000000
3244.117432 0.000000 3088.430908 0.000000 0.999772 0.000000 -0.021336 1.000000 1.000000 1.000000
3207.248535 0.000000 3069.321777 0.000000 0.911981 0.000000 -0.410232 1.000000 1.000000 1.000000
3174.190918 0.000000 3150.077637 0.000000 0.945166 0.000000 -0.326590 1.000000 1.000000 1.000000
3123.810303 0.000000 3213.089600 0.000000 0.957434 0.000000 -0.288651 1.000000 1.000000 1.000000
3183.309082 0.000000 3188.964844 0.000000 0.999601 0.000000 -0.028236 1.000000 1.000000 1.000000
3167.535889 0.000000 3168.260498 0.000000 0.997272 0.000000 -0.073820 1.000000 1.000000 1.000000
3177.479492 0.000000 3159.998779 0.000000 0.867974 0.000000 -0.496609 1.000000 1.000000 1.000000
3138.312500 0.000000 3203.050781 0.000000 0.612148 0.000000 -0.790743 1.000000 1.000000 1.000000
3133.326904 0.000000 3209.770752 0.000000 0.965591 0.000000 -0.260066 1.000000 1.000000 1.000000
3105.819824 0.000000 3203.791748 0.000000 0.654886 0.000000 -0.755728 1.000000 1.000000 1.000000
3180.354004 0.000000 3161.990967 0.000000 0.893871 0.000000 -0.448323 1.000000 1.000000 1.000000
3120.016846 0.000000 3221.770752 0.000000 0.909552 0.000000 -0.415591 1.000000 1.000000 1.000000
3177.357666 0.000000 3205.462158 0.000000 0.747234 0.000000 -0.664561 1.000000 1.000000 1.000000
3181.427490 0.000000 3211.952393 0.000000 0.990470 0.000000 -0.137729 1.000000 1.000000 1.000000
3163.155762 0.000000 3163.227783 0.000000 0.957114 0.000000 -0.289711 1.000000 1.000000 1.000000
3112.350830 0.000000 3150.932129 0.000000 0.933322 0.000000 -0.359040 1.000000 1.000000 1.000000
3178.671631 0.000000 3161.682129 0.000000 0.859814 0.000000 -0.510608 1.000000 1.000000 1.000000
3139.520508 0.000000 3206.709473 0.000000 0.868196 0.000000 -0.496221 1.000000 1.000000 1.000000
3107.113037 0.000000 3158.018555 0.000000 0.604294 0.000000 -0.796761 1.000000 1.000000 1.000000
3202.210205 0.000000 3193.084717 0.000000 0.889570 0.000000 -0.456799 1.000000 1.000000 1.000000
3203.769775 0.000000 3206.657471 0.000000 0.989063 0.000000 -0.147495 1.000000 1.000000 1.000000
3246.495850 0.000000 3204.619385 0.000000 0.776192 0.000000 -0.630497 1.000000 1.000000 1.000000
3239.769043 0.000000 3168.690674 0.000000 0.943574 0.000000 -0.331161 1.000000 1.000000 1.000000
3225.477539 0.000000 3159.779053 0.000000 0.752811 0.000000 -0.658237 1.000000 1.000000 1.000000
3250.899414 0.000000 3188.017822 0.000000 0.928228 0.000000 -0.372013 1.000000 1.000000 1.000000
3269.229492 0.000000 3201.744385 0.000000 0.995995 0.000000 -0.089412 1.000000 1.000000 1.000000
3243.106689 0.000000 3207.473633 0.000000 0.923294 0.000000 -0.384095 1.000000 1.000000 1.000000
3202.945312 0.000000 3204.608643 0.000000 0.967229 0.000000 -0.253905 1.000000 1.000000 1.000000
3213.818604 0.000000 3156.600098 0.000000 0.978786 0.000000 -0.204886 1.000000 1.000000 1.000000
3296.220215 0.000000 2914.351318 0.000000 0.660137 0.000000 -0.751146 1.000000 1.000000 1.000000
3285.384277 0.000000 2922.049316 0.000000 0.828714 0.000000 -0.559672 1.000000 1.000000 1.000000
3350.363525 0.000000 2917.331787 0.000000 0.950337 0.000000 -0.311224 1.000000 1.000000 1.000000
3359.508545 0.000000 2911.268066 0.000000 0.648453 0.000000 -0.761255 1.000000 1.000000 1.000000
3289.943359 0.000000 2946.046631 0.000000 0.884232 0.000000 -0.467048 1.000000 1.000000 1.000000
3307.849365 0.000000 2915.863770 0.000000 0.998962 0.000000 -0.045545 1.000000 1.000000 1.000000
3325.854980 0.000000 2930.748291 0.000000 0.690904 0.000000 -0.722946 1.000000 1.000000 1.000000
3312.004395 0.000000 2960.383545 0.000000 0.800895 0.000000 -0.598805 1.000000 1.000000 1.000000
3331.098389 0.000000 2901.858643 0.000000 0.839364 0.000000 -0.543570 1.000000 1.000000 1.000000
3313.918945 0.000000 2931.463135 0.000000 0.931356 0.000000 -0.364110 1.000000 1.000000 1.000000
3328.780273 0.000000 2901.607910 0.000000 0.971204 0.000000 -0.238248 1.000000 1.000000 1.000000
3313.455322 0.000000 2933.591553 0.000000 0.994943 0.000000 -0.100444 1.000000 1.000000 1.000000
3312.571533 0.000000 2958.803955 0.000000 0.626338 0.000000 -0.779552 1.000000 1.000000 1.000000
3323.532715 0.000000 2910.568604 0.000000 0.924326 0.000000 -0.381604 1.000000 1.000000 1.000000
3312.603027 0.000000 2932.482422 0.000000 0.910295 0.000000 -0.413960 1.000000 1.000000 1.000000
3324.998779 0.000000 2910.620605 0.000000 0.979888 0.000000 -0.199549 1.000000 1.000000 1.000000
3417.595215 0.000000 2919.714355 0.000000 0.709197 0.000000 -0.705011 1.000000 1.000000 1.000000
3455.245117 0.000000 2895.309814 0.000000 0.957904 0.000000 -0.287090 1.000000 1.000000 1.000000
3423.653076 0.000000 2919.727295 0.000000 0.783672 0.000000 -0.621175 1.000000 1.000000 1.000000
3465.699463 0.000000 2916.136230 0.000000 0.689361 0.000000 -0.724418 1.000000 1.000000 1.000000
3429.475586 0.000000 2903.791504 0.000000 0.995370 0.000000 -0.096118 1.000000 1.000000 1.000000
3392.436768 0.000000 2882.123779 0.000000 0.958723 0.000000 -0.284341 1.000000 1.000000 1.000000
3449.547852 0.000000 2897.297852 0.000000 0.999959 0.000000 -0.009089 1.000000 1.000000 1.000000
3454.097900 0.000000 2897.526367 0.000000 0.993372 0.000000 -0.114941 1.000000 1.000000 1.000000
3407.409180 0.000000 2904.851562 0.000000 0.766894 0.000000 -0.641774 1.000000 1.000000 1.000000
3466.821777 0.000000 2919.926270 0.000000 0.689669 0.000000 -0.724125 1.000000 1.000000 1.000000
3383.560303 0.000000 2902.814697 0.000000 0.810002 0.000000 -0.586428 1.000000 1.000000 1.000000
3386.077393 0.000000 2880.979004 0.000000 0.954211 0.000000 -0.299133 1.000000 1.000000 1.000000
3376.718506 0.000000 2902.395752 0.000000 0.837526 0.000000 -0.546397 1.000000 1.000000 1.000000
3418.807373 0.000000 2921.976807 0.000000 0.954828 0.000000 -0.297159 1.000000 1.000000 1.000000
3304.903564 0.000000 3002.380859 0.000000 0.832069 0.000000 -0.554672 1.000000 1.000000 1.000000
3291.514160 0.000000 2997.938965 0.000000 0.650203 0.000000 -0.759760 1.000000 1.000000 1.000000
3320.979248 0.000000 3014.093262 0.000000 0.998506 0.000000 -0.054639 1.000000 1.000000 1.000000
3284.902588 0.000000 3007.718506 0.000000 0.802839 0.000000 -0.596197 1.000000 1.000000 1.000000
3314.426514 0.000000 3001.028320 0.000000 0.824863 0.000000 -0.565333 1.000000 1.000000 1.000000
3318.490723 0.000000 3017.981201 0.000000 0.961528 0.000000 -0.274708 1.000000 1.000000 1.000000
3316.166992 0.000000 2994.835938 0.000000 0.651481 0.000000 -0.758665 1.000000 1.000000 1.000000
3316.589355 0.000000 3017.160645 0.000000 0.643961 0.000000 -0.765058 1.000000 1.000000 1.000000
3333.898438 0.000000 3001.041504 0.000000 0.967590 0.000000 -0.252525 1.000000 1.000000 1.000000
3286.461426 0.000000 3006.323730 0.000000 0.911288 0.000000 -0.411769 1.000000 1.000000 1.000000
3319.185303 0.000000 3016.616943 0.000000 0.950668 0.000000 -0.310211 1.000000 1.000000 1.000000
3395.243652 0.000000 3054.468018 0.000000 0.839435 0.000000 -0.543461 1.000000 1.000000 1.000000
3388.722412 0.000000 3056.762207 0.000000 0.922410 0.000000 -0.386213 1.000000 1.000000 1.000000
3409.333496 0.000000 3026.295166 0.000000 0.813672 0.000000 -0.581324 1.000000 1.000000 1.000000
3392.359619 0.000000 3056.965820 0.000000 0.927142 0.000000 -0.374711 1.000000 1.000000 1.000000
3415.668457 0.000000 2992.860596 0.000000 0.946739 0.000000 -0.322002 1.000000 1.000000 1.000000
3404.345215 0.000000 3028.573486 0.000000 0.956645 0.000000 -0.291256 1.000000 1.000000 1.000000
3393.226318 0.000000 3059.191895 0.000000 0.707028 0.000000 -0.707186 1.000000 1.000000 1.000000
3400.747559 0.000000 2977.054199 0.000000 0.998466 0.000000 -0.055368 1.000000 1.000000 1.000000
3413.632568 0.000000 2993.562012 0.000000 0.987647 0.000000 -0.156694 1.000000 1.000000 1.000000
3415.560303 0.000000 2995.685791 0.000000 0.925820 0.000000 -0.377965 1.000000 1.000000 1.000000
3456.060059 0.000000 3020.654053 0.000000 0.744696 0.000000 -0.667404 1.000000 1.000000 1.000000
3410.838867 0.000000 3025.013916 0.000000 0.666730 0.000000 -0.745300 1.000000 1.000000 1.000000
3536.395752 0.000000 2909.997559 0.000000 0.987156 0.000000 -0.159757 1.000000 1.000000 1.000000
3537.029053 0.000000 2924.315430 0.000000 0.716836 0.000000 -0.697242 1.000000 1.000000 1.000000
3506.038330 0.000000 2936.269043 0.000000 0.833937 0.000000 -0.551859 1.000000 1.000000 1.000000
3469.165039 0.000000 2914.101807 0.000000 0.993294 0.000000 -0.115616 1.000000 1.000000 1.000000
3480.001953 0.000000 2929.477295 0.000000 0.633353 0.000000 -0.773863 1.000000 1.000000 1.000000
3537.697510 0.000000 2962.923340 0.000000 0.647983 0.000000 -0.761655 1.000000 1.000000 1.000000
3500.575684 0.000000 2936.310791 0.000000 0.998663 0.000000 -0.051686 1.000000 1.000000 1.000000
3509.148682 0.000000 2939.658936 0.000000 0.983692 0.000000 -0.179862 1.000000 1.000000 1.000000
3467.386963 0.000000 2917.734131 0.000000 0.986057 0.000000 -0.166406 1.000000 1.000000 1.000000
3508.339355 0.000000 2930.748291 0.000000 0.975540 0.000000 -0.219822 1.000000 1.000000 1.000000
3558.308838 0.000000 2940.308105 0.000000 0.986950 0.000000 -0.161026 1.000000 1.000000 1.000000
3499.818359 0.000000 2921.763184 0.000000 0.664990 0.000000 -0.746852 1.000000 1.000000 1.000000
3490.619141 0.000000 2929.916260 0.000000 0.980312 0.000000 -0.197455 1.000000 1.000000 1.000000
3534.648193 0.000000 2964.220703 0.000000 0.724129 0.000000 -0.689664 1.000000 1.000000 1.000000
3502.054688 0.000000 2915.306152 0.000000 0.965219 0.000000 -0.261444 1.000000 1.000000 1.000000
3484.699219 0.000000 2910.168457 0.000000 0.816171 0.000000 -0.577810 1.000000 1.000000 1.000000
3492.226074 0.000000 2927.676758 0.000000 0.908651 0.000000 -0.417557 1.000000 1.000000 1.000000
3556.659424 0.000000 2958.964355 0.000000 0.786574 0.000000 -0.617496 1.000000 1.000000 1.000000
3471.921387 0.000000 2901.644043 0.000000 0.710078 0.000000 -0.704123 1.000000 1.000000 1.000000
3481.217285 0.000000 2927.028564 0.000000 0.995326 0.000000 -0.096571 1.000000 1.000000 1.000000
3527.273926 0.000000 2945.796387 0.000000 0.951370 0.000000 -0.308052 1.000000 1.000000 1.000000
3552.414062 0.000000 2914.071045 0.000000 0.668443 0.000000 -0.743763 1.000000 1.000000 1.000000
3621.733643 0.000000 2958.116455 0.000000 0.986304 0.000000 -0.164938 1.000000 1.000000 1.000000
3593.173096 0.000000 2918.943115 0.000000 0.858280 0.000000 -0.513181 1.000000 1.000000 1.000000
3621.027832 0.000000 2963.944824 0.000000 0.998121 0.000000 -0.061281 1.000000 1.000000 1.000000
3593.926514 0.000000 2921.531982 0.000000 0.999756 0.000000 -0.022087 1.000000 1.000000 1.000000
3560.721680 0.000000 2960.333496 0.000000 0.999163 0.000000 -0.040896 1.000000 1.000000 1.000000
3576.145996 0.000000 2923.865723 0.000000 0.911258 0.000000 -0.411835 1.000000 1.000000 1.000000
3589.004639 0.000000 2916.828857 0.000000 0.990960 0.000000 -0.134160 1.000000 1.000000 1.000000
3578.843262 0.000000 2923.736328 0.000000 0.685772 0.000000 -0.727816 1.000000 1.000000 1.000000
3594.070801 0.000000 2920.081299 0.000000 0.599992 0.000000 -0.800006 1.000000 1.000000 1.000000
3559.694824 0.000000 2959.400391 0.000000 0.845634 0.000000 -0.533763 1.000000 1.000000 1.000000
3623.400146 0.000000 2960.546143 0.000000 0.691534 0.000000 -0.722344 1.000000 1.000000 1.000000
3558.804932 0.000000 2958.504395 0.000000 0.924127 0.000000 -0.382085 1.000000 1.000000 1.000000
3487.387939 0.000000 3002.380859 0.000000 0.863299 0.000000 -0.504694 1.000000 1.000000 1.000000
3546.397949 0.000000 2978.630371 0.000000 0.793803 0.000000 -0.608175 1.000000 1.000000 1.000000
3549.947998 0.000000 2981.752441 0.000000 0.933611 0.000000 -0.358287 1.000000 1.000000 1.000000
3470.788574 0.000000 3023.822998 0.000000 0.984462 0.000000 -0.175598 1.000000 1.000000 1.000000
3472.057617 0.000000 3026.081787 0.000000 0.762804 0.000000 -0.646629 1.000000 1.000000 1.000000
3475.536133 0.000000 3022.895264 0.000000 0.744179 0.000000 -0.667980 1.000000 1.000000 1.000000
3645.951416 0.000000 3028.534668 0.000000 0.854995 0.000000 -0.518637 1.000000 1.000000 1.000000
3601.321289 0.000000 3041.150635 0.000000 0.969547 0.000000 -0.244907 1.000000 1.000000 1.000000
3590.130615 0.000000 2997.613281 0.000000 0.920110 0.000000 -0.391659 1.000000 1.000000 1.000000
3625.443115 0.000000 2980.134033 0.000000 0.915298 0.000000 -0.402777 1.000000 1.000000 1.000000
3649.551025 0.000000 3030.292480 0.000000 0.970606 0.000000 -0.240673 1.000000 1.000000 1.000000
3575.785645 0.000000 3045.474121 0.000000 0.996652 0.000000 -0.081757 1.000000 1.000000 1.000000
3605.164307 0.000000 3043.253418 0.000000 0.806861 0.000000 -0.590741 1.000000 1.000000 1.000000
3639.900635 0.000000 3038.230469 0.000000 0.965614 0.000000 -0.259979 1.000000 1.000000 1.000000
3600.814209 0.000000 3044.070312 0.000000 0.999979 0.000000 -0.006471 1.000000 1.000000 1.000000
3599.459473 0.000000 2987.582764 0.000000 0.885716 0.000000 -0.464228 1.000000 1.000000 1.000000
3637.653076 0.000000 3035.814697 0.000000 0.741922 0.000000 -0.670487 1.000000 1.000000 1.000000
3631.316895 0.000000 2981.381592 0.000000 0.874811 0.000000 -0.484464 1.000000 1.000000 1.000000
3646.640625 0.000000 3026.177246 0.000000 0.874459 0.000000 -0.485100 1.000000 1.000000 1.000000
3602.953613 0.000000 3043.486572 0.000000 0.784306 0.000000 -0.620374 1.000000 1.000000 1.000000
3572.636475 0.000000 2982.868896 0.000000 0.751608 0.000000 -0.659610 1.000000 1.000000 1.000000
3561.066895 0.000000 3039.769043 0.000000 0.853042 0.000000 -0.521842 1.000000 1.000000 1.000000
3594.239990 0.000000 2994.263184 0.000000 0.997720 0.000000 -0.067485 1.000000 1.000000 1.000000
3605.553711 0.000000 3041.551758 0.000000 0.951247 0.000000 -0.308429 1.000000 1.000000 1.000000
3634.047119 0.000000 3041.663818 0.000000 0.775996 0.000000 -0.630738 1.000000 1.000000 1.000000
3637.545898 0.000000 2980.409912 0.000000 0.808825 0.000000 -0.588050 1.000000 1.000000 1.000000
3587.968262 0.000000 3029.728516 0.000000 0.788830 0.000000 -0.614612 1.000000 1.000000 1.000000
3597.348877 0.000000 2990.608887 0.000000 0.998088 0.000000 -0.061814 1.000000 1.000000 1.000000
3373.025879 0.000000 3131.984131 0.000000 0.902446 0.000000 -0.430802 1.000000 1.000000 1.000000
3284.728760 0.000000 3087.620850 0.000000 0.877694 0.000000 -0.479221 1.000000 1.000000 1.000000
3355.213135 0.000000 3142.892090 0.000000 0.793432 0.000000 -0.608659 1.000000 1.000000 1.000000
3326.635742 0.000000 3148.764648 0.000000 0.953587 0.000000 -0.301116 1.000000 1.000000 1.000000
3289.943359 0.000000 3126.015381 0.000000 0.969970 0.000000 -0.243224 1.000000 1.000000 1.000000
3352.602051 0.000000 3138.826172 0.000000 0.979382 0.000000 -0.202019 1.000000 1.000000 1.000000
3335.806885 0.000000 3146.474854 0.000000 0.989810 0.000000 -0.142392 1.000000 1.000000 1.000000
3358.365967 0.000000 3140.093018 0.000000 0.994571 0.000000 -0.104060 1.000000 1.000000 1.000000
3375.071045 0.000000 3133.708984 0.000000 0.962222 0.000000 -0.272265 1.000000 1.000000 1.000000
3290.017090 0.000000 3123.506104 0.000000 0.983386 0.000000 -0.181529 1.000000 1.000000 1.000000
3352.701172 0.000000 3136.634033 0.000000 0.818713 0.000000 -0.574203 1.000000 1.000000 1.000000
3373.181152 0.000000 3105.746826 0.000000 0.756557 0.000000 -0.653928 1.000000 1.000000 1.000000
3443.681641 0.000000 3074.736084 0.000000 0.996984 0.000000 -0.077601 1.000000 1.000000 1.000000
3404.195801 0.000000 3115.676758 0.000000 0.999997 0.000000 -0.002324 1.000000 1.000000 1.000000
3376.626465 0.000000 3102.018066 0.000000 0.746373 0.000000 -0.665528 1.000000 1.000000 1.000000
3390.906738 0.000000 3059.474365 0.000000 0.995786 0.000000 -0.091702 1.000000 1.000000 1.000000
3416.656250 0.000000 3074.685547 0.000000 0.960153 0.000000 -0.279475 1.000000 1.000000 1.000000
3398.323486 0.000000 3067.362793 0.000000 0.602448 0.000000 -0.798158 1.000000 1.000000 1.000000
3432.511475 0.000000 3105.010986 0.000000 0.653457 0.000000 -0.756964 1.000000 1.000000 1.000000
3395.452637 0.000000 3104.875488 0.000000 0.819708 0.000000 -0.572782 1.000000 1.000000 1.000000
3379.725098 0.000000 3134.856689 0.000000 0.685986 0.000000 -0.727615 1.000000 1.000000 1.000000
3425.378906 0.000000 3143.258789 0.000000 0.945680 0.000000 -0.325100 1.000000 1.000000 1.000000
3438.509766 0.000000 3076.476807 0.000000 0.629208 0.000000 -0.777237 1.000000 1.000000 1.000000
3414.842529 0.000000 3092.093506 0.000000 0.770575 0.000000 -0.637349 1.000000 1.000000 1.000000
3400.747559 0.000000 3067.038574 0.000000 0.775252 0.000000 -0.631653 1.000000 1.000000 1.000000
3444.193359 0.000000 3072.321777 0.000000 0.862996 0.000000 -0.505211 1.000000 1.000000 1.000000
3402.228027 0.000000 3068.382324 0.000000 0.826698 0.000000 -0.562646 1.000000 1.000000 1.000000
3430.910400 0.000000 3105.525391 0.000000 0.605788 0.000000 -0.795626 1.000000 1.000000 1.000000
3379.350830 0.000000 3132.281006 0.000000 0.987433 0.000000 -0.158038 1.000000 1.000000 1.000000
3419.381104 0.000000 3148.518799 0.000000 0.948221 0.000000 -0.317611 1.000000 1.000000 1.000000
3402.292236 0.000000 3066.976074 0.000000 0.986673 0.000000 -0.162713 1.000000 1.000000 1.000000
3304.903564 0.000000 3182.349609 0.000000 0.963315 0.000000 -0.268375 1.000000 1.000000 1.000000
3363.913574 0.000000 3158.599121 0.000000 0.808704 0.000000 -0.588216 1.000000 1.000000 1.000000
3303.944580 0.000000 3178.129883 0.000000 0.933278 0.000000 -0.359155 1.000000 1.000000 1.000000
3302.042480 0.000000 3170.989502 0.000000 0.607102 0.000000 -0.794624 1.000000 1.000000 1.000000
3361.755371 0.000000 3149.529053 0.000000 0.740014 0.000000 -0.672592 1.000000 1.000000 1.000000
3293.923584 0.000000 3174.141846 0.000000 0.976379 0.000000 -0.216067 1.000000 1.000000 1.000000
3340.643555 0.000000 3229.163330 0.000000 0.902106 0.000000 -0.431514 1.000000 1.000000 1.000000
3358.329102 0.000000 3152.667725 0.000000 0.933798 0.000000 -0.357802 1.000000 1.000000 1.000000
3374.107178 0.000000 3163.860596 0.000000 0.988489 0.000000 -0.151294 1.000000 1.000000 1.000000
3309.741699 0.000000 3197.629883 0.000000 0.999203 0.000000 -0.039916 1.000000 1.000000 1.000000
3324.348633 0.000000 3198.350098 0.000000 0.908397 0.000000 -0.418108 1.000000 1.000000 1.000000
3360.943604 0.000000 3151.531494 0.000000 0.930516 0.000000 -0.366251 1.000000 1.000000 1.000000
3330.150635 0.000000 3161.079346 0.000000 0.963811 0.000000 -0.266587 1.000000 1.000000 1.000000
3307.800293 0.000000 3197.916260 0.000000 0.950865 0.000000 -0.309607 1.000000 1.000000 1.000000
3374.647461 0.000000 3158.589111 0.000000 0.646044 0.000000 -0.763300 1.000000 1.000000 1.000000
3363.328857 0.000000 3154.204102 0.000000 0.744539 0.000000 -0.667579 1.000000 1.000000 1.000000
3323.898438 0.000000 3200.243164 0.000000 0.816722 0.000000 -0.577031 1.000000 1.000000 1.000000
3373.574707 0.000000 3162.336670 0.000000 0.991726 0.000000 -0.128371 1.000000 1.000000 1.000000
3300.631836 0.000000 3168.404785 0.000000 0.636892 0.000000 -0.770953 1.000000 1.000000 1.000000
3331.331787 0.000000 3213.147705 0.000000 0.825037 0.000000 -0.565078 1.000000 1.000000 1.000000
3290.889404 0.000000 3175.071045 0.000000 0.958449 0.000000 -0.285263 1.000000 1.000000 1.000000
3374.502197 0.000000 3161.500977 0.000000 0.966520 0.000000 -0.256591 1.000000 1.000000 1.000000
3424.989258 0.000000 3214.725098 0.000000 0.970732 0.000000 -0.240163 1.000000 1.000000 1.000000
3457.848633 0.000000 3201.860107 0.000000 0.899642 0.000000 -0.436628 1.000000 1.000000 1.000000
3440.812256 0.000000 3207.841064 0.000000 0.838679 0.000000 -0.544626 1.000000 1.000000 1.000000
3414.796143 0.000000 3206.222168 0.000000 0.774650 0.000000 -0.632391 1.000000 1.000000 1.000000
3409.596680 0.000000 3182.139893 0.000000 0.763495 0.000000 -0.645814 1.000000 1.000000 1.000000
3377.029785 0.000000 3160.062744 0.000000 0.999328 0.000000 -0.036642 1.000000 1.000000 1.000000
3395.243652 0.000000 3234.436768 0.000000 0.772773 0.000000 -0.634682 1.000000 1.000000 1.000000
3420.790039 0.000000 3199.145508 0.000000 0.945865 0.000000 -0.324561 1.000000 1.000000 1.000000
3456.345947 0.000000 3223.479004 0.000000 0.928232 0.000000 -0.372002 1.000000 1.000000 1.000000
3463.467041 0.000000 3208.503418 0.000000 0.847646 0.000000 -0.530562 1.000000 1.000000 1.000000
3423.140625 0.000000 3194.722900 0.000000 0.964334 0.000000 -0.264688 1.000000 1.000000 1.000000
3444.389893 0.000000 3205.143066 0.000000 0.778798 0.000000 -0.627275 1.000000 1.000000 1.000000
3417.906494 0.000000 3209.612061 0.000000 0.948028 0.000000 -0.318187 1.000000 1.000000 1.000000
3376.411621 0.000000 3154.005371 0.000000 0.615125 0.000000 -0.788430 1.000000 1.000000 1.000000
3405.668701 0.000000 3180.997070 0.000000 0.624160 0.000000 -0.781296 1.000000 1.000000 1.000000
3408.885986 0.000000 3149.706543 0.000000 0.929119 0.000000 -0.369781 1.000000 1.000000 1.000000
3426.852539 0.000000 3190.493652 0.000000 0.668455 0.000000 -0.743753 1.000000 1.000000 1.000000
3382.955322 0.000000 3157.158691 0.000000 0.760740 0.000000 -0.649056 1.000000 1.000000 1.000000
3412.190186 0.000000 3207.906982 0.000000 0.587951 0.000000 -0.808896 1.000000 1.000000 1.000000
3441.394531 0.000000 3205.046631 0.000000 0.793638 0.000000 -0.608390 1.000000 1.000000 1.000000
3440.864746 0.000000 3201.241211 0.000000 0.911522 0.000000 -0.411252 1.000000 1.000000 1.000000
3393.286865 0.000000 3168.676514 0.000000 0.994666 0.000000 -0.103152 1.000000 1.000000 1.000000
3429.162842 0.000000 3237.498291 0.000000 0.954971 0.000000 -0.296700 1.000000 1.000000 1.000000
3429.201172 0.000000 3216.919434 0.000000 0.832683 0.000000 -0.553750 1.000000 1.000000 1.000000
3425.711914 0.000000 3194.419434 0.000000 0.943919 0.000000 -0.330178 1.000000 1.000000 1.000000
3387.080322 0.000000 3235.257080 0.000000 0.638093 0.000000 -0.769960 1.000000 1.000000 1.000000
3442.565186 0.000000 3206.756836 0.000000 0.811513 0.000000 -0.584335 1.000000 1.000000 1.000000
3402.391846 0.000000 3182.292480 0.000000 0.983384 0.000000 -0.181537 1.000000 1.000000 1.000000
3444.721436 0.000000 3202.463379 0.000000 0.639949 0.000000 -0.768417 1.000000 1.000000 1.000000
3427.804443 0.000000 3195.611816 0.000000 0.959020 0.000000 -0.283340 1.000000 1.000000 1.000000
3425.309082 0.000000 3198.297852 0.000000 0.999975 0.000000 -0.007138 1.000000 1.000000 1.000000
3397.323975 0.000000 3167.187256 0.000000 0.705656 0.000000 -0.708555 1.000000 1.000000 1.000000
3395.758057 0.000000 3166.225098 0.000000 0.990829 0.000000 -0.135123 1.000000 1.000000 1.000000
3397.605469 0.000000 3199.812744 0.000000 0.702208 0.000000 -0.711972 1.000000 1.000000 1.000000
3403.036621 0.000000 3185.972900 0.000000 0.999433 0.000000 -0.033672 1.000000 1.000000 1.000000
3421.839844 0.000000 3197.887939 0.000000 0.957298 0.000000 -0.289105 1.000000 1.000000 1.000000
3457.501465 0.000000 3219.757080 0.000000 0.859707 0.000000 -0.510787 1.000000 1.000000 1.000000
3442.887939 0.000000 3204.746582 0.000000 0.975694 0.000000 -0.219138 1.000000 1.000000 1.000000
3463.939453 0.000000 3211.732422 0.000000 0.999286 0.000000 -0.037781 1.000000 1.000000 1.000000
3465.956299 0.000000 3211.044922 0.000000 0.667513 0.000000 -0.744598 1.000000 1.000000 1.000000
3612.929932 0.000000 3067.931641 0.000000 0.991852 0.000000 -0.127394 1.000000 1.000000 1.000000
3568.677734 0.000000 3066.110840 0.000000 0.946540 0.000000 -0.322585 1.000000 1.000000 1.000000
3572.279053 0.000000 3135.959961 0.000000 0.902103 0.000000 -0.431521 1.000000 1.000000 1.000000
3593.543213 0.000000 3129.470947 0.000000 0.974506 0.000000 -0.224362 1.000000 1.000000 1.000000
3599.125732 0.000000 3123.823242 0.000000 0.975753 0.000000 -0.218876 1.000000 1.000000 1.000000
3604.464844 0.000000 3117.971680 0.000000 0.907362 0.000000 -0.420349 1.000000 1.000000 1.000000
3606.287109 0.000000 3067.467529 0.000000 0.796712 0.000000 -0.604359 1.000000 1.000000 1.000000
3566.870605 0.000000 3080.756836 0.000000 0.819021 0.000000 -0.573763 1.000000 1.000000 1.000000
3609.706299 0.000000 3063.709473 0.000000 0.985358 0.000000 -0.170500 1.000000 1.000000 1.000000
3569.005371 0.000000 3132.115967 0.000000 0.967266 0.000000 -0.253765 1.000000 1.000000 1.000000
3563.253662 0.000000 3144.832764 0.000000 0.939410 0.000000 -0.342796 1.000000 1.000000 1.000000
3603.534912 0.000000 3122.583496 0.000000 0.998132 0.000000 -0.061102 1.000000 1.000000 1.000000
3597.707031 0.000000 3127.915039 0.000000 0.982251 0.000000 -0.187573 1.000000 1.000000 1.000000
3599.647461 0.000000 3087.182373 0.000000 0.945737 0.000000 -0.324934 1.000000 1.000000 1.000000
3613.639648 0.000000 3101.302979 0.000000 0.834622 0.000000 -0.550823 1.000000 1.000000 1.000000
3615.868164 0.000000 3098.033447 0.000000 0.891693 0.000000 -0.452640 1.000000 1.000000 1.000000
3595.461914 0.000000 3124.586182 0.000000 0.976001 0.000000 -0.217766 1.000000 1.000000 1.000000
3570.329590 0.000000 3102.105469 0.000000 0.797534 0.000000 -0.603275 1.000000 1.000000 1.000000
3601.231934 0.000000 3116.958740 0.000000 0.993045 0.000000 -0.117737 1.000000 1.000000 1.000000
3593.330322 0.000000 3110.585938 0.000000 0.725555 0.000000 -0.688165 1.000000 1.000000 1.000000
3602.926758 0.000000 3120.018066 0.000000 0.817157 0.000000 -0.576415 1.000000 1.000000 1.000000
3562.543213 0.000000 3092.465576 0.000000 0.990702 0.000000 -0.136047 1.000000 1.000000 1.000000
3572.566895 0.000000 3101.332275 0.000000 0.620627 0.000000 -0.784106 1.000000 1.000000 1.000000
3569.564697 0.000000 3145.272705 0.000000 0.868838 0.000000 -0.495097 1.000000 1.000000 1.000000
3606.397461 0.000000 3118.643311 0.000000 0.938993 0.000000 -0.343937 1.000000 1.000000 1.000000
3558.523193 0.000000 3143.849121 0.000000 0.986620 0.000000 -0.163035 1.000000 1.000000 1.000000
3609.519775 0.000000 3065.342041 0.000000 0.950415 0.000000 -0.310983 1.000000 1.000000 1.000000
3516.231445 0.000000 3214.725098 0.000000 0.688106 0.000000 -0.725610 1.000000 1.000000 1.000000
3537.029053 0.000000 3194.268555 0.000000 0.624925 0.000000 -0.780685 1.000000 1.000000 1.000000
3525.537109 0.000000 3184.272949 0.000000 0.914690 0.000000 -0.404155 1.000000 1.000000 1.000000
3541.941406 0.000000 3198.319824 0.000000 0.926868 0.000000 -0.375386 1.000000 1.000000 1.000000
3497.440918 0.000000 3198.483643 0.000000 0.987489 0.000000 -0.157690 1.000000 1.000000 1.000000
3488.235596 0.000000 3191.777588 0.000000 0.999718 0.000000 -0.023751 1.000000 1.000000 1.000000
3552.766602 0.000000 3238.363037 0.000000 0.699453 0.000000 -0.714679 1.000000 1.000000 1.000000
3470.037598 0.000000 3217.776855 0.000000 0.928128 0.000000 -0.372262 1.000000 1.000000 1.000000
3472.455566 0.000000 3218.572998 0.000000 0.722212 0.000000 -0.691672 1.000000 1.000000 1.000000
3518.631836 0.000000 3215.536621 0.000000 0.969992 0.000000 -0.243137 1.000000 1.000000 1.000000
3525.714844 0.000000 3182.226807 0.000000 0.978459 0.000000 -0.206441 1.000000 1.000000 1.000000
3523.697754 0.000000 3183.906250 0.000000 0.685933 0.000000 -0.727665 1.000000 1.000000 1.000000
3518.463867 0.000000 3208.176025 0.000000 0.661605 0.000000 -0.749853 1.000000 1.000000 1.000000
3540.334961 0.000000 3180.700439 0.000000 0.811868 0.000000 -0.583841 1.000000 1.000000 1.000000
3470.663330 0.000000 3216.237549 0.000000 0.687446 0.000000 -0.726235 1.000000 1.000000 1.000000
3522.041504 0.000000 3182.155518 0.000000 0.948440 0.000000 -0.316958 1.000000 1.000000 1.000000
3490.584473 0.000000 3193.940918 0.000000 0.694469 0.000000 -0.719522 1.000000 1.000000 1.000000
3471.750000 0.000000 3214.697510 0.000000 0.942497 0.000000 -0.334215 1.000000 1.000000 1.000000
3473.015381 0.000000 3217.288574 0.000000 0.618339 0.000000 -0.785911 1.000000 1.000000 1.000000
3522.903076 0.000000 3182.993164 0.000000 0.999705 0.000000 -0.024288 1.000000 1.000000 1.000000
3610.511719 0.000000 3193.679199 0.000000 0.679725 0.000000 -0.733467 1.000000 1.000000 1.000000
3637.482910 0.000000 3177.536133 0.000000 0.992727 0.000000 -0.120386 1.000000 1.000000 1.000000
3603.274414 0.000000 3199.145508 0.000000 0.860601 0.000000 -0.509280 1.000000 1.000000 1.000000
3623.701172 0.000000 3172.455811 0.000000 0.954282 0.000000 -0.298907 1.000000 1.000000 1.000000
3588.348633 0.000000 3166.338623 0.000000 0.987762 0.000000 -0.155972 1.000000 1.000000 1.000000
3633.235107 0.000000 3181.221191 0.000000 0.994286 0.000000 -0.106749 1.000000 1.000000 1.000000
3642.802246 0.000000 3180.415039 0.000000 0.981617 0.000000 -0.190861 1.000000 1.000000 1.000000
3600.390869 0.000000 3209.612061 0.000000 0.853237 0.000000 -0.521524 1.000000 1.000000 1.000000
3630.246338 0.000000 3182.149170 0.000000 0.768719 0.000000 -0.639587 1.000000 1.000000 1.000000
3582.579346 0.000000 3164.805176 0.000000 0.999877 0.000000 -0.015701 1.000000 1.000000 1.000000
3565.686523 0.000000 3167.069336 0.000000 0.737865 0.000000 -0.674948 1.000000 1.000000 1.000000
3614.424072 0.000000 3160.331787 0.000000 0.830051 0.000000 -0.557687 1.000000 1.000000 1.000000
3606.947510 0.000000 3202.029785 0.000000 0.942650 0.000000 -0.333782 1.000000 1.000000 1.000000
3641.000000 0.000000 3181.496582 0.000000 0.948959 0.000000 -0.315400 1.000000 1.000000 1.000000
3607.793457 0.000000 3198.297852 0.000000 0.891708 0.000000 -0.452612 1.000000 1.000000 1.000000
3629.482666 0.000000 3180.475586 0.000000 0.996329 0.000000 -0.085608 1.000000 1.000000 1.000000
2941.325928 0.000000 3303.073975 0.000000 0.942998 0.000000 -0.332800 1.000000 1.000000 1.000000
2974.234619 0.000000 3247.900391 0.000000 0.623763 0.000000 -0.781614 1.000000 1.000000 1.000000
2961.384277 0.000000 3279.651855 0.000000 0.999107 0.000000 -0.042245 1.000000 1.000000 1.000000
2947.984863 0.000000 3295.645508 0.000000 0.953445 0.000000 -0.301566 1.000000 1.000000 1.000000
2920.415527 0.000000 3281.986816 0.000000 0.830308 0.000000 -0.557305 1.000000 1.000000 1.000000
2967.442139 0.000000 3279.664795 0.000000 0.659825 0.000000 -0.751419 1.000000 1.000000 1.000000
2919.786865 0.000000 3295.487061 0.000000 0.945924 0.000000 -0.324389 1.000000 1.000000 1.000000
2931.093506 0.000000 3239.457275 0.000000 0.740216 0.000000 -0.672369 1.000000 1.000000 1.000000
2936.225830 0.000000 3242.061279 0.000000 0.962066 0.000000 -0.272819 1.000000 1.000000 1.000000
2962.929199 0.000000 3283.772461 0.000000 0.926981 0.000000 -0.375109 1.000000 1.000000 1.000000
2983.243896 0.000000 3278.291260 0.000000 0.729943 0.000000 -0.683508 1.000000 1.000000 1.000000
2967.905518 0.000000 3257.264404 0.000000 0.833033 0.000000 -0.553223 1.000000 1.000000 1.000000
2962.596436 0.000000 3281.914307 0.000000 0.973986 0.000000 -0.226608 1.000000 1.000000 1.000000
2950.878174 0.000000 3282.737549 0.000000 0.955130 0.000000 -0.296188 1.000000 1.000000 1.000000
2972.042725 0.000000 3287.341553 0.000000 0.923563 0.000000 -0.383447 1.000000 1.000000 1.000000
3018.430908 0.000000 3301.688477 0.000000 0.638890 0.000000 -0.769298 1.000000 1.000000 1.000000
3028.746338 0.000000 3292.375488 0.000000 0.814893 0.000000 -0.579611 1.000000 1.000000 1.000000
3089.878418 0.000000 3292.214355 0.000000 0.924287 0.000000 -0.381698 1.000000 1.000000 1.000000
3026.258057 0.000000 3290.952881 0.000000 0.671956 0.000000 -0.740591 1.000000 1.000000 1.000000
3028.572510 0.000000 3289.795166 0.000000 0.971854 0.000000 -0.235585 1.000000 1.000000 1.000000
3460.252930 0.000000 3258.784668 0.000000 0.752547 0.000000 -0.658538 1.000000 1.000000 1.000000
3399.293945 0.000000 3242.503906 0.000000 0.798699 0.000000 -0.601731 1.000000 1.000000 1.000000
3394.183594 0.000000 3249.854248 0.000000 0.912098 0.000000 -0.409972 1.000000 1.000000 1.000000
3457.591553 0.000000 3240.519531 0.000000 0.844847 0.000000 -0.535008 1.000000 1.000000 1.000000
3403.677002 0.000000 3249.624512 0.000000 0.891192 0.000000 -0.453626 1.000000 1.000000 1.000000
3438.728760 0.000000 3247.931885 0.000000 0.746588 0.000000 -0.665286 1.000000 1.000000 1.000000
3465.558105 0.000000 3257.055420 0.000000 0.638202 0.000000 -0.769869 1.000000 1.000000 1.000000
3398.323486 0.000000 3247.331543 0.000000 0.973070 0.000000 -0.230511 1.000000 1.000000 1.000000
3418.363281 0.000000 3260.131592 0.000000 0.652365 0.000000 -0.757905 1.000000 1.000000 1.000000
3429.475586 0.000000 3263.729004 0.000000 0.657801 0.000000 -0.753191 1.000000 1.000000 1.000000
3460.793945 0.000000 3242.391602 0.000000 0.868465 0.000000 -0.495750 1.000000 1.000000 1.000000
3413.919434 0.000000 3261.426270 0.000000 0.589411 0.000000 -0.807833 1.000000 1.000000 1.000000
3405.252441 0.000000 3258.248291 0.000000 0.792630 0.000000 -0.609703 1.000000 1.000000 1.000000
3397.799805 0.000000 3244.398926 0.000000 0.828533 0.000000 -0.559940 1.000000 1.000000 1.000000
3461.554199 0.000000 3240.783691 0.000000 0.969750 0.000000 -0.244101 1.000000 1.000000 1.000000
3403.986572 0.000000 3257.182861 0.000000 0.729031 0.000000 -0.684480 1.000000 1.000000 1.000000
3414.864502 0.000000 3260.562012 0.000000 0.618253 0.000000 -0.785979 1.000000 1.000000 1.000000
3554.228271 0.000000 3239.732666 0.000000 0.973544 0.000000 -0.228502 1.000000 1.000000 1.000000
3515.358643 0.000000 3257.264404 0.000000 0.842207 0.000000 -0.539154 1.000000 1.000000 1.000000
3517.094971 0.000000 3257.657715 0.000000 0.949477 0.000000 -0.313838 1.000000 1.000000 1.000000
3508.274170 0.000000 3259.204102 0.000000 0.638545 0.000000 -0.769584 1.000000 1.000000 1.000000
3565.818359 0.000000 3243.735107 0.000000 0.780112 0.000000 -0.625640 1.000000 1.000000 1.000000
3565.122070 0.000000 3241.797852 0.000000 0.611188 0.000000 -0.791485 1.000000 1.000000 1.000000
3696.460938 0.000000 2965.810791 0.000000 0.980832 0.000000 -0.194854 1.000000 1.000000 1.000000
3675.565674 0.000000 2966.988770 0.000000 0.931412 0.000000 -0.363967 1.000000 1.000000 1.000000
3671.423584 0.000000 2968.000244 0.000000 0.993278 0.000000 -0.115757 1.000000 1.000000 1.000000
3699.170410 0.000000 2967.146240 0.000000 0.983069 0.000000 -0.183237 1.000000 1.000000 1.000000
3695.745361 0.000000 2966.873535 0.000000 0.999600 0.000000 -0.028283 1.000000 1.000000 1.000000
3673.020508 0.000000 2972.550781 0.000000 0.914797 0.000000 -0.403913 1.000000 1.000000 1.000000
3711.216553 0.000000 2998.440674 0.000000 0.965630 0.000000 -0.259920 1.000000 1.000000 1.000000
3703.006104 0.000000 3007.727783 0.000000 0.964939 0.000000 -0.262474 1.000000 1.000000 1.000000
3723.680176 0.000000 3041.359375 0.000000 0.994147 0.000000 -0.108035 1.000000 1.000000 1.000000
3723.459961 0.000000 3031.764160 0.000000 0.920577 0.000000 -0.390562 1.000000 1.000000 1.000000
3673.408936 0.000000 2969.521973 0.000000 0.997542 0.000000 -0.070070 1.000000 1.000000 1.000000
3705.273682 0.000000 3005.597900 0.000000 0.901154 0.000000 -0.433499 1.000000 1.000000 1.000000
3696.715088 0.000000 3005.000732 0.000000 0.933655 0.000000 -0.358173 1.000000 1.000000 1.000000
3723.799072 0.000000 3044.047607 0.000000 0.899527 0.000000 -0.436865 1.000000 1.000000 1.000000
3722.094971 0.000000 3052.827148 0.000000 0.940318 0.000000 -0.340297 1.000000 1.000000 1.000000
3652.854004 0.000000 3048.747559 0.000000 0.888110 0.000000 -0.459631 1.000000 1.000000 1.000000
3704.692871 0.000000 3007.248535 0.000000 0.850922 0.000000 -0.525292 1.000000 1.000000 1.000000
3670.213379 0.000000 2969.499512 0.000000 0.792560 0.000000 -0.609794 1.000000 1.000000 1.000000
3750.261963 0.000000 3048.114502 0.000000 0.608270 0.000000 -0.793730 1.000000 1.000000 1.000000
3768.439697 0.000000 3038.342285 0.000000 0.948195 0.000000 -0.317689 1.000000 1.000000 1.000000
3828.635742 0.000000 3049.168457 0.000000 0.699991 0.000000 -0.714152 1.000000 1.000000 1.000000
3770.227783 0.000000 3041.559570 0.000000 0.999994 0.000000 -0.003504 1.000000 1.000000 1.000000
3886.817139 0.000000 3059.346680 0.000000 0.882724 0.000000 -0.469893 1.000000 1.000000 1.000000
3844.933350 0.000000 3056.762207 0.000000 0.997977 0.000000 -0.063573 1.000000 1.000000 1.000000
3833.381104 0.000000 3052.377197 0.000000 0.996747 0.000000 -0.080593 1.000000 1.000000 1.000000
3846.333496 0.000000 3058.630615 0.000000 0.872752 0.000000 -0.488163 1.000000 1.000000 1.000000
3882.725830 0.000000 3058.389404 0.000000 0.812763 0.000000 -0.582594 1.000000 1.000000 1.000000
3847.928467 0.000000 3058.479736 0.000000 0.818053 0.000000 -0.575143 1.000000 1.000000 1.000000
3942.696777 0.000000 3054.468018 0.000000 0.994352 0.000000 -0.106134 1.000000 1.000000 1.000000
3931.780762 0.000000 3051.496338 0.000000 0.954125 0.000000 -0.299409 1.000000 1.000000 1.000000
3930.683105 0.000000 3045.972656 0.000000 0.738450 0.000000 -0.674308 1.000000 1.000000 1.000000
3997.406738 0.000000 3041.359375 0.000000 0.903512 0.000000 -0.428563 1.000000 1.000000 1.000000
3928.638672 0.000000 3036.031006 0.000000 0.964150 0.000000 -0.265359 1.000000 1.000000 1.000000
3931.203613 0.000000 3039.685791 0.000000 0.697895 0.000000 -0.716201 1.000000 1.000000 1.000000
3930.412109 0.000000 3042.889648 0.000000 0.659023 0.000000 -0.752123 1.000000 1.000000 1.000000
3941.531738 0.000000 3050.298096 0.000000 0.950108 0.000000 -0.311920 1.000000 1.000000 1.000000
3930.470703 0.000000 3049.163330 0.000000 0.673322 0.000000 -0.739350 1.000000 1.000000 1.000000
3997.938965 0.000000 3045.993896 0.000000 0.994228 0.000000 -0.107284 1.000000 1.000000 1.000000
3942.644043 0.000000 3052.418701 0.000000 0.987904 0.000000 -0.155067 1.000000 1.000000 1.000000
3996.314941 0.000000 3042.773926 0.000000 0.858678 0.000000 -0.512516 1.000000 1.000000 1.000000
3940.303467 0.000000 3051.386963 0.000000 0.887771 0.000000 -0.460285 1.000000 1.000000 1.000000
3698.715820 0.000000 3124.740723 0.000000 0.686778 0.000000 -0.726867 1.000000 1.000000 1.000000
3659.919922 0.000000 3066.110840 0.000000 0.999656 0.000000 -0.026237 1.000000 1.000000 1.000000
3664.633301 0.000000 3059.474365 0.000000 0.851050 0.000000 -0.525084 1.000000 1.000000 1.000000
3733.595703 0.000000 3130.722168 0.000000 0.937854 0.000000 -0.347030 1.000000 1.000000 1.000000
3676.472412 0.000000 3062.593018 0.000000 0.901171 0.000000 -0.433463 1.000000 1.000000 1.000000
3764.083984 0.000000 3077.587402 0.000000 0.875039 0.000000 -0.484052 1.000000 1.000000 1.000000
3805.781006 0.000000 3117.856689 0.000000 0.920391 0.000000 -0.390999 1.000000 1.000000 1.000000
3750.538818 0.000000 3075.124268 0.000000 0.904810 0.000000 -0.425816 1.000000 1.000000 1.000000
3800.401123 0.000000 3101.653076 0.000000 0.940526 0.000000 -0.339720 1.000000 1.000000 1.000000
3745.203857 0.000000 3131.008545 0.000000 0.983179 0.000000 -0.182646 1.000000 1.000000 1.000000
3805.295166 0.000000 3104.530273 0.000000 0.997536 0.000000 -0.070150 1.000000 1.000000 1.000000
3804.216309 0.000000 3113.160156 0.000000 0.990660 0.000000 -0.136359 1.000000 1.000000 1.000000
3753.351318 0.000000 3079.588379 0.000000 0.761666 0.000000 -0.647970 1.000000 1.000000 1.000000
3747.482666 0.000000 3074.178955 0.000000 0.654859 0.000000 -0.755751 1.000000 1.000000 1.000000
3745.707520 0.000000 3137.913818 0.000000 0.977025 0.000000 -0.213126 1.000000 1.000000 1.000000
3774.065186 0.000000 3067.813477 0.000000 0.667464 0.000000 -0.744642 1.000000 1.000000 1.000000
3752.429443 0.000000 3148.601318 0.000000 0.717708 0.000000 -0.696344 1.000000 1.000000 1.000000
3777.702637 0.000000 3065.492432 0.000000 0.734293 0.000000 -0.678833 1.000000 1.000000 1.000000
3763.197021 0.000000 3085.229736 0.000000 0.789561 0.000000 -0.613672 1.000000 1.000000 1.000000
3745.431152 0.000000 3073.660156 0.000000 0.692075 0.000000 -0.721826 1.000000 1.000000 1.000000
3754.888428 0.000000 3076.308838 0.000000 0.640751 0.000000 -0.767749 1.000000 1.000000 1.000000
3777.231445 0.000000 3067.801270 0.000000 0.987035 0.000000 -0.160506 1.000000 1.000000 1.000000
3812.019775 0.000000 3106.537109 0.000000 0.999770 0.000000 -0.021429 1.000000 1.000000 1.000000
3765.603271 0.000000 3072.998291 0.000000 0.969684 0.000000 -0.244364 1.000000 1.000000 1.000000
3801.113281 0.000000 3103.148926 0.000000 0.834184 0.000000 -0.551486 1.000000 1.000000 1.000000
3742.366943 0.000000 3130.178955 0.000000 0.840836 0.000000 -0.541290 1.000000 1.000000 1.000000
3672.841797 0.000000 3167.571777 0.000000 0.884728 0.000000 -0.466108 1.000000 1.000000 1.000000
3658.112793 0.000000 3170.741211 0.000000 0.990875 0.000000 -0.134780 1.000000 1.000000 1.000000
3660.858887 0.000000 3172.188477 0.000000 0.764591 0.000000 -0.644515 1.000000 1.000000 1.000000
3660.018799 0.000000 3170.101074 0.000000 0.868291 0.000000 -0.496056 1.000000 1.000000 1.000000
3659.074219 0.000000 3172.236328 0.000000 0.944691 0.000000 -0.327962 1.000000 1.000000 1.000000
3810.122314 0.000000 3179.950684 0.000000 0.800431 0.000000 -0.599425 1.000000 1.000000 1.000000
3764.262695 0.000000 3152.519531 0.000000 0.995944 0.000000 -0.089980 1.000000 1.000000 1.000000
3754.396729 0.000000 3157.527100 0.000000 0.871145 0.000000 -0.491026 1.000000 1.000000 1.000000
3821.336670 0.000000 3168.533203 0.000000 0.996228 0.000000 -0.086775 1.000000 1.000000 1.000000
3818.730225 0.000000 3169.897949 0.000000 0.999755 0.000000 -0.022134 1.000000 1.000000 1.000000
3762.527832 0.000000 3150.783691 0.000000 0.984224 0.000000 -0.176928 1.000000 1.000000 1.000000
3820.398926 0.000000 3149.683838 0.000000 0.724771 0.000000 -0.688990 1.000000 1.000000 1.000000
3752.230713 0.000000 3157.876953 0.000000 0.986053 0.000000 -0.166434 1.000000 1.000000 1.000000
3790.135254 0.000000 3188.474121 0.000000 0.914209 0.000000 -0.405243 1.000000 1.000000 1.000000
3821.611816 0.000000 3176.888428 0.000000 0.793505 0.000000 -0.608564 1.000000 1.000000 1.000000
3772.057861 0.000000 3192.753174 0.000000 0.831839 0.000000 -0.555017 1.000000 1.000000 1.000000
3750.239746 0.000000 3154.379883 0.000000 0.811504 0.000000 -0.584346 1.000000 1.000000 1.000000
3774.212891 0.000000 3192.656494 0.000000 0.800013 0.000000 -0.599983 1.000000 1.000000 1.000000
3914.059570 0.000000 3111.875732 0.000000 0.988852 0.000000 -0.148900 1.000000 1.000000 1.000000
3833.611328 0.000000 3059.869141 0.000000 0.638800 0.000000 -0.769373 1.000000 1.000000 1.000000
3877.792969 0.000000 3073.120850 0.000000 0.667145 0.000000 -0.744927 1.000000 1.000000 1.000000
3903.693115 0.000000 3068.204590 0.000000 0.718071 0.000000 -0.695970 1.000000 1.000000 1.000000
3905.855713 0.000000 3073.832275 0.000000 0.912868 0.000000 -0.408254 1.000000 1.000000 1.000000
3883.432861 0.000000 3063.709473 0.000000 0.965663 0.000000 -0.259797 1.000000 1.000000 1.000000
3866.028320 0.000000 3063.161133 0.000000 0.986154 0.000000 -0.165835 1.000000 1.000000 1.000000
3839.544922 0.000000 3063.766357 0.000000 0.897834 0.000000 -0.440334 1.000000 1.000000 1.000000
3838.756104 0.000000 3146.714111 0.000000 0.911296 0.000000 -0.411753 1.000000 1.000000 1.000000
3913.638916 0.000000 3083.243164 0.000000 0.777298 0.000000 -0.629132 1.000000 1.000000 1.000000
3885.678223 0.000000 3060.226562 0.000000 0.598550 0.000000 -0.801085 1.000000 1.000000 1.000000
3904.007080 0.000000 3072.713135 0.000000 0.631788 0.000000 -0.775141 1.000000 1.000000 1.000000
3883.116455 0.000000 3061.955078 0.000000 0.889689 0.000000 -0.456567 1.000000 1.000000 1.000000
3839.659180 0.000000 3148.000732 0.000000 0.763904 0.000000 -0.645329 1.000000 1.000000 1.000000
3911.333740 0.000000 3080.608643 0.000000 0.995759 0.000000 -0.092001 1.000000 1.000000 1.000000
3913.541260 0.000000 3081.712402 0.000000 0.866950 0.000000 -0.498395 1.000000 1.000000 1.000000
3844.831055 0.000000 3059.531494 0.000000 0.997621 0.000000 -0.068936 1.000000 1.000000 1.000000
4002.608887 0.000000 3068.614746 0.000000 0.994236 0.000000 -0.107215 1.000000 1.000000 1.000000
3996.294434 0.000000 3125.344727 0.000000 0.812091 0.000000 -0.583531 1.000000 1.000000 1.000000
3974.048828 0.000000 3086.516357 0.000000 0.866149 0.000000 -0.499786 1.000000 1.000000 1.000000
3979.159912 0.000000 3089.089111 0.000000 0.998796 0.000000 -0.049053 1.000000 1.000000 1.000000
3991.953613 0.000000 3127.006836 0.000000 0.970854 0.000000 -0.239670 1.000000 1.000000 1.000000
4008.528076 0.000000 3069.073730 0.000000 0.908744 0.000000 -0.417355 1.000000 1.000000 1.000000
3988.258057 0.000000 3060.374512 0.000000 0.953765 0.000000 -0.300555 1.000000 1.000000 1.000000
3930.988037 0.000000 3124.587402 0.000000 0.864262 0.000000 -0.503042 1.000000 1.000000 1.000000
3928.416748 0.000000 3120.012939 0.000000 0.779437 0.000000 -0.626481 1.000000 1.000000 1.000000
3979.396729 0.000000 3085.543213 0.000000 0.936891 0.000000 -0.349620 1.000000 1.000000 1.000000
3957.139893 0.000000 3113.599365 0.000000 0.994754 0.000000 -0.102296 1.000000 1.000000 1.000000
3960.039551 0.000000 3115.352295 0.000000 0.840641 0.000000 -0.541593 1.000000 1.000000 1.000000
3994.185303 0.000000 3126.463379 0.000000 0.987173 0.000000 -0.159654 1.000000 1.000000 1.000000
3999.463379 0.000000 3133.308105 0.000000 0.868085 0.000000 -0.496415 1.000000 1.000000 1.000000
3934.619873 0.000000 3125.215820 0.000000 0.705728 0.000000 -0.708482 1.000000 1.000000 1.000000
3964.306152 0.000000 3116.794922 0.000000 0.972306 0.000000 -0.233710 1.000000 1.000000 1.000000
3961.605469 0.000000 3114.501465 0.000000 0.958278 0.000000 -0.285839 1.000000 1.000000 1.000000
3958.291992 0.000000 3114.998291 0.000000 0.939703 0.000000 -0.341992 1.000000 1.000000 1.000000
4002.477051 0.000000 3067.172852 0.000000 0.997023 0.000000 -0.077105 1.000000 1.000000 1.000000
3979.906250 0.000000 3084.185303 0.000000 0.598111 0.000000 -0.801413 1.000000 1.000000 1.000000
3995.574463 0.000000 3126.467529 0.000000 0.931028 0.000000 -0.364947 1.000000 1.000000 1.000000
3995.802002 0.000000 3129.595703 0.000000 0.675939 0.000000 -0.736958 1.000000 1.000000 1.000000
3855.326172 0.000000 3167.571777 0.000000 0.997359 0.000000 -0.072636 1.000000 1.000000 1.000000
3845.277588 0.000000 3161.069336 0.000000 0.614534 0.000000 -0.788890 1.000000 1.000000 1.000000
3865.544434 0.000000 3206.263916 0.000000 0.996747 0.000000 -0.080592 1.000000 1.000000 1.000000
3920.324951 0.000000 3157.560547 0.000000 0.995543 0.000000 -0.094311 1.000000 1.000000 1.000000
3842.220947 0.000000 3159.543457 0.000000 0.863961 0.000000 -0.503559 1.000000 1.000000 1.000000
3891.909424 0.000000 3213.873535 0.000000 0.821787 0.000000 -0.569795 1.000000 1.000000 1.000000
3843.063232 0.000000 3161.189209 0.000000 0.691625 0.000000 -0.722257 1.000000 1.000000 1.000000
3889.041260 0.000000 3215.722168 0.000000 0.839256 0.000000 -0.543737 1.000000 1.000000 1.000000
3903.211182 0.000000 3208.465332 0.000000 0.948287 0.000000 -0.317415 1.000000 1.000000 1.000000
3955.565918 0.000000 3172.443359 0.000000 0.637909 0.000000 -0.770112 1.000000 1.000000 1.000000
4002.818848 0.000000 3194.215820 0.000000 0.827180 0.000000 -0.561938 1.000000 1.000000 1.000000
3960.831787 0.000000 3175.667969 0.000000 0.974256 0.000000 -0.225446 1.000000 1.000000 1.000000
4006.519287 0.000000 3197.166016 0.000000 0.747020 0.000000 -0.664801 1.000000 1.000000 1.000000
3929.967041 0.000000 3164.163330 0.000000 0.930820 0.000000 -0.365478 1.000000 1.000000 1.000000
4009.471924 0.000000 3197.453369 0.000000 0.790872 0.000000 -0.611981 1.000000 1.000000 1.000000
3984.386475 0.000000 3189.778564 0.000000 0.979465 0.000000 -0.201613 1.000000 1.000000 1.000000
3924.777100 0.000000 3165.741455 0.000000 0.814445 0.000000 -0.580241 1.000000 1.000000 1.000000
4000.514648 0.000000 3176.236328 0.000000 0.999961 0.000000 -0.008803 1.000000 1.000000 1.000000
4003.879150 0.000000 3156.762939 0.000000 0.626130 0.000000 -0.779719 1.000000 1.000000 1.000000
3951.570801 0.000000 3181.824219 0.000000 0.970433 0.000000 -0.241371 1.000000 1.000000 1.000000
3985.123535 0.000000 3191.258789 0.000000 0.817722 0.000000 -0.575613 1.000000 1.000000 1.000000
3985.902100 0.000000 3189.501709 0.000000 0.923411 0.000000 -0.383814 1.000000 1.000000 1.000000
3999.310547 0.000000 3176.744873 0.000000 0.996861 0.000000 -0.079174 1.000000 1.000000 1.000000
3927.386230 0.000000 3166.731934 0.000000 0.921059 0.000000 -0.389423 1.000000 1.000000 1.000000
4098.673340 0.000000 3035.884766 0.000000 0.687910 0.000000 -0.725796 1.000000 1.000000 1.000000
4095.561523 0.000000 3033.786133 0.000000 0.899760 0.000000 -0.436385 1.000000 1.000000 1.000000
4095.116943 0.000000 3035.168213 0.000000 0.987448 0.000000 -0.157944 1.000000 1.000000 1.000000
4015.725098 0.000000 3070.078369 0.000000 0.964259 0.000000 -0.264962 1.000000 1.000000 1.000000
4032.878906 0.000000 3069.885498 0.000000 0.661547 0.000000 -0.749904 1.000000 1.000000 1.000000
4061.429688 0.000000 3145.779541 0.000000 0.683452 0.000000 -0.729995 1.000000 1.000000 1.000000
4014.666260 0.000000 3087.620850 0.000000 0.896712 0.000000 -0.442615 1.000000 1.000000 1.000000
4089.394531 0.000000 3108.335449 0.000000 0.969312 0.000000 -0.245834 1.000000 1.000000 1.000000
4023.081543 0.000000 3080.756836 0.000000 0.990151 0.000000 -0.140004 1.000000 1.000000 1.000000
4031.060059 0.000000 3096.334717 0.000000 0.941463 0.000000 -0.337115 1.000000 1.000000 1.000000
4070.509277 0.000000 3118.091797 0.000000 0.788893 0.000000 -0.614530 1.000000 1.000000 1.000000
4093.894287 0.000000 3108.816406 0.000000 0.950488 0.000000 -0.310761 1.000000 1.000000 1.000000
4014.956787 0.000000 3084.177490 0.000000 0.999897 0.000000 -0.014326 1.000000 1.000000 1.000000
4018.415039 0.000000 3071.878174 0.000000 0.625884 0.000000 -0.779916 1.000000 1.000000 1.000000
4018.470947 0.000000 3068.356201 0.000000 0.776836 0.000000 -0.629703 1.000000 1.000000 1.000000
4069.363770 0.000000 3120.857178 0.000000 0.630064 0.000000 -0.776544 1.000000 1.000000 1.000000
4029.053223 0.000000 3094.040527 0.000000 0.728627 0.000000 -0.684911 1.000000 1.000000 1.000000
4104.848145 0.000000 3117.882080 0.000000 0.979154 0.000000 -0.203121 1.000000 1.000000 1.000000
4091.361084 0.000000 3109.611816 0.000000 0.648936 0.000000 -0.760843 1.000000 1.000000 1.000000
4103.239258 0.000000 3117.560059 0.000000 0.891271 0.000000 -0.453472 1.000000 1.000000 1.000000
4104.342285 0.000000 3116.547852 0.000000 0.933638 0.000000 -0.358217 1.000000 1.000000 1.000000
4015.779541 0.000000 3087.715332 0.000000 0.727590 0.000000 -0.686013 1.000000 1.000000 1.000000
4135.792480 0.000000 3142.508789 0.000000 0.834605 0.000000 -0.550848 1.000000 1.000000 1.000000
4142.625488 0.000000 3060.416260 0.000000 0.982138 0.000000 -0.188163 1.000000 1.000000 1.000000
4147.563965 0.000000 3140.137207 0.000000 0.787913 0.000000 -0.615787 1.000000 1.000000 1.000000
4193.404785 0.000000 3118.519043 0.000000 0.969471 0.000000 -0.245206 1.000000 1.000000 1.000000
4147.493652 0.000000 3066.449463 0.000000 0.930355 0.000000 -0.366659 1.000000 1.000000 1.000000
4142.416504 0.000000 3145.614990 0.000000 0.923690 0.000000 -0.383139 1.000000 1.000000 1.000000
4176.393066 0.000000 3142.892090 0.000000 0.935660 0.000000 -0.352902 1.000000 1.000000 1.000000
4170.895996 0.000000 3141.795898 0.000000 0.994960 0.000000 -0.100270 1.000000 1.000000 1.000000
4118.320312 0.000000 3079.588379 0.000000 0.911539 0.000000 -0.411213 1.000000 1.000000 1.000000
4163.801270 0.000000 3066.666504 0.000000 0.988993 0.000000 -0.147959 1.000000 1.000000 1.000000
4115.718262 0.000000 3078.125977 0.000000 0.840601 0.000000 -0.541654 1.000000 1.000000 1.000000
4139.152832 0.000000 3145.379395 0.000000 0.991081 0.000000 -0.133259 1.000000 1.000000 1.000000
4174.049316 0.000000 3141.557617 0.000000 0.735264 0.000000 -0.677781 1.000000 1.000000 1.000000
4150.393555 0.000000 3059.842041 0.000000 0.901030 0.000000 -0.433757 1.000000 1.000000 1.000000
4149.900391 0.000000 3066.889648 0.000000 0.708237 0.000000 -0.705975 1.000000 1.000000 1.000000
4122.761230 0.000000 3087.525146 0.000000 0.805979 0.000000 -0.591945 1.000000 1.000000 1.000000
4136.747559 0.000000 3144.984375 0.000000 0.986033 0.000000 -0.166553 1.000000 1.000000 1.000000
4194.673340 0.000000 3120.457520 0.000000 0.856264 0.000000 -0.516539 1.000000 1.000000 1.000000
4137.758789 0.000000 3141.412109 0.000000 0.767704 0.000000 -0.640805 1.000000 1.000000 1.000000
4148.685059 0.000000 3142.264404 0.000000 0.985782 0.000000 -0.168027 1.000000 1.000000 1.000000
4196.306641 0.000000 3145.890625 0.000000 0.814698 0.000000 -0.579886 1.000000 1.000000 1.000000
4196.355957 0.000000 3143.601318 0.000000 0.979096 0.000000 -0.203399 1.000000 1.000000 1.000000
4172.413086 0.000000 3140.752441 0.000000 0.998601 0.000000 -0.052884 1.000000 1.000000 1.000000
4114.777344 0.000000 3076.743408 0.000000 0.847200 0.000000 -0.531274 1.000000 1.000000 1.000000
4119.064941 0.000000 3078.195068 0.000000 0.997930 0.000000 -0.064316 1.000000 1.000000 1.000000
4173.796387 0.000000 3140.243408 0.000000 0.767330 0.000000 -0.641252 1.000000 1.000000 1.000000
4172.058105 0.000000 3143.779541 0.000000 0.819804 0.000000 -0.572645 1.000000 1.000000 1.000000
4059.485352 0.000000 3199.145508 0.000000 0.622199 0.000000 -0.782859 1.000000 1.000000 1.000000
4095.041260 0.000000 3223.479004 0.000000 0.750512 0.000000 -0.660857 1.000000 1.000000 1.000000
4102.162598 0.000000 3208.503418 0.000000 0.765510 0.000000 -0.643424 1.000000 1.000000 1.000000
4041.541016 0.000000 3199.500488 0.000000 0.806498 0.000000 -0.591236 1.000000 1.000000 1.000000
4055.803223 0.000000 3195.217041 0.000000 0.939289 0.000000 -0.343126 1.000000 1.000000 1.000000
4075.949219 0.000000 3169.601562 0.000000 0.814362 0.000000 -0.580357 1.000000 1.000000 1.000000
4045.748779 0.000000 3209.770752 0.000000 0.990227 0.000000 -0.139462 1.000000 1.000000 1.000000
4058.405518 0.000000 3166.240234 0.000000 0.995345 0.000000 -0.096372 1.000000 1.000000 1.000000
4062.552002 0.000000 3160.693604 0.000000 0.999629 0.000000 -0.027223 1.000000 1.000000 1.000000
4059.391357 0.000000 3188.709229 0.000000 0.999796 0.000000 -0.020197 1.000000 1.000000 1.000000
4054.286133 0.000000 3198.350098 0.000000 0.819461 0.000000 -0.573135 1.000000 1.000000 1.000000
4014.730469 0.000000 3151.729736 0.000000 0.910190 0.000000 -0.414191 1.000000 1.000000 1.000000
4055.631836 0.000000 3199.211914 0.000000 0.978023 0.000000 -0.208495 1.000000 1.000000 1.000000
4087.691406 0.000000 3191.817871 0.000000 0.804528 0.000000 -0.593915 1.000000 1.000000 1.000000
4115.507324 0.000000 3165.108643 0.000000 0.892953 0.000000 -0.450149 1.000000 1.000000 1.000000
4113.336914 0.000000 3211.704102 0.000000 0.991831 0.000000 -0.127560 1.000000 1.000000 1.000000
4194.009766 0.000000 3200.073242 0.000000 0.998370 0.000000 -0.057076 1.000000 1.000000 1.000000
4135.606445 0.000000 3180.997070 0.000000 0.782831 0.000000 -0.622235 1.000000 1.000000 1.000000
4190.584961 0.000000 3200.080811 0.000000 0.994351 0.000000 -0.106144 1.000000 1.000000 1.000000
4132.770020 0.000000 3180.260010 0.000000 0.889047 0.000000 -0.457815 1.000000 1.000000 1.000000
4194.610840 0.000000 3197.070801 0.000000 0.966089 0.000000 -0.258210 1.000000 1.000000 1.000000
4130.830566 0.000000 3183.751221 0.000000 0.733483 0.000000 -0.679708 1.000000 1.000000 1.000000
4106.040039 0.000000 3217.185303 0.000000 0.785648 0.000000 -0.618674 1.000000 1.000000 1.000000
4132.329102 0.000000 3182.292480 0.000000 0.862113 0.000000 -0.506715 1.000000 1.000000 1.000000
4133.451660 0.000000 3170.337402 0.000000 0.926298 0.000000 -0.376790 1.000000 1.000000 1.000000
4175.174805 0.000000 3206.780762 0.000000 0.997980 0.000000 -0.063532 1.000000 1.000000 1.000000
4192.242676 0.000000 3199.281494 0.000000 0.999234 0.000000 -0.039130 1.000000 1.000000 1.000000
4193.671387 0.000000 3198.482910 0.000000 0.807014 0.000000 -0.590532 1.000000 1.000000 1.000000
4197.571289 0.000000 3125.010254 0.000000 0.960040 0.000000 -0.279862 1.000000 1.000000 1.000000
4203.601074 0.000000 3149.256348 0.000000 0.769144 0.000000 -0.639075 1.000000 1.000000 1.000000
4209.901855 0.000000 3146.746582 0.000000 0.779443 0.000000 -0.626473 1.000000 1.000000 1.000000
4208.640137 0.000000 3148.601318 0.000000 0.864837 0.000000 -0.502053 1.000000 1.000000 1.000000
4198.778809 0.000000 3146.322510 0.000000 0.685215 0.000000 -0.728341 1.000000 1.000000 1.000000
4199.072754 0.000000 3147.468262 0.000000 0.952662 0.000000 -0.304032 1.000000 1.000000 1.000000
4210.719238 0.000000 3173.537598 0.000000 0.872436 0.000000 -0.488728 1.000000 1.000000 1.000000
4208.484375 0.000000 3149.472900 0.000000 0.999960 0.000000 -0.008960 1.000000 1.000000 1.000000
4214.466309 0.000000 3168.676514 0.000000 0.976983 0.000000 -0.213315 1.000000 1.000000 1.000000
3906.961670 0.000000 3271.205566 0.000000 0.907103 0.000000 -0.420909 1.000000 1.000000 1.000000
3913.010742 0.000000 3265.074463 0.000000 0.794545 0.000000 -0.607205 1.000000 1.000000 1.000000
3913.172363 0.000000 3271.585449 0.000000 0.998397 0.000000 -0.056595 1.000000 1.000000 1.000000
3962.986328 0.000000 3322.806641 0.000000 0.761520 0.000000 -0.648142 1.000000 1.000000 1.000000
3950.334473 0.000000 3329.482422 0.000000 0.995845 0.000000 -0.091067 1.000000 1.000000 1.000000
3952.972900 0.000000 3329.653564 0.000000 0.819574 0.000000 -0.572973 1.000000 1.000000 1.000000
4023.389893 0.000000 3283.069092 0.000000 0.861257 0.000000 -0.508170 1.000000 1.000000 1.000000
4024.888672 0.000000 3246.079590 0.000000 0.781218 0.000000 -0.624258 1.000000 1.000000 1.000000
4041.079834 0.000000 3245.395508 0.000000 0.966098 0.000000 -0.258175 1.000000 1.000000 1.000000
4031.131348 0.000000 3272.581543 0.000000 0.949233 0.000000 -0.314573 1.000000 1.000000 1.000000
4030.929443 0.000000 3252.897461 0.000000 0.732169 0.000000 -0.681123 1.000000 1.000000 1.000000
4028.123291 0.000000 3247.511475 0.000000 0.991596 0.000000 -0.129371 1.000000 1.000000 1.000000
4064.867432 0.000000 3286.593506 0.000000 0.967043 0.000000 -0.254612 1.000000 1.000000 1.000000
4067.182129 0.000000 3288.862305 0.000000 0.706204 0.000000 -0.708008 1.000000 1.000000 1.000000
4027.296631 0.000000 3245.095703 0.000000 0.802748 0.000000 -0.596319 1.000000 1.000000 1.000000
4075.628662 0.000000 3279.762939 0.000000 0.724130 0.000000 -0.689664 1.000000 1.000000 1.000000
4091.361084 0.000000 3289.580566 0.000000 0.997932 0.000000 -0.064277 1.000000 1.000000 1.000000
4025.165527 0.000000 3278.617920 0.000000 0.606744 0.000000 -0.794897 1.000000 1.000000 1.000000
4129.231445 0.000000 3242.503906 0.000000 0.986243 0.000000 -0.165305 1.000000 1.000000 1.000000
4124.121094 0.000000 3249.854248 0.000000 0.792104 0.000000 -0.610386 1.000000 1.000000 1.000000
4136.040527 0.000000 3242.551270 0.000000 0.857641 0.000000 -0.514249 1.000000 1.000000 1.000000
4140.882324 0.000000 3246.458496 0.000000 0.733102 0.000000 -0.680118 1.000000 1.000000 1.000000
4136.630371 0.000000 3244.484863 0.000000 0.870584 0.000000 -0.492020 1.000000 1.000000 1.000000
8429.213867 0.000000 691.446716 0.000000 0.706529 0.000000 -0.707684 1.000000 1.000000 1.000000
8427.653320 0.000000 686.701111 0.000000 0.834246 0.000000 -0.551393 1.000000 1.000000 1.000000
8578.235352 0.000000 618.390991 0.000000 0.850777 0.000000 -0.525527 1.000000 1.000000 1.000000
8581.574219 0.000000 625.270020 0.000000 0.842064 0.000000 -0.539378 1.000000 1.000000 1.000000
"}
object={
	name="tree_cypress_01_generator_1_2"
	render_pass=Map
	clamp_to_water_level=no
	generated_content=yes
	layer="tree_high_layer"
	pdxmesh="tree_cypress_01_c_mesh"
	count=1461
	transform="2313.051514 0.000000 2863.158936 0.000000 0.047375 0.000000 -0.998877 1.000000 1.000000 1.000000
2326.144287 0.000000 2852.630371 0.000000 0.332153 0.000000 -0.943225 1.000000 1.000000 1.000000
2323.642578 0.000000 2852.069824 0.000000 0.415272 0.000000 -0.909697 1.000000 1.000000 1.000000
3549.749512 0.000000 2517.796875 0.000000 0.498381 0.000000 -0.866958 1.000000 1.000000 1.000000
2974.234619 0.000000 2797.978516 0.000000 0.344798 0.000000 -0.938677 1.000000 1.000000 1.000000
2929.982422 0.000000 2796.157715 0.000000 0.248105 0.000000 -0.968733 1.000000 1.000000 1.000000
3000.433350 0.000000 2800.650146 0.000000 0.435285 0.000000 -0.900293 1.000000 1.000000 1.000000
3098.124023 0.000000 2855.740479 0.000000 0.564750 0.000000 -0.825262 1.000000 1.000000 1.000000
3106.044189 0.000000 2873.041260 0.000000 0.272233 0.000000 -0.962231 1.000000 1.000000 1.000000
3208.843506 0.000000 2871.095215 0.000000 0.083312 0.000000 -0.996523 1.000000 1.000000 1.000000
3198.284912 0.000000 2874.879639 0.000000 0.073439 0.000000 -0.997300 1.000000 1.000000 1.000000
3521.374023 0.000000 2602.490479 0.000000 0.366148 0.000000 -0.930557 1.000000 1.000000 1.000000
3512.824219 0.000000 2533.214600 0.000000 0.244757 0.000000 -0.969585 1.000000 1.000000 1.000000
3515.250244 0.000000 2599.879883 0.000000 0.107929 0.000000 -0.994159 1.000000 1.000000 1.000000
3516.621094 0.000000 2603.352539 0.000000 0.004244 0.000000 -0.999991 1.000000 1.000000 1.000000
3483.678223 0.000000 2552.706543 0.000000 0.106383 0.000000 -0.994325 1.000000 1.000000 1.000000
3505.858887 0.000000 2580.983154 0.000000 0.521758 0.000000 -0.853093 1.000000 1.000000 1.000000
3525.920898 0.000000 2519.986084 0.000000 0.043955 0.000000 -0.999034 1.000000 1.000000 1.000000
3496.317139 0.000000 2541.716553 0.000000 0.183432 0.000000 -0.983032 1.000000 1.000000 1.000000
3488.738770 0.000000 2566.779297 0.000000 0.581639 0.000000 -0.813447 1.000000 1.000000 1.000000
3578.473633 0.000000 2597.851318 0.000000 0.353402 0.000000 -0.935471 1.000000 1.000000 1.000000
3569.005371 0.000000 2592.209717 0.000000 0.194994 0.000000 -0.980804 1.000000 1.000000 1.000000
3530.576172 0.000000 2623.247070 0.000000 0.538778 0.000000 -0.842448 1.000000 1.000000 1.000000
3529.751953 0.000000 2626.554932 0.000000 0.361136 0.000000 -0.932513 1.000000 1.000000 1.000000
3528.124512 0.000000 2623.321533 0.000000 0.432061 0.000000 -0.901844 1.000000 1.000000 1.000000
3592.081055 0.000000 2642.233643 0.000000 0.160170 0.000000 -0.987089 1.000000 1.000000 1.000000
3604.066406 0.000000 2623.198975 0.000000 0.228867 0.000000 -0.973458 1.000000 1.000000 1.000000
3604.737793 0.000000 2628.784424 0.000000 0.205025 0.000000 -0.978757 1.000000 1.000000 1.000000
3584.592529 0.000000 2626.239014 0.000000 0.393537 0.000000 -0.919309 1.000000 1.000000 1.000000
3565.600586 0.000000 2650.944092 0.000000 0.346020 0.000000 -0.938227 1.000000 1.000000 1.000000
3396.635498 0.000000 2781.372803 0.000000 0.226688 0.000000 -0.973967 1.000000 1.000000 1.000000
3397.538574 0.000000 2783.714111 0.000000 0.201973 0.000000 -0.979391 1.000000 1.000000 1.000000
3429.162842 0.000000 2787.576416 0.000000 0.360481 0.000000 -0.932766 1.000000 1.000000 1.000000
3419.609619 0.000000 2785.752197 0.000000 0.038738 0.000000 -0.999249 1.000000 1.000000 1.000000
3361.759277 0.000000 2875.883057 0.000000 0.482178 0.000000 -0.876073 1.000000 1.000000 1.000000
3430.131836 0.000000 2872.443604 0.000000 0.414885 0.000000 -0.909874 1.000000 1.000000 1.000000
3454.998535 0.000000 2817.598633 0.000000 0.458420 0.000000 -0.888736 1.000000 1.000000 1.000000
3383.229980 0.000000 2866.003906 0.000000 0.176941 0.000000 -0.984222 1.000000 1.000000 1.000000
3386.528076 0.000000 2865.483643 0.000000 0.026859 0.000000 -0.999639 1.000000 1.000000 1.000000
3437.354492 0.000000 2800.994385 0.000000 0.094997 0.000000 -0.995478 1.000000 1.000000 1.000000
3385.025879 0.000000 2878.192871 0.000000 0.238696 0.000000 -0.971094 1.000000 1.000000 1.000000
3431.732666 0.000000 2873.689697 0.000000 0.473220 0.000000 -0.880944 1.000000 1.000000 1.000000
3414.999023 0.000000 2807.451904 0.000000 0.028457 0.000000 -0.999595 1.000000 1.000000 1.000000
3418.021484 0.000000 2805.942871 0.000000 0.332148 0.000000 -0.943227 1.000000 1.000000 1.000000
996.438904 0.000000 2945.900391 0.000000 0.298560 0.000000 -0.954391 1.000000 1.000000 1.000000
978.094910 0.000000 2944.988770 0.000000 0.532849 0.000000 -0.846210 1.000000 1.000000 1.000000
991.629578 0.000000 2945.830322 0.000000 0.399756 0.000000 -0.916622 1.000000 1.000000 1.000000
995.313538 0.000000 2947.400391 0.000000 0.108233 0.000000 -0.994126 1.000000 1.000000 1.000000
1042.499146 0.000000 2936.269043 0.000000 0.215110 0.000000 -0.976590 1.000000 1.000000 1.000000
1033.120361 0.000000 2943.514893 0.000000 0.483515 0.000000 -0.875336 1.000000 1.000000 1.000000
1080.767578 0.000000 2943.778564 0.000000 0.483999 0.000000 -0.875069 1.000000 1.000000 1.000000
1007.249451 0.000000 2933.838623 0.000000 0.582908 0.000000 -0.812538 1.000000 1.000000 1.000000
1068.316406 0.000000 2949.030273 0.000000 0.033194 0.000000 -0.999449 1.000000 1.000000 1.000000
1085.915527 0.000000 2958.841064 0.000000 0.331190 0.000000 -0.943564 1.000000 1.000000 1.000000
1032.050781 0.000000 2952.701660 0.000000 0.479232 0.000000 -0.877689 1.000000 1.000000 1.000000
1026.157715 0.000000 2966.001221 0.000000 0.280454 0.000000 -0.959867 1.000000 1.000000 1.000000
1023.992859 0.000000 2947.181641 0.000000 0.016795 0.000000 -0.999859 1.000000 1.000000 1.000000
1090.121948 0.000000 2948.624512 0.000000 0.568137 0.000000 -0.822934 1.000000 1.000000 1.000000
1010.662231 0.000000 2952.905273 0.000000 0.374563 0.000000 -0.927201 1.000000 1.000000 1.000000
1021.446594 0.000000 2951.817627 0.000000 0.159213 0.000000 -0.987244 1.000000 1.000000 1.000000
1037.615356 0.000000 2954.654053 0.000000 0.104804 0.000000 -0.994493 1.000000 1.000000 1.000000
1083.758667 0.000000 2958.631348 0.000000 0.506550 0.000000 -0.862211 1.000000 1.000000 1.000000
1035.929810 0.000000 2929.426758 0.000000 0.546450 0.000000 -0.837492 1.000000 1.000000 1.000000
1029.446167 0.000000 2946.196289 0.000000 0.500064 0.000000 -0.865988 1.000000 1.000000 1.000000
1018.315430 0.000000 2966.022949 0.000000 0.165215 0.000000 -0.986258 1.000000 1.000000 1.000000
1073.719116 0.000000 2953.598145 0.000000 0.204191 0.000000 -0.978931 1.000000 1.000000 1.000000
982.247864 0.000000 3014.299805 0.000000 0.125684 0.000000 -0.992070 1.000000 1.000000 1.000000
948.940125 0.000000 3055.630615 0.000000 0.428265 0.000000 -0.903653 1.000000 1.000000 1.000000
960.468872 0.000000 3049.801758 0.000000 0.123337 0.000000 -0.992365 1.000000 1.000000 1.000000
988.551453 0.000000 2975.558105 0.000000 0.046565 0.000000 -0.998915 1.000000 1.000000 1.000000
1058.148560 0.000000 2977.947266 0.000000 0.509689 0.000000 -0.860359 1.000000 1.000000 1.000000
1045.329590 0.000000 3050.152832 0.000000 0.112730 0.000000 -0.993626 1.000000 1.000000 1.000000
1056.683228 0.000000 3024.650635 0.000000 0.303332 0.000000 -0.952885 1.000000 1.000000 1.000000
1038.301514 0.000000 3046.952637 0.000000 0.332774 0.000000 -0.943007 1.000000 1.000000 1.000000
1031.152222 0.000000 3013.043213 0.000000 0.037568 0.000000 -0.999294 1.000000 1.000000 1.000000
1064.466309 0.000000 3044.798584 0.000000 0.268891 0.000000 -0.963171 1.000000 1.000000 1.000000
1053.082031 0.000000 3053.274414 0.000000 0.024158 0.000000 -0.999708 1.000000 1.000000 1.000000
1032.050781 0.000000 3042.686035 0.000000 0.165751 0.000000 -0.986168 1.000000 1.000000 1.000000
1012.991394 0.000000 3010.027832 0.000000 0.230376 0.000000 -0.973102 1.000000 1.000000 1.000000
1023.132080 0.000000 3005.395752 0.000000 0.308253 0.000000 -0.951304 1.000000 1.000000 1.000000
1065.057617 0.000000 2980.963135 0.000000 0.164996 0.000000 -0.986294 1.000000 1.000000 1.000000
1008.750916 0.000000 3004.798828 0.000000 0.267635 0.000000 -0.963520 1.000000 1.000000 1.000000
1042.403687 0.000000 3008.026367 0.000000 0.232453 0.000000 -0.972608 1.000000 1.000000 1.000000
1030.535889 0.000000 3000.291260 0.000000 0.057173 0.000000 -0.998364 1.000000 1.000000 1.000000
1067.815918 0.000000 2980.547363 0.000000 0.338125 0.000000 -0.941101 1.000000 1.000000 1.000000
1032.649780 0.000000 2998.152100 0.000000 0.458173 0.000000 -0.888863 1.000000 1.000000 1.000000
1054.473511 0.000000 3022.750000 0.000000 0.184254 0.000000 -0.982879 1.000000 1.000000 1.000000
1036.628052 0.000000 3040.882080 0.000000 0.464460 0.000000 -0.885594 1.000000 1.000000 1.000000
1025.262085 0.000000 2970.814941 0.000000 0.200154 0.000000 -0.979764 1.000000 1.000000 1.000000
1031.523438 0.000000 2977.302246 0.000000 0.170120 0.000000 -0.985423 1.000000 1.000000 1.000000
1048.317749 0.000000 3054.813232 0.000000 0.071418 0.000000 -0.997446 1.000000 1.000000 1.000000
1005.027039 0.000000 2985.772705 0.000000 0.207616 0.000000 -0.978210 1.000000 1.000000 1.000000
1033.122314 0.000000 3003.353271 0.000000 0.317195 0.000000 -0.948360 1.000000 1.000000 1.000000
1050.710083 0.000000 3053.548584 0.000000 0.378361 0.000000 -0.925658 1.000000 1.000000 1.000000
1009.115540 0.000000 2996.297363 0.000000 0.267182 0.000000 -0.963646 1.000000 1.000000 1.000000
1053.012207 0.000000 3018.329102 0.000000 0.257067 0.000000 -0.966394 1.000000 1.000000 1.000000
1043.052979 0.000000 3006.321777 0.000000 0.043397 0.000000 -0.999058 1.000000 1.000000 1.000000
1017.436035 0.000000 2979.337402 0.000000 0.318565 0.000000 -0.947901 1.000000 1.000000 1.000000
1049.234009 0.000000 3053.657715 0.000000 0.511223 0.000000 -0.859448 1.000000 1.000000 1.000000
1008.246521 0.000000 3000.901367 0.000000 0.369698 0.000000 -0.929152 1.000000 1.000000 1.000000
1036.196167 0.000000 3044.897705 0.000000 0.576631 0.000000 -0.817005 1.000000 1.000000 1.000000
977.273193 0.000000 3117.856689 0.000000 0.315095 0.000000 -0.949060 1.000000 1.000000 1.000000
991.459351 0.000000 3087.551758 0.000000 0.197052 0.000000 -0.980393 1.000000 1.000000 1.000000
973.423401 0.000000 3108.913818 0.000000 0.524994 0.000000 -0.851106 1.000000 1.000000 1.000000
982.916382 0.000000 3142.892090 0.000000 0.423044 0.000000 -0.906109 1.000000 1.000000 1.000000
958.714294 0.000000 3078.706299 0.000000 0.010563 0.000000 -0.999944 1.000000 1.000000 1.000000
953.117188 0.000000 3074.685547 0.000000 0.437451 0.000000 -0.899242 1.000000 1.000000 1.000000
980.961426 0.000000 3127.006836 0.000000 0.143830 0.000000 -0.989602 1.000000 1.000000 1.000000
1082.858887 0.000000 3068.614746 0.000000 0.464832 0.000000 -0.885399 1.000000 1.000000 1.000000
1045.158081 0.000000 3091.197998 0.000000 0.085924 0.000000 -0.996302 1.000000 1.000000 1.000000
1074.158569 0.000000 3142.892090 0.000000 0.074478 0.000000 -0.997223 1.000000 1.000000 1.000000
1077.347778 0.000000 3073.832275 0.000000 0.407359 0.000000 -0.913268 1.000000 1.000000 1.000000
1054.603760 0.000000 3072.109131 0.000000 0.325434 0.000000 -0.945565 1.000000 1.000000 1.000000
1042.925659 0.000000 3127.915039 0.000000 0.093042 0.000000 -0.995662 1.000000 1.000000 1.000000
1008.441833 0.000000 3137.913818 0.000000 0.183882 0.000000 -0.982948 1.000000 1.000000 1.000000
1017.909607 0.000000 3086.482422 0.000000 0.166181 0.000000 -0.986095 1.000000 1.000000 1.000000
1021.659241 0.000000 3066.927002 0.000000 0.364070 0.000000 -0.931372 1.000000 1.000000 1.000000
1008.750916 0.000000 3094.783203 0.000000 0.332584 0.000000 -0.943074 1.000000 1.000000 1.000000
1045.605103 0.000000 3128.536621 0.000000 0.001343 0.000000 -0.999999 1.000000 1.000000 1.000000
1079.939453 0.000000 3073.738281 0.000000 0.064403 0.000000 -0.997924 1.000000 1.000000 1.000000
1063.968506 0.000000 3127.764893 0.000000 0.365762 0.000000 -0.930709 1.000000 1.000000 1.000000
1060.468506 0.000000 3075.290771 0.000000 0.433671 0.000000 -0.901071 1.000000 1.000000 1.000000
1064.536865 0.000000 3137.291992 0.000000 0.166402 0.000000 -0.986058 1.000000 1.000000 1.000000
1001.850952 0.000000 3217.609375 0.000000 0.179284 0.000000 -0.983797 1.000000 1.000000 1.000000
997.535767 0.000000 3159.058105 0.000000 0.068468 0.000000 -0.997653 1.000000 1.000000 1.000000
998.118896 0.000000 3171.773682 0.000000 0.390094 0.000000 -0.920775 1.000000 1.000000 1.000000
991.422607 0.000000 3151.959473 0.000000 0.139427 0.000000 -0.990232 1.000000 1.000000 1.000000
994.305298 0.000000 3199.242920 0.000000 0.258431 0.000000 -0.966030 1.000000 1.000000 1.000000
996.304260 0.000000 3157.559082 0.000000 0.094674 0.000000 -0.995508 1.000000 1.000000 1.000000
1025.239990 0.000000 3213.089600 0.000000 0.493800 0.000000 -0.869576 1.000000 1.000000 1.000000
1038.762085 0.000000 3219.455322 0.000000 0.183532 0.000000 -0.983014 1.000000 1.000000 1.000000
1019.524170 0.000000 3154.847168 0.000000 0.509230 0.000000 -0.860630 1.000000 1.000000 1.000000
1016.769775 0.000000 3161.069336 0.000000 0.318010 0.000000 -0.948087 1.000000 1.000000 1.000000
1027.801147 0.000000 3217.815186 0.000000 0.435954 0.000000 -0.899969 1.000000 1.000000 1.000000
1016.304382 0.000000 3155.111328 0.000000 0.227482 0.000000 -0.973782 1.000000 1.000000 1.000000
1011.014526 0.000000 3175.680664 0.000000 0.107404 0.000000 -0.994215 1.000000 1.000000 1.000000
1017.012512 0.000000 3210.012939 0.000000 0.181457 0.000000 -0.983399 1.000000 1.000000 1.000000
1061.213623 0.000000 3227.895020 0.000000 0.468951 0.000000 -0.883224 1.000000 1.000000 1.000000
1095.336914 0.000000 2945.041504 0.000000 0.012434 0.000000 -0.999923 1.000000 1.000000 1.000000
1173.943726 0.000000 2907.583008 0.000000 0.389094 0.000000 -0.921198 1.000000 1.000000 1.000000
1160.551147 0.000000 2917.331787 0.000000 0.123462 0.000000 -0.992349 1.000000 1.000000 1.000000
1150.811646 0.000000 2881.643311 0.000000 0.206732 0.000000 -0.978398 1.000000 1.000000 1.000000
1114.934692 0.000000 2957.788818 0.000000 0.517711 0.000000 -0.855556 1.000000 1.000000 1.000000
1165.428467 0.000000 2939.883301 0.000000 0.122353 0.000000 -0.992487 1.000000 1.000000 1.000000
1159.560669 0.000000 2953.219482 0.000000 0.117120 0.000000 -0.993118 1.000000 1.000000 1.000000
1115.167114 0.000000 2953.212646 0.000000 0.312187 0.000000 -0.950021 1.000000 1.000000 1.000000
1131.922974 0.000000 2944.617432 0.000000 0.470180 0.000000 -0.882570 1.000000 1.000000 1.000000
1144.420898 0.000000 2916.526611 0.000000 0.327141 0.000000 -0.944975 1.000000 1.000000 1.000000
1108.012085 0.000000 2945.076416 0.000000 0.033499 0.000000 -0.999439 1.000000 1.000000 1.000000
1144.536377 0.000000 2937.520508 0.000000 0.440959 0.000000 -0.897527 1.000000 1.000000 1.000000
1127.144165 0.000000 2942.784668 0.000000 0.542505 0.000000 -0.840053 1.000000 1.000000 1.000000
1119.929199 0.000000 2927.676758 0.000000 0.487237 0.000000 -0.873270 1.000000 1.000000 1.000000
1116.441895 0.000000 2926.716797 0.000000 0.292194 0.000000 -0.956359 1.000000 1.000000 1.000000
1130.749023 0.000000 2946.902832 0.000000 0.302622 0.000000 -0.953111 1.000000 1.000000 1.000000
1110.430786 0.000000 2950.117188 0.000000 0.582788 0.000000 -0.812625 1.000000 1.000000 1.000000
1240.319214 0.000000 2962.427979 0.000000 0.243840 0.000000 -0.969816 1.000000 1.000000 1.000000
1227.782593 0.000000 2919.714355 0.000000 0.503630 0.000000 -0.863920 1.000000 1.000000 1.000000
1242.961182 0.000000 2956.015869 0.000000 0.560657 0.000000 -0.828048 1.000000 1.000000 1.000000
1193.195435 0.000000 2912.739502 0.000000 0.010952 0.000000 -0.999940 1.000000 1.000000 1.000000
1253.593506 0.000000 2964.220703 0.000000 0.397082 0.000000 -0.917783 1.000000 1.000000 1.000000
1213.067383 0.000000 2963.846191 0.000000 0.059318 0.000000 -0.998239 1.000000 1.000000 1.000000
1253.062256 0.000000 2933.220459 0.000000 0.375352 0.000000 -0.926882 1.000000 1.000000 1.000000
1212.201904 0.000000 2962.230957 0.000000 0.406870 0.000000 -0.913486 1.000000 1.000000 1.000000
1211.853882 0.000000 2965.146729 0.000000 0.447611 0.000000 -0.894229 1.000000 1.000000 1.000000
1261.621338 0.000000 2937.033203 0.000000 0.338524 0.000000 -0.940958 1.000000 1.000000 1.000000
1252.113403 0.000000 2933.994385 0.000000 0.342357 0.000000 -0.939570 1.000000 1.000000 1.000000
1116.482178 0.000000 3033.120850 0.000000 0.402864 0.000000 -0.915260 1.000000 1.000000 1.000000
1105.199463 0.000000 3026.688721 0.000000 0.137917 0.000000 -0.990444 1.000000 1.000000 1.000000
1171.946777 0.000000 3055.851807 0.000000 0.315801 0.000000 -0.948825 1.000000 1.000000 1.000000
1167.786743 0.000000 3035.360352 0.000000 0.462805 0.000000 -0.886460 1.000000 1.000000 1.000000
1121.147827 0.000000 2997.553223 0.000000 0.304887 0.000000 -0.952388 1.000000 1.000000 1.000000
1166.427490 0.000000 2978.220215 0.000000 0.189642 0.000000 -0.981853 1.000000 1.000000 1.000000
1150.652100 0.000000 2999.104736 0.000000 0.272414 0.000000 -0.962180 1.000000 1.000000 1.000000
1099.111694 0.000000 3016.320801 0.000000 0.408350 0.000000 -0.912826 1.000000 1.000000 1.000000
1119.043335 0.000000 3037.846436 0.000000 0.010798 0.000000 -0.999942 1.000000 1.000000 1.000000
1128.446899 0.000000 3035.450439 0.000000 0.564884 0.000000 -0.825170 1.000000 1.000000 1.000000
1168.239502 0.000000 3057.846191 0.000000 0.136251 0.000000 -0.990674 1.000000 1.000000 1.000000
1121.199585 0.000000 3007.525391 0.000000 0.276214 0.000000 -0.961096 1.000000 1.000000 1.000000
1098.486328 0.000000 3019.554932 0.000000 0.239506 0.000000 -0.970895 1.000000 1.000000 1.000000
1105.473389 0.000000 3045.452393 0.000000 0.369990 0.000000 -0.929036 1.000000 1.000000 1.000000
1150.831055 0.000000 3049.194580 0.000000 0.433605 0.000000 -0.901103 1.000000 1.000000 1.000000
1101.904419 0.000000 3042.889648 0.000000 0.132218 0.000000 -0.991221 1.000000 1.000000 1.000000
1158.848511 0.000000 2995.025391 0.000000 0.279805 0.000000 -0.960057 1.000000 1.000000 1.000000
1162.945557 0.000000 2992.776611 0.000000 0.585080 0.000000 -0.810976 1.000000 1.000000 1.000000
1166.678833 0.000000 3055.505859 0.000000 0.479914 0.000000 -0.877316 1.000000 1.000000 1.000000
1159.995728 0.000000 2985.279053 0.000000 0.039900 0.000000 -0.999204 1.000000 1.000000 1.000000
1185.970825 0.000000 3003.803711 0.000000 0.349328 0.000000 -0.937001 1.000000 1.000000 1.000000
1185.215332 0.000000 3040.439697 0.000000 0.000841 0.000000 -1.000000 1.000000 1.000000 1.000000
1182.454102 0.000000 3004.599609 0.000000 0.066687 0.000000 -0.997774 1.000000 1.000000 1.000000
1126.354614 0.000000 2994.835938 0.000000 0.322615 0.000000 -0.946530 1.000000 1.000000 1.000000
1161.333252 0.000000 2994.671875 0.000000 0.009851 0.000000 -0.999951 1.000000 1.000000 1.000000
1148.244873 0.000000 2998.864746 0.000000 0.258712 0.000000 -0.965954 1.000000 1.000000 1.000000
1113.004272 0.000000 3047.373779 0.000000 0.331633 0.000000 -0.943409 1.000000 1.000000 1.000000
1128.266357 0.000000 3033.955078 0.000000 0.114891 0.000000 -0.993378 1.000000 1.000000 1.000000
1123.855225 0.000000 2996.854492 0.000000 0.008282 0.000000 -0.999966 1.000000 1.000000 1.000000
1122.351807 0.000000 2997.450439 0.000000 0.123160 0.000000 -0.992387 1.000000 1.000000 1.000000
1219.784180 0.000000 3002.171143 0.000000 0.083020 0.000000 -0.996548 1.000000 1.000000 1.000000
1210.960693 0.000000 3043.089355 0.000000 0.525754 0.000000 -0.850637 1.000000 1.000000 1.000000
1234.994019 0.000000 3002.973877 0.000000 0.532869 0.000000 -0.846198 1.000000 1.000000 1.000000
1243.409546 0.000000 3032.082275 0.000000 0.566514 0.000000 -0.824052 1.000000 1.000000 1.000000
1237.919189 0.000000 2987.571045 0.000000 0.586356 0.000000 -0.810053 1.000000 1.000000 1.000000
1257.669678 0.000000 2978.220215 0.000000 0.387002 0.000000 -0.922079 1.000000 1.000000 1.000000
1266.605469 0.000000 3002.962402 0.000000 0.291227 0.000000 -0.956654 1.000000 1.000000 1.000000
1267.223145 0.000000 3008.996094 0.000000 0.031241 0.000000 -0.999512 1.000000 1.000000 1.000000
1237.088135 0.000000 2982.124756 0.000000 0.077305 0.000000 -0.997007 1.000000 1.000000 1.000000
1217.833740 0.000000 2997.613281 0.000000 0.297844 0.000000 -0.954615 1.000000 1.000000 1.000000
1233.328003 0.000000 3014.754150 0.000000 0.032233 0.000000 -0.999480 1.000000 1.000000 1.000000
1208.510986 0.000000 2977.378418 0.000000 0.385427 0.000000 -0.922738 1.000000 1.000000 1.000000
1269.698120 0.000000 3031.271973 0.000000 0.320447 0.000000 -0.947266 1.000000 1.000000 1.000000
1246.139038 0.000000 2973.878418 0.000000 0.149620 0.000000 -0.988744 1.000000 1.000000 1.000000
1244.629639 0.000000 2980.338623 0.000000 0.015798 0.000000 -0.999875 1.000000 1.000000 1.000000
1236.122559 0.000000 2991.913818 0.000000 0.562687 0.000000 -0.826670 1.000000 1.000000 1.000000
1225.301880 0.000000 2980.303467 0.000000 0.586118 0.000000 -0.810226 1.000000 1.000000 1.000000
1241.372070 0.000000 2983.329102 0.000000 0.425106 0.000000 -0.905143 1.000000 1.000000 1.000000
1227.350586 0.000000 2997.197998 0.000000 0.578000 0.000000 -0.816037 1.000000 1.000000 1.000000
1253.721924 0.000000 2969.513184 0.000000 0.202235 0.000000 -0.979337 1.000000 1.000000 1.000000
1217.164673 0.000000 3005.047852 0.000000 0.240786 0.000000 -0.970578 1.000000 1.000000 1.000000
1264.217285 0.000000 3000.780518 0.000000 0.430023 0.000000 -0.902818 1.000000 1.000000 1.000000
1239.845215 0.000000 2996.797607 0.000000 0.273667 0.000000 -0.961825 1.000000 1.000000 1.000000
1252.551880 0.000000 3000.623535 0.000000 0.043808 0.000000 -0.999040 1.000000 1.000000 1.000000
1220.527344 0.000000 3049.939209 0.000000 0.133163 0.000000 -0.991094 1.000000 1.000000 1.000000
1276.340210 0.000000 3027.897705 0.000000 0.309976 0.000000 -0.950744 1.000000 1.000000 1.000000
1233.371216 0.000000 3000.926025 0.000000 0.159242 0.000000 -0.987240 1.000000 1.000000 1.000000
1215.606689 0.000000 3003.353271 0.000000 0.251375 0.000000 -0.967890 1.000000 1.000000 1.000000
1239.487061 0.000000 2998.864746 0.000000 0.410269 0.000000 -0.911964 1.000000 1.000000 1.000000
1248.571777 0.000000 2971.488770 0.000000 0.087068 0.000000 -0.996202 1.000000 1.000000 1.000000
1255.370361 0.000000 2998.473633 0.000000 0.055876 0.000000 -0.998438 1.000000 1.000000 1.000000
1268.304688 0.000000 3030.526367 0.000000 0.463062 0.000000 -0.886326 1.000000 1.000000 1.000000
1312.488647 0.000000 3039.486572 0.000000 0.327569 0.000000 -0.944827 1.000000 1.000000 1.000000
1322.219604 0.000000 3019.176758 0.000000 0.542078 0.000000 -0.840328 1.000000 1.000000 1.000000
1320.266602 0.000000 3041.150635 0.000000 0.566207 0.000000 -0.824263 1.000000 1.000000 1.000000
1359.937012 0.000000 3057.703125 0.000000 0.454118 0.000000 -0.890941 1.000000 1.000000 1.000000
1316.964111 0.000000 3045.271484 0.000000 0.500207 0.000000 -0.865906 1.000000 1.000000 1.000000
1297.125854 0.000000 3059.083984 0.000000 0.142715 0.000000 -0.989764 1.000000 1.000000 1.000000
1367.599854 0.000000 3051.430664 0.000000 0.223905 0.000000 -0.974611 1.000000 1.000000 1.000000
1293.653687 0.000000 3048.229248 0.000000 0.398792 0.000000 -0.917041 1.000000 1.000000 1.000000
1295.385742 0.000000 2976.942627 0.000000 0.111039 0.000000 -0.993816 1.000000 1.000000 1.000000
1286.540039 0.000000 2998.556152 0.000000 0.496763 0.000000 -0.867886 1.000000 1.000000 1.000000
1346.097290 0.000000 3031.261719 0.000000 0.336736 0.000000 -0.941599 1.000000 1.000000 1.000000
1294.681519 0.000000 2969.571533 0.000000 0.520210 0.000000 -0.854038 1.000000 1.000000 1.000000
1290.571167 0.000000 3051.487061 0.000000 0.451631 0.000000 -0.892205 1.000000 1.000000 1.000000
1346.396973 0.000000 3042.615967 0.000000 0.359423 0.000000 -0.933175 1.000000 1.000000 1.000000
1317.789307 0.000000 3043.313477 0.000000 0.497672 0.000000 -0.867365 1.000000 1.000000 1.000000
1320.347168 0.000000 3019.686035 0.000000 0.048444 0.000000 -0.998826 1.000000 1.000000 1.000000
1439.155029 0.000000 3029.867676 0.000000 0.025352 0.000000 -0.999679 1.000000 1.000000 1.000000
1430.588501 0.000000 3031.933594 0.000000 0.204449 0.000000 -0.978877 1.000000 1.000000 1.000000
1429.211914 0.000000 3015.273682 0.000000 0.302540 0.000000 -0.953137 1.000000 1.000000 1.000000
1419.686646 0.000000 3050.643311 0.000000 0.180354 0.000000 -0.983602 1.000000 1.000000 1.000000
1431.482300 0.000000 3016.768555 0.000000 0.414543 0.000000 -0.910030 1.000000 1.000000 1.000000
1368.684570 0.000000 3050.100098 0.000000 0.369958 0.000000 -0.929048 1.000000 1.000000 1.000000
1437.909302 0.000000 3026.812012 0.000000 0.222990 0.000000 -0.974821 1.000000 1.000000 1.000000
1118.998413 0.000000 3100.205811 0.000000 0.032817 0.000000 -0.999461 1.000000 1.000000 1.000000
1182.463135 0.000000 3071.420654 0.000000 0.168210 0.000000 -0.985751 1.000000 1.000000 1.000000
1118.103271 0.000000 3113.595947 0.000000 0.490966 0.000000 -0.871179 1.000000 1.000000 1.000000
1118.750000 0.000000 3105.341797 0.000000 0.313180 0.000000 -0.949694 1.000000 1.000000 1.000000
1114.342529 0.000000 3074.461670 0.000000 0.311248 0.000000 -0.950329 1.000000 1.000000 1.000000
1115.938599 0.000000 3101.793213 0.000000 0.513756 0.000000 -0.857937 1.000000 1.000000 1.000000
1180.020142 0.000000 3069.073730 0.000000 0.541731 0.000000 -0.840552 1.000000 1.000000 1.000000
1128.978149 0.000000 3085.284424 0.000000 0.010859 0.000000 -0.999941 1.000000 1.000000 1.000000
1168.516602 0.000000 3062.683350 0.000000 0.008229 0.000000 -0.999966 1.000000 1.000000 1.000000
1141.009644 0.000000 3106.360352 0.000000 0.034933 0.000000 -0.999390 1.000000 1.000000 1.000000
1222.875732 0.000000 3060.416260 0.000000 0.202973 0.000000 -0.979184 1.000000 1.000000 1.000000
1189.830811 0.000000 3075.350342 0.000000 0.295531 0.000000 -0.955333 1.000000 1.000000 1.000000
1254.577393 0.000000 3115.158691 0.000000 0.516951 0.000000 -0.856015 1.000000 1.000000 1.000000
1261.393555 0.000000 3070.014404 0.000000 0.089246 0.000000 -0.996010 1.000000 1.000000 1.000000
1250.800781 0.000000 3128.999023 0.000000 0.161804 0.000000 -0.986823 1.000000 1.000000 1.000000
1186.219604 0.000000 3073.737061 0.000000 0.489949 0.000000 -0.871751 1.000000 1.000000 1.000000
1239.663208 0.000000 3083.760254 0.000000 0.107049 0.000000 -0.994254 1.000000 1.000000 1.000000
1261.847778 0.000000 3088.018799 0.000000 0.040322 0.000000 -0.999187 1.000000 1.000000 1.000000
1238.951050 0.000000 3080.588379 0.000000 0.329520 0.000000 -0.944149 1.000000 1.000000 1.000000
1265.149170 0.000000 3061.975098 0.000000 0.456970 0.000000 -0.889482 1.000000 1.000000 1.000000
1263.131958 0.000000 3117.492676 0.000000 0.234182 0.000000 -0.972193 1.000000 1.000000 1.000000
1230.122314 0.000000 3086.723877 0.000000 0.326436 0.000000 -0.945219 1.000000 1.000000 1.000000
1263.540039 0.000000 3070.115967 0.000000 0.513845 0.000000 -0.857883 1.000000 1.000000 1.000000
1136.571777 0.000000 3230.121582 0.000000 0.585050 0.000000 -0.810997 1.000000 1.000000 1.000000
1097.826660 0.000000 3207.834229 0.000000 0.318221 0.000000 -0.948017 1.000000 1.000000 1.000000
1099.111694 0.000000 3196.289551 0.000000 0.387660 0.000000 -0.921802 1.000000 1.000000 1.000000
1100.130981 0.000000 3215.999756 0.000000 0.148093 0.000000 -0.988973 1.000000 1.000000 1.000000
1154.478882 0.000000 3237.882812 0.000000 0.483531 0.000000 -0.875327 1.000000 1.000000 1.000000
1171.435425 0.000000 3225.269531 0.000000 0.080358 0.000000 -0.996766 1.000000 1.000000 1.000000
1143.504028 0.000000 3238.440186 0.000000 0.478508 0.000000 -0.878083 1.000000 1.000000 1.000000
1102.231445 0.000000 3217.246338 0.000000 0.144667 0.000000 -0.989480 1.000000 1.000000 1.000000
1108.254761 0.000000 3210.012939 0.000000 0.053574 0.000000 -0.998564 1.000000 1.000000 1.000000
1124.475830 0.000000 3230.132324 0.000000 0.067864 0.000000 -0.997695 1.000000 1.000000 1.000000
1143.917114 0.000000 3235.601807 0.000000 0.453223 0.000000 -0.891397 1.000000 1.000000 1.000000
1205.431152 0.000000 3234.436768 0.000000 0.003554 0.000000 -0.999994 1.000000 1.000000 1.000000
1255.035156 0.000000 3220.550293 0.000000 0.558848 0.000000 -0.829270 1.000000 1.000000 1.000000
1274.480713 0.000000 3236.579102 0.000000 0.241755 0.000000 -0.970337 1.000000 1.000000 1.000000
1245.721069 0.000000 3237.882812 0.000000 0.122007 0.000000 -0.992529 1.000000 1.000000 1.000000
1200.285278 0.000000 3207.902588 0.000000 0.082074 0.000000 -0.996626 1.000000 1.000000 1.000000
1222.377808 0.000000 3207.906982 0.000000 0.416534 0.000000 -0.909120 1.000000 1.000000 1.000000
1252.668823 0.000000 3237.893066 0.000000 0.287865 0.000000 -0.957671 1.000000 1.000000 1.000000
1199.496948 0.000000 3210.012939 0.000000 0.496476 0.000000 -0.868051 1.000000 1.000000 1.000000
1242.659058 0.000000 3209.936035 0.000000 0.076579 0.000000 -0.997064 1.000000 1.000000 1.000000
1273.573120 0.000000 3171.193604 0.000000 0.016149 0.000000 -0.999870 1.000000 1.000000 1.000000
1300.544800 0.000000 3077.587402 0.000000 0.554476 0.000000 -0.832200 1.000000 1.000000 1.000000
1292.336304 0.000000 3059.474365 0.000000 0.493706 0.000000 -0.869629 1.000000 1.000000 1.000000
1323.410156 0.000000 3117.971680 0.000000 0.115391 0.000000 -0.993320 1.000000 1.000000 1.000000
1308.722900 0.000000 3147.539551 0.000000 0.532506 0.000000 -0.846426 1.000000 1.000000 1.000000
1300.521118 0.000000 3095.832520 0.000000 0.326549 0.000000 -0.945180 1.000000 1.000000 1.000000
1333.941284 0.000000 3105.010986 0.000000 0.223793 0.000000 -0.974637 1.000000 1.000000 1.000000
1304.878784 0.000000 3103.027588 0.000000 0.078293 0.000000 -0.996930 1.000000 1.000000 1.000000
1340.750488 0.000000 3100.795898 0.000000 0.089455 0.000000 -0.995991 1.000000 1.000000 1.000000
1287.598755 0.000000 3090.808105 0.000000 0.565099 0.000000 -0.825023 1.000000 1.000000 1.000000
1366.512451 0.000000 3112.849365 0.000000 0.080776 0.000000 -0.996732 1.000000 1.000000 1.000000
1364.494263 0.000000 3137.442383 0.000000 0.288336 0.000000 -0.957529 1.000000 1.000000 1.000000
1304.336914 0.000000 3100.305420 0.000000 0.081291 0.000000 -0.996690 1.000000 1.000000 1.000000
1323.241333 0.000000 3115.138184 0.000000 0.312435 0.000000 -0.949939 1.000000 1.000000 1.000000
1299.413330 0.000000 3135.311279 0.000000 0.351560 0.000000 -0.936165 1.000000 1.000000 1.000000
1343.393433 0.000000 3072.720459 0.000000 0.340294 0.000000 -0.940319 1.000000 1.000000 1.000000
1307.258789 0.000000 3101.608643 0.000000 0.498042 0.000000 -0.867153 1.000000 1.000000 1.000000
1340.653320 0.000000 3135.442139 0.000000 0.289483 0.000000 -0.957183 1.000000 1.000000 1.000000
1278.469727 0.000000 3113.268799 0.000000 0.533441 0.000000 -0.845837 1.000000 1.000000 1.000000
1345.622925 0.000000 3072.321777 0.000000 0.152738 0.000000 -0.988267 1.000000 1.000000 1.000000
1306.994141 0.000000 3103.759766 0.000000 0.534320 0.000000 -0.845282 1.000000 1.000000 1.000000
1344.114990 0.000000 3133.731445 0.000000 0.182939 0.000000 -0.983124 1.000000 1.000000 1.000000
1297.231079 0.000000 3135.212646 0.000000 0.291045 0.000000 -0.956709 1.000000 1.000000 1.000000
1303.879150 0.000000 3137.667969 0.000000 0.306513 0.000000 -0.951866 1.000000 1.000000 1.000000
1322.018311 0.000000 3116.522217 0.000000 0.063187 0.000000 -0.998002 1.000000 1.000000 1.000000
1369.063477 0.000000 3125.010254 0.000000 0.335402 0.000000 -0.942075 1.000000 1.000000 1.000000
1402.268555 0.000000 3092.155518 0.000000 0.564461 0.000000 -0.825460 1.000000 1.000000 1.000000
1382.211548 0.000000 3083.553223 0.000000 0.042779 0.000000 -0.999085 1.000000 1.000000 1.000000
1444.531860 0.000000 3096.962158 0.000000 0.364194 0.000000 -0.931323 1.000000 1.000000 1.000000
1385.247681 0.000000 3101.998047 0.000000 0.215387 0.000000 -0.976529 1.000000 1.000000 1.000000
1403.360718 0.000000 3098.911865 0.000000 0.370931 0.000000 -0.928661 1.000000 1.000000 1.000000
1381.738525 0.000000 3071.084961 0.000000 0.120786 0.000000 -0.992679 1.000000 1.000000 1.000000
1406.707031 0.000000 3095.058105 0.000000 0.057033 0.000000 -0.998372 1.000000 1.000000 1.000000
1414.539429 0.000000 3088.643311 0.000000 0.519175 0.000000 -0.854668 1.000000 1.000000 1.000000
1422.307983 0.000000 3093.231201 0.000000 0.319838 0.000000 -0.947472 1.000000 1.000000 1.000000
1383.816162 0.000000 3132.309570 0.000000 0.413049 0.000000 -0.910709 1.000000 1.000000 1.000000
1420.294067 0.000000 3090.145996 0.000000 0.220784 0.000000 -0.975323 1.000000 1.000000 1.000000
1368.669678 0.000000 3115.518311 0.000000 0.240121 0.000000 -0.970743 1.000000 1.000000 1.000000
1391.126465 0.000000 3145.969971 0.000000 0.453528 0.000000 -0.891242 1.000000 1.000000 1.000000
1420.081543 0.000000 3060.126709 0.000000 0.142608 0.000000 -0.989779 1.000000 1.000000 1.000000
1409.819580 0.000000 3096.482666 0.000000 0.238259 0.000000 -0.971202 1.000000 1.000000 1.000000
1399.209351 0.000000 3125.998291 0.000000 0.033242 0.000000 -0.999447 1.000000 1.000000 1.000000
1452.227905 0.000000 3114.061279 0.000000 0.172949 0.000000 -0.984931 1.000000 1.000000 1.000000
1412.606689 0.000000 3086.723877 0.000000 0.132361 0.000000 -0.991202 1.000000 1.000000 1.000000
1441.006958 0.000000 3079.497559 0.000000 0.215819 0.000000 -0.976433 1.000000 1.000000 1.000000
1426.110718 0.000000 3063.631836 0.000000 0.367209 0.000000 -0.930138 1.000000 1.000000 1.000000
1384.160767 0.000000 3115.854248 0.000000 0.506490 0.000000 -0.862246 1.000000 1.000000 1.000000
1404.822632 0.000000 3079.432861 0.000000 0.171080 0.000000 -0.985257 1.000000 1.000000 1.000000
1445.337769 0.000000 3109.611816 0.000000 0.407315 0.000000 -0.913288 1.000000 1.000000 1.000000
1382.750488 0.000000 3139.062500 0.000000 0.148121 0.000000 -0.988969 1.000000 1.000000 1.000000
1433.489502 0.000000 3102.344482 0.000000 0.096215 0.000000 -0.995361 1.000000 1.000000 1.000000
1406.591309 0.000000 3081.457520 0.000000 0.369264 0.000000 -0.929325 1.000000 1.000000 1.000000
1458.021973 0.000000 3066.015137 0.000000 0.126682 0.000000 -0.991943 1.000000 1.000000 1.000000
1454.124268 0.000000 3103.515137 0.000000 0.027086 0.000000 -0.999633 1.000000 1.000000 1.000000
1397.367676 0.000000 3100.475098 0.000000 0.516305 0.000000 -0.856405 1.000000 1.000000 1.000000
1400.979614 0.000000 3086.135498 0.000000 0.235304 0.000000 -0.971922 1.000000 1.000000 1.000000
1380.214844 0.000000 3080.811035 0.000000 0.043753 0.000000 -0.999042 1.000000 1.000000 1.000000
1382.336060 0.000000 3080.079590 0.000000 0.460251 0.000000 -0.887789 1.000000 1.000000 1.000000
1314.117920 0.000000 3150.400635 0.000000 0.257670 0.000000 -0.966233 1.000000 1.000000 1.000000
1290.496338 0.000000 3161.069336 0.000000 0.133871 0.000000 -0.990999 1.000000 1.000000 1.000000
1350.174072 0.000000 3187.954346 0.000000 0.244382 0.000000 -0.969679 1.000000 1.000000 1.000000
1305.672485 0.000000 3196.084473 0.000000 0.242922 0.000000 -0.970046 1.000000 1.000000 1.000000
1294.886597 0.000000 3180.121582 0.000000 0.460989 0.000000 -0.887406 1.000000 1.000000 1.000000
1332.697388 0.000000 3188.919434 0.000000 0.288719 0.000000 -0.957414 1.000000 1.000000 1.000000
1281.151489 0.000000 3149.566406 0.000000 0.227313 0.000000 -0.973822 1.000000 1.000000 1.000000
1398.536133 0.000000 3166.338623 0.000000 0.536930 0.000000 -0.843627 1.000000 1.000000 1.000000
1376.858032 0.000000 3150.628418 0.000000 0.153919 0.000000 -0.988083 1.000000 1.000000 1.000000
1372.076172 0.000000 3187.160400 0.000000 0.545159 0.000000 -0.838333 1.000000 1.000000 1.000000
1382.138184 0.000000 3186.394043 0.000000 0.311808 0.000000 -0.950145 1.000000 1.000000 1.000000
1395.504639 0.000000 3180.260010 0.000000 0.120737 0.000000 -0.992684 1.000000 1.000000 1.000000
982.247864 0.000000 3284.252930 0.000000 0.080838 0.000000 -0.996727 1.000000 1.000000 1.000000
973.203186 0.000000 3310.197998 0.000000 0.341881 0.000000 -0.939743 1.000000 1.000000 1.000000
983.943054 0.000000 3248.173340 0.000000 0.262390 0.000000 -0.964962 1.000000 1.000000 1.000000
999.978760 0.000000 3251.389404 0.000000 0.484340 0.000000 -0.874880 1.000000 1.000000 1.000000
987.160217 0.000000 3288.304199 0.000000 0.071174 0.000000 -0.997464 1.000000 1.000000 1.000000
985.851440 0.000000 3265.599365 0.000000 0.064016 0.000000 -0.997949 1.000000 1.000000 1.000000
988.961365 0.000000 3243.529785 0.000000 0.256267 0.000000 -0.966606 1.000000 1.000000 1.000000
980.850891 0.000000 3295.127441 0.000000 0.375719 0.000000 -0.926734 1.000000 1.000000 1.000000
981.115112 0.000000 3265.507324 0.000000 0.051530 0.000000 -0.998671 1.000000 1.000000 1.000000
969.159180 0.000000 3311.974121 0.000000 0.130588 0.000000 -0.991437 1.000000 1.000000 1.000000
997.254761 0.000000 3242.391602 0.000000 0.451560 0.000000 -0.892241 1.000000 1.000000 1.000000
993.877197 0.000000 3308.183594 0.000000 0.349142 0.000000 -0.937070 1.000000 1.000000 1.000000
983.492004 0.000000 3264.163574 0.000000 0.185440 0.000000 -0.982656 1.000000 1.000000 1.000000
988.396667 0.000000 3309.838135 0.000000 0.551888 0.000000 -0.833918 1.000000 1.000000 1.000000
1008.472351 0.000000 3324.801514 0.000000 0.300133 0.000000 -0.953897 1.000000 1.000000 1.000000
1072.357300 0.000000 3265.507324 0.000000 0.039356 0.000000 -0.999225 1.000000 1.000000 1.000000
1014.746338 0.000000 3300.392822 0.000000 0.390430 0.000000 -0.920633 1.000000 1.000000 1.000000
1030.148926 0.000000 3292.759521 0.000000 0.156753 0.000000 -0.987638 1.000000 1.000000 1.000000
1015.548401 0.000000 3282.074219 0.000000 0.450616 0.000000 -0.892718 1.000000 1.000000 1.000000
1013.169006 0.000000 3323.378418 0.000000 0.066202 0.000000 -0.997806 1.000000 1.000000 1.000000
1006.640869 0.000000 3300.046631 0.000000 0.191690 0.000000 -0.981456 1.000000 1.000000 1.000000
977.159058 0.000000 3335.705078 0.000000 0.048048 0.000000 -0.998845 1.000000 1.000000 1.000000
999.405396 0.000000 3334.854492 0.000000 0.330677 0.000000 -0.943744 1.000000 1.000000 1.000000
995.206787 0.000000 3351.580322 0.000000 0.143685 0.000000 -0.989623 1.000000 1.000000 1.000000
977.698853 0.000000 3338.128662 0.000000 0.498679 0.000000 -0.866786 1.000000 1.000000 1.000000
1035.022461 0.000000 3374.975586 0.000000 0.219242 0.000000 -0.975671 1.000000 1.000000 1.000000
1013.896484 0.000000 3336.063965 0.000000 0.337780 0.000000 -0.941225 1.000000 1.000000 1.000000
1018.718323 0.000000 3359.239746 0.000000 0.251822 0.000000 -0.967774 1.000000 1.000000 1.000000
1044.811157 0.000000 3375.185791 0.000000 0.586425 0.000000 -0.810003 1.000000 1.000000 1.000000
1073.795898 0.000000 3350.775391 0.000000 0.146498 0.000000 -0.989211 1.000000 1.000000 1.000000
1091.817261 0.000000 3337.529297 0.000000 0.084376 0.000000 -0.996434 1.000000 1.000000 1.000000
1033.898682 0.000000 3336.357178 0.000000 0.318337 0.000000 -0.947978 1.000000 1.000000 1.000000
1039.590088 0.000000 3352.118408 0.000000 0.207792 0.000000 -0.978173 1.000000 1.000000 1.000000
1076.774414 0.000000 3352.336182 0.000000 0.344738 0.000000 -0.938699 1.000000 1.000000 1.000000
1010.658508 0.000000 3337.127441 0.000000 0.183783 0.000000 -0.982967 1.000000 1.000000 1.000000
1021.659241 0.000000 3336.880127 0.000000 0.402382 0.000000 -0.915472 1.000000 1.000000 1.000000
1032.328369 0.000000 3334.420654 0.000000 0.065894 0.000000 -0.997827 1.000000 1.000000 1.000000
1020.954956 0.000000 3329.509033 0.000000 0.540861 0.000000 -0.841112 1.000000 1.000000 1.000000
1009.440002 0.000000 3338.807617 0.000000 0.487554 0.000000 -0.873093 1.000000 1.000000 1.000000
1022.215271 0.000000 3356.376709 0.000000 0.072781 0.000000 -0.997348 1.000000 1.000000 1.000000
1005.662048 0.000000 3338.466064 0.000000 0.180557 0.000000 -0.983565 1.000000 1.000000 1.000000
1025.643921 0.000000 3338.706299 0.000000 0.191410 0.000000 -0.981510 1.000000 1.000000 1.000000
1021.746948 0.000000 3338.031006 0.000000 0.473884 0.000000 -0.880587 1.000000 1.000000 1.000000
1164.098755 0.000000 3269.935059 0.000000 0.125687 0.000000 -0.992070 1.000000 1.000000 1.000000
1181.188354 0.000000 3320.279297 0.000000 0.069133 0.000000 -0.997607 1.000000 1.000000 1.000000
1152.128418 0.000000 3262.993896 0.000000 0.091921 0.000000 -0.995766 1.000000 1.000000 1.000000
1156.977417 0.000000 3239.541504 0.000000 0.101313 0.000000 -0.994855 1.000000 1.000000 1.000000
1160.162109 0.000000 3262.440186 0.000000 0.313960 0.000000 -0.949436 1.000000 1.000000 1.000000
1122.154663 0.000000 3274.104492 0.000000 0.044716 0.000000 -0.999000 1.000000 1.000000 1.000000
1154.021729 0.000000 3295.497314 0.000000 0.507037 0.000000 -0.861924 1.000000 1.000000 1.000000
1164.959595 0.000000 3279.545654 0.000000 0.443828 0.000000 -0.896112 1.000000 1.000000 1.000000
1150.129883 0.000000 3253.282227 0.000000 0.450111 0.000000 -0.892973 1.000000 1.000000 1.000000
1165.466919 0.000000 3288.360107 0.000000 0.327922 0.000000 -0.944705 1.000000 1.000000 1.000000
1147.432129 0.000000 3288.862305 0.000000 0.452191 0.000000 -0.891921 1.000000 1.000000 1.000000
1152.420532 0.000000 3260.656250 0.000000 0.213486 0.000000 -0.976946 1.000000 1.000000 1.000000
1103.011719 0.000000 3248.925781 0.000000 0.583800 0.000000 -0.811897 1.000000 1.000000 1.000000
1122.981323 0.000000 3255.608154 0.000000 0.542818 0.000000 -0.839850 1.000000 1.000000 1.000000
1222.875732 0.000000 3240.385010 0.000000 0.368041 0.000000 -0.929810 1.000000 1.000000 1.000000
1215.604736 0.000000 3303.452393 0.000000 0.130059 0.000000 -0.991506 1.000000 1.000000 1.000000
1202.763306 0.000000 3281.966797 0.000000 0.256341 0.000000 -0.966586 1.000000 1.000000 1.000000
1249.521484 0.000000 3253.137695 0.000000 0.228174 0.000000 -0.973620 1.000000 1.000000 1.000000
1207.180786 0.000000 3281.761963 0.000000 0.295539 0.000000 -0.955331 1.000000 1.000000 1.000000
1186.449097 0.000000 3264.146240 0.000000 0.157679 0.000000 -0.987490 1.000000 1.000000 1.000000
1232.528076 0.000000 3261.796143 0.000000 0.201088 0.000000 -0.979573 1.000000 1.000000 1.000000
1220.503174 0.000000 3269.096680 0.000000 0.287124 0.000000 -0.957893 1.000000 1.000000 1.000000
1260.259888 0.000000 3314.000732 0.000000 0.147751 0.000000 -0.989025 1.000000 1.000000 1.000000
1247.955200 0.000000 3282.945801 0.000000 0.011075 0.000000 -0.999939 1.000000 1.000000 1.000000
1193.303711 0.000000 3280.834717 0.000000 0.315780 0.000000 -0.948832 1.000000 1.000000 1.000000
1190.844727 0.000000 3268.278076 0.000000 0.116044 0.000000 -0.993244 1.000000 1.000000 1.000000
1221.571167 0.000000 3270.909912 0.000000 0.509688 0.000000 -0.860359 1.000000 1.000000 1.000000
1097.236938 0.000000 3351.299561 0.000000 0.296408 0.000000 -0.955061 1.000000 1.000000 1.000000
1126.264648 0.000000 3374.975586 0.000000 0.390315 0.000000 -0.920681 1.000000 1.000000 1.000000
1152.329102 0.000000 3367.986572 0.000000 0.484605 0.000000 -0.874733 1.000000 1.000000 1.000000
1104.233643 0.000000 3369.965332 0.000000 0.226769 0.000000 -0.973949 1.000000 1.000000 1.000000
1124.774414 0.000000 3371.561768 0.000000 0.019768 0.000000 -0.999805 1.000000 1.000000 1.000000
1119.176025 0.000000 3367.501465 0.000000 0.156985 0.000000 -0.987601 1.000000 1.000000 1.000000
1182.330933 0.000000 3351.162354 0.000000 0.128811 0.000000 -0.991669 1.000000 1.000000 1.000000
1186.332275 0.000000 3367.656006 0.000000 0.260755 0.000000 -0.965405 1.000000 1.000000 1.000000
1286.124268 0.000000 3283.069092 0.000000 0.537712 0.000000 -0.843129 1.000000 1.000000 1.000000
1319.056152 0.000000 3320.105957 0.000000 0.093507 0.000000 -0.995619 1.000000 1.000000 1.000000
1279.352661 0.000000 3274.039307 0.000000 0.139703 0.000000 -0.990193 1.000000 1.000000 1.000000
1350.257568 0.000000 3294.168213 0.000000 0.224821 0.000000 -0.974400 1.000000 1.000000 1.000000
1318.071045 0.000000 3303.791992 0.000000 0.561893 0.000000 -0.827210 1.000000 1.000000 1.000000
1323.410156 0.000000 3297.940430 0.000000 0.054526 0.000000 -0.998512 1.000000 1.000000 1.000000
1284.829346 0.000000 3301.688477 0.000000 0.365691 0.000000 -0.930736 1.000000 1.000000 1.000000
1289.742432 0.000000 3279.136963 0.000000 0.283669 0.000000 -0.958922 1.000000 1.000000 1.000000
1286.509033 0.000000 3287.297119 0.000000 0.251203 0.000000 -0.967934 1.000000 1.000000 1.000000
1384.869629 0.000000 3287.295654 0.000000 0.403157 0.000000 -0.915131 1.000000 1.000000 1.000000
1410.126831 0.000000 3361.151123 0.000000 0.303427 0.000000 -0.952855 1.000000 1.000000 1.000000
1409.779907 0.000000 3375.185791 0.000000 0.550633 0.000000 -0.834748 1.000000 1.000000 1.000000
1451.738037 0.000000 3377.134766 0.000000 0.461431 0.000000 -0.887176 1.000000 1.000000 1.000000
1446.281128 0.000000 3384.863281 0.000000 0.063789 0.000000 -0.997963 1.000000 1.000000 1.000000
1418.147461 0.000000 3366.448486 0.000000 0.578883 0.000000 -0.815411 1.000000 1.000000 1.000000
1419.840576 0.000000 3364.291992 0.000000 0.164847 0.000000 -0.986319 1.000000 1.000000 1.000000
1404.055542 0.000000 3360.894287 0.000000 0.107604 0.000000 -0.994194 1.000000 1.000000 1.000000
1433.470947 0.000000 3376.438721 0.000000 0.411011 0.000000 -0.911630 1.000000 1.000000 1.000000
1452.983154 0.000000 3416.798340 0.000000 0.228331 0.000000 -0.973584 1.000000 1.000000 1.000000
1452.300171 0.000000 3503.273926 0.000000 0.272438 0.000000 -0.962173 1.000000 1.000000 1.000000
1455.356934 0.000000 3503.021484 0.000000 0.563870 0.000000 -0.825864 1.000000 1.000000 1.000000
1466.335327 0.000000 3059.271973 0.000000 0.534293 0.000000 -0.845300 1.000000 1.000000 1.000000
1484.687256 0.000000 3043.089355 0.000000 0.067330 0.000000 -0.997731 1.000000 1.000000 1.000000
1480.135864 0.000000 3043.197021 0.000000 0.049070 0.000000 -0.998795 1.000000 1.000000 1.000000
1463.639282 0.000000 3044.872314 0.000000 0.047630 0.000000 -0.998865 1.000000 1.000000 1.000000
1482.336304 0.000000 3040.705566 0.000000 0.113518 0.000000 -0.993536 1.000000 1.000000 1.000000
1491.609375 0.000000 3046.219971 0.000000 0.376061 0.000000 -0.926595 1.000000 1.000000 1.000000
1479.723145 0.000000 3039.976562 0.000000 0.160120 0.000000 -0.987098 1.000000 1.000000 1.000000
1470.107422 0.000000 3066.110840 0.000000 0.074655 0.000000 -0.997209 1.000000 1.000000 1.000000
1472.904053 0.000000 3104.904053 0.000000 0.163693 0.000000 -0.986511 1.000000 1.000000 1.000000
1476.350952 0.000000 3062.092529 0.000000 0.011691 0.000000 -0.999932 1.000000 1.000000 1.000000
1479.723145 0.000000 3129.960938 0.000000 0.030434 0.000000 -0.999537 1.000000 1.000000 1.000000
1577.540649 0.000000 3065.426758 0.000000 0.245092 0.000000 -0.969500 1.000000 1.000000 1.000000
1508.903320 0.000000 3214.725098 0.000000 0.181464 0.000000 -0.983398 1.000000 1.000000 1.000000
1483.207886 0.000000 3152.519531 0.000000 0.530956 0.000000 -0.847399 1.000000 1.000000 1.000000
1485.599365 0.000000 3210.056641 0.000000 0.566237 0.000000 -0.824242 1.000000 1.000000 1.000000
1521.830688 0.000000 3211.902344 0.000000 0.155215 0.000000 -0.987881 1.000000 1.000000 1.000000
1523.161743 0.000000 3203.144531 0.000000 0.063246 0.000000 -0.997998 1.000000 1.000000 1.000000
1528.568237 0.000000 3175.522949 0.000000 0.206407 0.000000 -0.978466 1.000000 1.000000 1.000000
1481.608032 0.000000 3208.402832 0.000000 0.558058 0.000000 -0.829802 1.000000 1.000000 1.000000
1496.891724 0.000000 3214.570557 0.000000 0.523483 0.000000 -0.852036 1.000000 1.000000 1.000000
1536.858521 0.000000 3207.477051 0.000000 0.400165 0.000000 -0.916443 1.000000 1.000000 1.000000
1492.753174 0.000000 3210.730957 0.000000 0.291969 0.000000 -0.956428 1.000000 1.000000 1.000000
1484.710938 0.000000 3211.455322 0.000000 0.509866 0.000000 -0.860254 1.000000 1.000000 1.000000
1493.656250 0.000000 3212.165039 0.000000 0.399897 0.000000 -0.916560 1.000000 1.000000 1.000000
1579.574219 0.000000 3227.120605 0.000000 0.030658 0.000000 -0.999530 1.000000 1.000000 1.000000
1551.154053 0.000000 3205.502686 0.000000 0.284696 0.000000 -0.958618 1.000000 1.000000 1.000000
1668.600952 0.000000 3087.537598 0.000000 0.239080 0.000000 -0.971000 1.000000 1.000000 1.000000
1678.619873 0.000000 3104.077637 0.000000 0.199189 0.000000 -0.979961 1.000000 1.000000 1.000000
1731.788452 0.000000 3127.625000 0.000000 0.470525 0.000000 -0.882387 1.000000 1.000000 1.000000
1650.379395 0.000000 3105.369629 0.000000 0.002039 0.000000 -0.999998 1.000000 1.000000 1.000000
1676.212158 0.000000 3097.007324 0.000000 0.037539 0.000000 -0.999295 1.000000 1.000000 1.000000
1679.494019 0.000000 3102.375000 0.000000 0.434424 0.000000 -0.900708 1.000000 1.000000 1.000000
1992.625366 0.000000 3063.561035 0.000000 0.210810 0.000000 -0.977527 1.000000 1.000000 1.000000
1983.083740 0.000000 3070.118408 0.000000 0.313384 0.000000 -0.949627 1.000000 1.000000 1.000000
1995.123413 0.000000 3177.536133 0.000000 0.179841 0.000000 -0.983696 1.000000 1.000000 1.000000
1992.625366 0.000000 3153.545410 0.000000 0.047022 0.000000 -0.998894 1.000000 1.000000 1.000000
1993.122559 0.000000 3149.529053 0.000000 0.572885 0.000000 -0.819635 1.000000 1.000000 1.000000
2027.513062 0.000000 3092.365234 0.000000 0.234909 0.000000 -0.972017 1.000000 1.000000 1.000000
2040.963867 0.000000 3092.155518 0.000000 0.179289 0.000000 -0.983796 1.000000 1.000000 1.000000
2039.479980 0.000000 3082.458984 0.000000 0.222793 0.000000 -0.974866 1.000000 1.000000 1.000000
2042.056030 0.000000 3098.911865 0.000000 0.071220 0.000000 -0.997461 1.000000 1.000000 1.000000
2030.458618 0.000000 3095.832520 0.000000 0.511850 0.000000 -0.859075 1.000000 1.000000 1.000000
2038.344360 0.000000 3095.032227 0.000000 0.099555 0.000000 -0.995032 1.000000 1.000000 1.000000
2034.816284 0.000000 3193.011963 0.000000 0.335384 0.000000 -0.942081 1.000000 1.000000 1.000000
2019.134155 0.000000 3233.137451 0.000000 0.461184 0.000000 -0.887305 1.000000 1.000000 1.000000
2034.113037 0.000000 3152.577393 0.000000 0.109890 0.000000 -0.993944 1.000000 1.000000 1.000000
2014.483398 0.000000 3190.850342 0.000000 0.156635 0.000000 -0.987657 1.000000 1.000000 1.000000
1525.130859 0.000000 3262.440186 0.000000 0.544292 0.000000 -0.838896 1.000000 1.000000 1.000000
1640.979492 0.000000 3244.031738 0.000000 0.543553 0.000000 -0.839375 1.000000 1.000000 1.000000
1626.171997 0.000000 3259.720215 0.000000 0.040649 0.000000 -0.999174 1.000000 1.000000 1.000000
1543.891968 0.000000 3395.822266 0.000000 0.103777 0.000000 -0.994601 1.000000 1.000000 1.000000
1520.876465 0.000000 3378.866943 0.000000 0.542888 0.000000 -0.839805 1.000000 1.000000 1.000000
1525.519897 0.000000 3367.253662 0.000000 0.363449 0.000000 -0.931614 1.000000 1.000000 1.000000
1513.089478 0.000000 3381.549561 0.000000 0.409948 0.000000 -0.912109 1.000000 1.000000 1.000000
1550.184082 0.000000 3400.377197 0.000000 0.021525 0.000000 -0.999768 1.000000 1.000000 1.000000
1467.560913 0.000000 3365.024414 0.000000 0.441062 0.000000 -0.897477 1.000000 1.000000 1.000000
1520.847412 0.000000 3369.747314 0.000000 0.462012 0.000000 -0.886874 1.000000 1.000000 1.000000
1492.140747 0.000000 3379.348633 0.000000 0.184882 0.000000 -0.982761 1.000000 1.000000 1.000000
1480.148071 0.000000 3386.430176 0.000000 0.463708 0.000000 -0.885988 1.000000 1.000000 1.000000
1462.877930 0.000000 3377.729492 0.000000 0.222296 0.000000 -0.974979 1.000000 1.000000 1.000000
1546.271729 0.000000 3405.749756 0.000000 0.201528 0.000000 -0.979483 1.000000 1.000000 1.000000
1495.029785 0.000000 3389.278076 0.000000 0.441411 0.000000 -0.897305 1.000000 1.000000 1.000000
1464.486694 0.000000 3367.823486 0.000000 0.453789 0.000000 -0.891109 1.000000 1.000000 1.000000
1597.136719 0.000000 3387.924805 0.000000 0.537158 0.000000 -0.843482 1.000000 1.000000 1.000000
1630.401489 0.000000 3345.231689 0.000000 0.227963 0.000000 -0.973670 1.000000 1.000000 1.000000
1598.703979 0.000000 3399.816895 0.000000 0.130761 0.000000 -0.991414 1.000000 1.000000 1.000000
1627.646362 0.000000 3405.238281 0.000000 0.454555 0.000000 -0.890719 1.000000 1.000000 1.000000
1609.603516 0.000000 3356.494385 0.000000 0.256517 0.000000 -0.966540 1.000000 1.000000 1.000000
1560.449585 0.000000 3408.052002 0.000000 0.063172 0.000000 -0.998003 1.000000 1.000000 1.000000
1607.099854 0.000000 3355.496338 0.000000 0.305743 0.000000 -0.952114 1.000000 1.000000 1.000000
1558.173950 0.000000 3409.100830 0.000000 0.245946 0.000000 -0.969284 1.000000 1.000000 1.000000
1567.976074 0.000000 3392.100098 0.000000 0.281931 0.000000 -0.959435 1.000000 1.000000 1.000000
1588.059204 0.000000 3341.290283 0.000000 0.434229 0.000000 -0.900802 1.000000 1.000000 1.000000
1605.214844 0.000000 3388.987793 0.000000 0.074686 0.000000 -0.997207 1.000000 1.000000 1.000000
1551.550049 0.000000 3400.963379 0.000000 0.248418 0.000000 -0.968653 1.000000 1.000000 1.000000
1551.732300 0.000000 3402.243896 0.000000 0.242931 0.000000 -0.970044 1.000000 1.000000 1.000000
1670.594238 0.000000 3295.645508 0.000000 0.131237 0.000000 -0.991351 1.000000 1.000000 1.000000
1658.974243 0.000000 3281.966797 0.000000 0.233615 0.000000 -0.972329 1.000000 1.000000 1.000000
1659.742065 0.000000 3309.150879 0.000000 0.562508 0.000000 -0.826792 1.000000 1.000000 1.000000
1660.582031 0.000000 3339.838623 0.000000 0.027259 0.000000 -0.999628 1.000000 1.000000 1.000000
1650.784668 0.000000 3350.709961 0.000000 0.386821 0.000000 -0.922155 1.000000 1.000000 1.000000
1706.724854 0.000000 3374.483398 0.000000 0.071957 0.000000 -0.997408 1.000000 1.000000 1.000000
1658.219482 0.000000 3334.815918 0.000000 0.073192 0.000000 -0.997318 1.000000 1.000000 1.000000
1646.564819 0.000000 3376.258301 0.000000 0.015954 0.000000 -0.999873 1.000000 1.000000 1.000000
1655.465088 0.000000 3341.038086 0.000000 0.223257 0.000000 -0.974760 1.000000 1.000000 1.000000
1666.203125 0.000000 3375.294922 0.000000 0.197356 0.000000 -0.980332 1.000000 1.000000 1.000000
1719.462891 0.000000 3393.700439 0.000000 0.166811 0.000000 -0.985989 1.000000 1.000000 1.000000
1661.585205 0.000000 3358.098633 0.000000 0.072712 0.000000 -0.997353 1.000000 1.000000 1.000000
1652.408447 0.000000 3339.512207 0.000000 0.024514 0.000000 -0.999699 1.000000 1.000000 1.000000
1721.552490 0.000000 3391.921143 0.000000 0.306308 0.000000 -0.951933 1.000000 1.000000 1.000000
1653.896606 0.000000 3354.708008 0.000000 0.025472 0.000000 -0.999676 1.000000 1.000000 1.000000
1701.836182 0.000000 3368.387451 0.000000 0.235212 0.000000 -0.971944 1.000000 1.000000 1.000000
1689.072266 0.000000 3391.609619 0.000000 0.520229 0.000000 -0.854027 1.000000 1.000000 1.000000
1676.140625 0.000000 3392.133789 0.000000 0.435338 0.000000 -0.900267 1.000000 1.000000 1.000000
1708.616333 0.000000 3375.641602 0.000000 0.291846 0.000000 -0.956465 1.000000 1.000000 1.000000
1701.504639 0.000000 3370.055664 0.000000 0.550742 0.000000 -0.834675 1.000000 1.000000 1.000000
1534.929810 0.000000 3439.688965 0.000000 0.471041 0.000000 -0.882112 1.000000 1.000000 1.000000
1468.993408 0.000000 3467.265869 0.000000 0.178467 0.000000 -0.983946 1.000000 1.000000 1.000000
1480.958496 0.000000 3471.592773 0.000000 0.176031 0.000000 -0.984385 1.000000 1.000000 1.000000
1550.063232 0.000000 3430.423096 0.000000 0.403967 0.000000 -0.914774 1.000000 1.000000 1.000000
1470.396484 0.000000 3465.090088 0.000000 0.434061 0.000000 -0.900884 1.000000 1.000000 1.000000
1525.151978 0.000000 3428.113037 0.000000 0.403829 0.000000 -0.914834 1.000000 1.000000 1.000000
1510.935425 0.000000 3439.488770 0.000000 0.397104 0.000000 -0.917774 1.000000 1.000000 1.000000
1468.139526 0.000000 3476.432129 0.000000 0.192408 0.000000 -0.981315 1.000000 1.000000 1.000000
1539.973999 0.000000 3470.575928 0.000000 0.450923 0.000000 -0.892563 1.000000 1.000000 1.000000
1469.206543 0.000000 3477.346191 0.000000 0.182120 0.000000 -0.983276 1.000000 1.000000 1.000000
1613.885010 0.000000 3427.900635 0.000000 0.411431 0.000000 -0.911441 1.000000 1.000000 1.000000
1551.188354 0.000000 3433.674561 0.000000 0.399580 0.000000 -0.916698 1.000000 1.000000 1.000000
1604.047485 0.000000 3428.975830 0.000000 0.284981 0.000000 -0.958533 1.000000 1.000000 1.000000
1568.847778 0.000000 3424.667236 0.000000 0.404284 0.000000 -0.914634 1.000000 1.000000 1.000000
1567.963501 0.000000 3425.927490 0.000000 0.273074 0.000000 -0.961993 1.000000 1.000000 1.000000
1606.660034 0.000000 3428.709961 0.000000 0.423188 0.000000 -0.906042 1.000000 1.000000 1.000000
1519.136963 0.000000 3525.145264 0.000000 0.354350 0.000000 -0.935113 1.000000 1.000000 1.000000
1499.028442 0.000000 3520.209717 0.000000 0.223663 0.000000 -0.974666 1.000000 1.000000 1.000000
1644.690063 0.000000 3441.283936 0.000000 0.483214 0.000000 -0.875503 1.000000 1.000000 1.000000
1665.513550 0.000000 3437.524902 0.000000 0.537904 0.000000 -0.843006 1.000000 1.000000 1.000000
1644.321411 0.000000 3454.008057 0.000000 0.338485 0.000000 -0.940972 1.000000 1.000000 1.000000
1706.859863 0.000000 3506.137451 0.000000 0.237779 0.000000 -0.971319 1.000000 1.000000 1.000000
1652.567505 0.000000 3450.745605 0.000000 0.102863 0.000000 -0.994696 1.000000 1.000000 1.000000
1668.190918 0.000000 3431.536865 0.000000 0.151389 0.000000 -0.988474 1.000000 1.000000 1.000000
1646.457397 0.000000 3452.403076 0.000000 0.019089 0.000000 -0.999818 1.000000 1.000000 1.000000
1667.032959 0.000000 3432.935791 0.000000 0.225997 0.000000 -0.974128 1.000000 1.000000 1.000000
1668.598145 0.000000 3430.056152 0.000000 0.205946 0.000000 -0.978563 1.000000 1.000000 1.000000
1718.898804 0.000000 3513.482910 0.000000 0.256300 0.000000 -0.966597 1.000000 1.000000 1.000000
1716.930054 0.000000 3510.158447 0.000000 0.400053 0.000000 -0.916492 1.000000 1.000000 1.000000
1820.971436 0.000000 3554.680176 0.000000 0.514359 0.000000 -0.857575 1.000000 1.000000 1.000000
1822.100952 0.000000 3549.939697 0.000000 0.337565 0.000000 -0.941302 1.000000 1.000000 1.000000
1824.462402 0.000000 3549.816895 0.000000 0.367904 0.000000 -0.929864 1.000000 1.000000 1.000000
2184.852295 0.000000 3320.279297 0.000000 0.524398 0.000000 -0.851473 1.000000 1.000000 1.000000
2186.076416 0.000000 3298.487793 0.000000 0.043966 0.000000 -0.999033 1.000000 1.000000 1.000000
2177.272949 0.000000 3299.547852 0.000000 0.572815 0.000000 -0.819685 1.000000 1.000000 1.000000
2187.999512 0.000000 3307.593750 0.000000 0.464957 0.000000 -0.885333 1.000000 1.000000 1.000000
2185.065186 0.000000 3301.135742 0.000000 0.488194 0.000000 -0.872735 1.000000 1.000000 1.000000
2180.124756 0.000000 3299.230713 0.000000 0.088022 0.000000 -0.996118 1.000000 1.000000 1.000000
2159.263428 0.000000 3291.749023 0.000000 0.272461 0.000000 -0.962167 1.000000 1.000000 1.000000
2177.763428 0.000000 3301.936768 0.000000 0.206447 0.000000 -0.978458 1.000000 1.000000 1.000000
2161.212646 0.000000 3290.542725 0.000000 0.030836 0.000000 -0.999524 1.000000 1.000000 1.000000
2100.532227 0.000000 3364.023682 0.000000 0.117065 0.000000 -0.993124 1.000000 1.000000 1.000000
2111.369141 0.000000 3379.399170 0.000000 0.576915 0.000000 -0.816804 1.000000 1.000000 1.000000
2138.143799 0.000000 3405.208984 0.000000 0.524013 0.000000 -0.851710 1.000000 1.000000 1.000000
2159.863281 0.000000 3349.570312 0.000000 0.399043 0.000000 -0.916932 1.000000 1.000000 1.000000
2182.119873 0.000000 3391.209473 0.000000 0.296567 0.000000 -0.955012 1.000000 1.000000 1.000000
2137.723633 0.000000 3340.240967 0.000000 0.486224 0.000000 -0.873834 1.000000 1.000000 1.000000
2116.324463 0.000000 3382.359863 0.000000 0.106664 0.000000 -0.994295 1.000000 1.000000 1.000000
2189.676025 0.000000 3390.229980 0.000000 0.546183 0.000000 -0.837666 1.000000 1.000000 1.000000
2138.065918 0.000000 3416.442871 0.000000 0.527344 0.000000 -0.849652 1.000000 1.000000 1.000000
2127.039307 0.000000 3391.053955 0.000000 0.550992 0.000000 -0.834511 1.000000 1.000000 1.000000
2162.440918 0.000000 3390.202881 0.000000 0.493526 0.000000 -0.869731 1.000000 1.000000 1.000000
1962.378418 0.000000 3438.643799 0.000000 0.145902 0.000000 -0.989299 1.000000 1.000000 1.000000
1825.027588 0.000000 3547.624756 0.000000 0.091422 0.000000 -0.995812 1.000000 1.000000 1.000000
1871.556641 0.000000 3571.578369 0.000000 0.508375 0.000000 -0.861136 1.000000 1.000000 1.000000
2061.812744 0.000000 3427.869141 0.000000 0.201054 0.000000 -0.979580 1.000000 1.000000 1.000000
2074.109131 0.000000 3423.472412 0.000000 0.504992 0.000000 -0.863124 1.000000 1.000000 1.000000
2167.762939 0.000000 3449.903809 0.000000 0.104454 0.000000 -0.994530 1.000000 1.000000 1.000000
2172.000000 0.000000 3445.568115 0.000000 0.527306 0.000000 -0.849676 1.000000 1.000000 1.000000
2125.001953 0.000000 3441.917969 0.000000 0.419104 0.000000 -0.907938 1.000000 1.000000 1.000000
2327.828125 0.000000 2965.810791 0.000000 0.273747 0.000000 -0.961802 1.000000 1.000000 1.000000
2326.202393 0.000000 2962.216064 0.000000 0.455261 0.000000 -0.890358 1.000000 1.000000 1.000000
2355.196289 0.000000 2963.781006 0.000000 0.136279 0.000000 -0.990671 1.000000 1.000000 1.000000
2274.104492 0.000000 2988.831543 0.000000 0.500314 0.000000 -0.865844 1.000000 1.000000 1.000000
2236.104980 0.000000 2988.721924 0.000000 0.436580 0.000000 -0.899666 1.000000 1.000000 1.000000
2275.493896 0.000000 2985.042480 0.000000 0.539891 0.000000 -0.841735 1.000000 1.000000 1.000000
2223.668945 0.000000 2973.176758 0.000000 0.163757 0.000000 -0.986501 1.000000 1.000000 1.000000
2350.247314 0.000000 2999.981934 0.000000 0.019208 0.000000 -0.999816 1.000000 1.000000 1.000000
2360.092285 0.000000 2997.567383 0.000000 0.068305 0.000000 -0.997664 1.000000 1.000000 1.000000
2284.737061 0.000000 2985.365967 0.000000 0.112193 0.000000 -0.993686 1.000000 1.000000 1.000000
2300.490967 0.000000 2984.477295 0.000000 0.509344 0.000000 -0.860563 1.000000 1.000000 1.000000
2281.058350 0.000000 2987.772217 0.000000 0.021753 0.000000 -0.999763 1.000000 1.000000 1.000000
2421.325195 0.000000 3034.756348 0.000000 0.143157 0.000000 -0.989700 1.000000 1.000000 1.000000
2412.977295 0.000000 3033.838867 0.000000 0.400027 0.000000 -0.916503 1.000000 1.000000 1.000000
2437.969971 0.000000 3034.973145 0.000000 0.547197 0.000000 -0.837004 1.000000 1.000000 1.000000
2403.982178 0.000000 2997.613281 0.000000 0.507927 0.000000 -0.861400 1.000000 1.000000 1.000000
2406.651611 0.000000 2999.143555 0.000000 0.577006 0.000000 -0.816740 1.000000 1.000000 1.000000
2414.324463 0.000000 3017.998047 0.000000 0.382661 0.000000 -0.923889 1.000000 1.000000 1.000000
2404.375244 0.000000 2999.968262 0.000000 0.409532 0.000000 -0.912296 1.000000 1.000000 1.000000
2407.875488 0.000000 2997.070557 0.000000 0.070828 0.000000 -0.997489 1.000000 1.000000 1.000000
2469.999268 0.000000 3059.271973 0.000000 0.529503 0.000000 -0.848308 1.000000 1.000000 1.000000
2226.330811 0.000000 3235.599365 0.000000 0.515255 0.000000 -0.857037 1.000000 1.000000 1.000000
2263.924072 0.000000 3224.016357 0.000000 0.259264 0.000000 -0.965806 1.000000 1.000000 1.000000
2222.802734 0.000000 3237.202393 0.000000 0.560820 0.000000 -0.827938 1.000000 1.000000 1.000000
2319.889893 0.000000 3206.222168 0.000000 0.578455 0.000000 -0.815714 1.000000 1.000000 1.000000
2289.421387 0.000000 3231.465088 0.000000 0.584759 0.000000 -0.811207 1.000000 1.000000 1.000000
2296.421631 0.000000 3231.032715 0.000000 0.442643 0.000000 -0.896698 1.000000 1.000000 1.000000
2340.627197 0.000000 3237.882812 0.000000 0.259036 0.000000 -0.965868 1.000000 1.000000 1.000000
2334.729980 0.000000 3183.215576 0.000000 0.071010 0.000000 -0.997476 1.000000 1.000000 1.000000
2339.001709 0.000000 3201.813232 0.000000 0.217616 0.000000 -0.976034 1.000000 1.000000 1.000000
2307.348145 0.000000 3187.494141 0.000000 0.439019 0.000000 -0.898478 1.000000 1.000000 1.000000
2343.904297 0.000000 3196.737305 0.000000 0.349717 0.000000 -0.936855 1.000000 1.000000 1.000000
2340.923828 0.000000 3197.093994 0.000000 0.345221 0.000000 -0.938522 1.000000 1.000000 1.000000
2424.363281 0.000000 3103.694824 0.000000 0.371742 0.000000 -0.928336 1.000000 1.000000 1.000000
2456.588867 0.000000 3078.815918 0.000000 0.027708 0.000000 -0.999616 1.000000 1.000000 1.000000
2451.491699 0.000000 3068.614746 0.000000 0.108764 0.000000 -0.994068 1.000000 1.000000 1.000000
2392.032227 0.000000 3149.068359 0.000000 0.269902 0.000000 -0.962888 1.000000 1.000000 1.000000
2428.847412 0.000000 3105.010986 0.000000 0.032430 0.000000 -0.999474 1.000000 1.000000 1.000000
2430.562500 0.000000 3126.338379 0.000000 0.280757 0.000000 -0.959779 1.000000 1.000000 1.000000
2396.632812 0.000000 3136.996094 0.000000 0.451398 0.000000 -0.892323 1.000000 1.000000 1.000000
2437.722412 0.000000 3087.750732 0.000000 0.165283 0.000000 -0.986246 1.000000 1.000000 1.000000
2384.102783 0.000000 3143.153076 0.000000 0.443897 0.000000 -0.896078 1.000000 1.000000 1.000000
2436.541260 0.000000 3108.869873 0.000000 0.479635 0.000000 -0.877468 1.000000 1.000000 1.000000
2465.869629 0.000000 3081.346436 0.000000 0.504871 0.000000 -0.863195 1.000000 1.000000 1.000000
2473.771484 0.000000 3066.110840 0.000000 0.207567 0.000000 -0.978221 1.000000 1.000000 1.000000
2469.359863 0.000000 3083.879395 0.000000 0.032791 0.000000 -0.999462 1.000000 1.000000 1.000000
2463.573242 0.000000 3091.133057 0.000000 0.447459 0.000000 -0.894305 1.000000 1.000000 1.000000
2437.941650 0.000000 3187.284912 0.000000 0.454963 0.000000 -0.890510 1.000000 1.000000 1.000000
2448.836426 0.000000 3153.545410 0.000000 0.015213 0.000000 -0.999884 1.000000 1.000000 1.000000
2445.980713 0.000000 3163.816650 0.000000 0.490720 0.000000 -0.871317 1.000000 1.000000 1.000000
2455.041748 0.000000 3161.721191 0.000000 0.587022 0.000000 -0.809571 1.000000 1.000000 1.000000
2450.416504 0.000000 3161.990967 0.000000 0.557348 0.000000 -0.830279 1.000000 1.000000 1.000000
2454.736816 0.000000 3186.159668 0.000000 0.256860 0.000000 -0.966448 1.000000 1.000000 1.000000
2433.269287 0.000000 3189.778564 0.000000 0.131507 0.000000 -0.991315 1.000000 1.000000 1.000000
2414.134277 0.000000 3193.690430 0.000000 0.339657 0.000000 -0.940549 1.000000 1.000000 1.000000
2520.761230 0.000000 3173.009521 0.000000 0.421322 0.000000 -0.906911 1.000000 1.000000 1.000000
2474.710449 0.000000 3172.188477 0.000000 0.297463 0.000000 -0.954733 1.000000 1.000000 1.000000
2731.394531 0.000000 3005.812012 0.000000 0.104469 0.000000 -0.994528 1.000000 1.000000 1.000000
2730.380371 0.000000 3000.446289 0.000000 0.341431 0.000000 -0.939907 1.000000 1.000000 1.000000
2714.452393 0.000000 3025.174316 0.000000 0.073276 0.000000 -0.997312 1.000000 1.000000 1.000000
2681.866211 0.000000 3036.887207 0.000000 0.527570 0.000000 -0.849512 1.000000 1.000000 1.000000
2701.725342 0.000000 3043.985596 0.000000 0.396319 0.000000 -0.918113 1.000000 1.000000 1.000000
2737.026855 0.000000 2975.615723 0.000000 0.263177 0.000000 -0.964748 1.000000 1.000000 1.000000
2731.594482 0.000000 2999.489746 0.000000 0.364380 0.000000 -0.931250 1.000000 1.000000 1.000000
2814.306152 0.000000 2965.867432 0.000000 0.040169 0.000000 -0.999193 1.000000 1.000000 1.000000
2761.402832 0.000000 2947.862061 0.000000 0.336265 0.000000 -0.941767 1.000000 1.000000 1.000000
2762.784424 0.000000 2944.071045 0.000000 0.531544 0.000000 -0.847031 1.000000 1.000000 1.000000
2812.964844 0.000000 2908.050049 0.000000 0.377744 0.000000 -0.925910 1.000000 1.000000 1.000000
2815.334473 0.000000 2910.796143 0.000000 0.290390 0.000000 -0.956908 1.000000 1.000000 1.000000
2826.654053 0.000000 2893.907471 0.000000 0.134429 0.000000 -0.990923 1.000000 1.000000 1.000000
2812.909668 0.000000 2967.698486 0.000000 0.183708 0.000000 -0.982981 1.000000 1.000000 1.000000
2760.136719 0.000000 2931.834229 0.000000 0.157297 0.000000 -0.987551 1.000000 1.000000 1.000000
2827.770996 0.000000 2892.299316 0.000000 0.004010 0.000000 -0.999992 1.000000 1.000000 1.000000
2758.910156 0.000000 2929.859619 0.000000 0.512270 0.000000 -0.858824 1.000000 1.000000 1.000000
2741.639404 0.000000 2975.148193 0.000000 0.354409 0.000000 -0.935091 1.000000 1.000000 1.000000
2740.715088 0.000000 2996.521729 0.000000 0.442212 0.000000 -0.896910 1.000000 1.000000 1.000000
2748.809570 0.000000 2982.946045 0.000000 0.334724 0.000000 -0.942316 1.000000 1.000000 1.000000
2751.456787 0.000000 2982.868896 0.000000 0.059304 0.000000 -0.998240 1.000000 1.000000 1.000000
2848.586914 0.000000 3018.896973 0.000000 0.436172 0.000000 -0.899863 1.000000 1.000000 1.000000
2835.303223 0.000000 2997.938965 0.000000 0.458384 0.000000 -0.888754 1.000000 1.000000 1.000000
2874.800293 0.000000 2988.721924 0.000000 0.407645 0.000000 -0.913140 1.000000 1.000000 1.000000
2864.737061 0.000000 3027.938232 0.000000 0.138322 0.000000 -0.990387 1.000000 1.000000 1.000000
2842.753418 0.000000 2996.498047 0.000000 0.505855 0.000000 -0.862619 1.000000 1.000000 1.000000
2834.887939 0.000000 3016.408936 0.000000 0.323037 0.000000 -0.946386 1.000000 1.000000 1.000000
2877.770020 0.000000 3004.794678 0.000000 0.566027 0.000000 -0.824387 1.000000 1.000000 1.000000
2876.532959 0.000000 3004.038574 0.000000 0.468819 0.000000 -0.883294 1.000000 1.000000 1.000000
2851.023193 0.000000 3020.658691 0.000000 0.059215 0.000000 -0.998245 1.000000 1.000000 1.000000
2717.979980 0.000000 3060.093262 0.000000 0.269614 0.000000 -0.962969 1.000000 1.000000 1.000000
2712.804443 0.000000 3063.534912 0.000000 0.351221 0.000000 -0.936293 1.000000 1.000000 1.000000
2664.282471 0.000000 3120.301025 0.000000 0.321055 0.000000 -0.947060 1.000000 1.000000 1.000000
2652.411133 0.000000 3108.367188 0.000000 0.522429 0.000000 -0.852683 1.000000 1.000000 1.000000
2689.000488 0.000000 3064.768066 0.000000 0.349770 0.000000 -0.936836 1.000000 1.000000 1.000000
2655.251953 0.000000 3111.667236 0.000000 0.555592 0.000000 -0.831455 1.000000 1.000000 1.000000
2620.037109 0.000000 3172.455811 0.000000 0.338297 0.000000 -0.941039 1.000000 1.000000 1.000000
2618.067871 0.000000 3203.144531 0.000000 0.370016 0.000000 -0.929025 1.000000 1.000000 1.000000
2623.474609 0.000000 3175.522949 0.000000 0.355392 0.000000 -0.934717 1.000000 1.000000 1.000000
2633.189941 0.000000 3206.507080 0.000000 0.376537 0.000000 -0.926402 1.000000 1.000000 1.000000
2725.061035 0.000000 3177.536133 0.000000 0.333732 0.000000 -0.942668 1.000000 1.000000 1.000000
2705.138916 0.000000 3205.512939 0.000000 0.326392 0.000000 -0.945234 1.000000 1.000000 1.000000
2701.122314 0.000000 3199.125000 0.000000 0.513107 0.000000 -0.858325 1.000000 1.000000 1.000000
2703.970459 0.000000 3201.813232 0.000000 0.098530 0.000000 -0.995134 1.000000 1.000000 1.000000
2665.957275 0.000000 3154.569092 0.000000 0.011917 0.000000 -0.999929 1.000000 1.000000 1.000000
2719.133789 0.000000 3172.367432 0.000000 0.180479 0.000000 -0.983579 1.000000 1.000000 1.000000
2699.605713 0.000000 3196.484375 0.000000 0.177228 0.000000 -0.984170 1.000000 1.000000 1.000000
2700.493896 0.000000 3166.287109 0.000000 0.238779 0.000000 -0.971074 1.000000 1.000000 1.000000
2728.463379 0.000000 3186.159668 0.000000 0.072140 0.000000 -0.997395 1.000000 1.000000 1.000000
2736.211670 0.000000 3160.469971 0.000000 0.389149 0.000000 -0.921175 1.000000 1.000000 1.000000
2667.386475 0.000000 3167.187256 0.000000 0.331445 0.000000 -0.943475 1.000000 1.000000 1.000000
2736.515625 0.000000 3181.522705 0.000000 0.468104 0.000000 -0.883674 1.000000 1.000000 1.000000
2662.864746 0.000000 3157.261475 0.000000 0.535841 0.000000 -0.844319 1.000000 1.000000 1.000000
2786.111328 0.000000 3092.958252 0.000000 0.222232 0.000000 -0.974994 1.000000 1.000000 1.000000
2761.402832 0.000000 3127.830811 0.000000 0.183695 0.000000 -0.982983 1.000000 1.000000 1.000000
2790.847900 0.000000 3106.500000 0.000000 0.334126 0.000000 -0.942529 1.000000 1.000000 1.000000
2793.760254 0.000000 3093.921875 0.000000 0.123291 0.000000 -0.992371 1.000000 1.000000 1.000000
2766.788574 0.000000 3119.712891 0.000000 0.276679 0.000000 -0.960962 1.000000 1.000000 1.000000
2766.286377 0.000000 3117.053223 0.000000 0.307611 0.000000 -0.951512 1.000000 1.000000 1.000000
2769.449219 0.000000 3119.115723 0.000000 0.036578 0.000000 -0.999331 1.000000 1.000000 1.000000
2871.383789 0.000000 3131.135010 0.000000 0.040714 0.000000 -0.999171 1.000000 1.000000 1.000000
2872.983154 0.000000 3135.907471 0.000000 0.381959 0.000000 -0.924179 1.000000 1.000000 1.000000
2838.833008 0.000000 3146.884766 0.000000 0.160791 0.000000 -0.986988 1.000000 1.000000 1.000000
2819.153320 0.000000 3201.860107 0.000000 0.437818 0.000000 -0.899064 1.000000 1.000000 1.000000
2816.460449 0.000000 3158.599121 0.000000 0.281223 0.000000 -0.959642 1.000000 1.000000 1.000000
2824.635498 0.000000 3194.742676 0.000000 0.401611 0.000000 -0.915810 1.000000 1.000000 1.000000
2825.082275 0.000000 3177.246826 0.000000 0.480808 0.000000 -0.876826 1.000000 1.000000 1.000000
2784.445312 0.000000 3194.722900 0.000000 0.029947 0.000000 -0.999551 1.000000 1.000000 1.000000
2797.256104 0.000000 3153.847168 0.000000 0.306487 0.000000 -0.951875 1.000000 1.000000 1.000000
2807.319092 0.000000 3189.561279 0.000000 0.128230 0.000000 -0.991744 1.000000 1.000000 1.000000
2781.429199 0.000000 3159.436768 0.000000 0.489807 0.000000 -0.871831 1.000000 1.000000 1.000000
2788.714355 0.000000 3150.111084 0.000000 0.165185 0.000000 -0.986263 1.000000 1.000000 1.000000
2795.983398 0.000000 3149.876709 0.000000 0.180603 0.000000 -0.983556 1.000000 1.000000 1.000000
2811.156494 0.000000 3184.363525 0.000000 0.517714 0.000000 -0.855554 1.000000 1.000000 1.000000
2823.760498 0.000000 3211.151367 0.000000 0.086325 0.000000 -0.996267 1.000000 1.000000 1.000000
2824.067871 0.000000 3192.118164 0.000000 0.392229 0.000000 -0.919868 1.000000 1.000000 1.000000
2801.453125 0.000000 3170.256836 0.000000 0.189852 0.000000 -0.981813 1.000000 1.000000 1.000000
2795.745117 0.000000 3151.904297 0.000000 0.543077 0.000000 -0.839683 1.000000 1.000000 1.000000
2829.576660 0.000000 3160.062744 0.000000 0.023386 0.000000 -0.999727 1.000000 1.000000 1.000000
2849.309814 0.000000 3173.818848 0.000000 0.444493 0.000000 -0.895782 1.000000 1.000000 1.000000
2832.190186 0.000000 3165.334717 0.000000 0.317065 0.000000 -0.948404 1.000000 1.000000 1.000000
2908.405029 0.000000 3172.035156 0.000000 0.524773 0.000000 -0.851242 1.000000 1.000000 1.000000
2857.487549 0.000000 3174.727783 0.000000 0.231294 0.000000 -0.972884 1.000000 1.000000 1.000000
2867.857666 0.000000 3221.549072 0.000000 0.298597 0.000000 -0.954379 1.000000 1.000000 1.000000
2851.554443 0.000000 3171.000732 0.000000 0.061266 0.000000 -0.998122 1.000000 1.000000 1.000000
2896.403076 0.000000 3208.292236 0.000000 0.057568 0.000000 -0.998342 1.000000 1.000000 1.000000
2873.322754 0.000000 3237.922607 0.000000 0.306503 0.000000 -0.951870 1.000000 1.000000 1.000000
2890.528564 0.000000 3184.534668 0.000000 0.024844 0.000000 -0.999691 1.000000 1.000000 1.000000
2905.491211 0.000000 3207.477051 0.000000 0.506576 0.000000 -0.862196 1.000000 1.000000 1.000000
2903.631104 0.000000 3205.462158 0.000000 0.531629 0.000000 -0.846977 1.000000 1.000000 1.000000
2892.273438 0.000000 3185.974854 0.000000 0.303015 0.000000 -0.952986 1.000000 1.000000 1.000000
2836.772461 0.000000 3206.479004 0.000000 0.318163 0.000000 -0.948036 1.000000 1.000000 1.000000
2856.061279 0.000000 3170.337402 0.000000 0.510622 0.000000 -0.859806 1.000000 1.000000 1.000000
2865.757324 0.000000 3167.840820 0.000000 0.033058 0.000000 -0.999453 1.000000 1.000000 1.000000
2233.830078 0.000000 3263.947021 0.000000 0.370588 0.000000 -0.928797 1.000000 1.000000 1.000000
2200.105713 0.000000 3296.641846 0.000000 0.032529 0.000000 -0.999471 1.000000 1.000000 1.000000
2269.007324 0.000000 3248.583496 0.000000 0.579753 0.000000 -0.814793 1.000000 1.000000 1.000000
2201.313965 0.000000 3274.288818 0.000000 0.438276 0.000000 -0.898841 1.000000 1.000000 1.000000
2208.035156 0.000000 3249.854248 0.000000 0.383890 0.000000 -0.923379 1.000000 1.000000 1.000000
2255.457275 0.000000 3277.269287 0.000000 0.142844 0.000000 -0.989745 1.000000 1.000000 1.000000
2227.163086 0.000000 3289.128906 0.000000 0.190030 0.000000 -0.981778 1.000000 1.000000 1.000000
2259.865967 0.000000 3279.545654 0.000000 0.216184 0.000000 -0.976353 1.000000 1.000000 1.000000
2225.890625 0.000000 3293.035156 0.000000 0.181806 0.000000 -0.983334 1.000000 1.000000 1.000000
2207.614258 0.000000 3304.519531 0.000000 0.300893 0.000000 -0.953658 1.000000 1.000000 1.000000
2198.721924 0.000000 3325.506836 0.000000 0.034782 0.000000 -0.999395 1.000000 1.000000 1.000000
2255.238037 0.000000 3267.719482 0.000000 0.304204 0.000000 -0.952607 1.000000 1.000000 1.000000
2229.520020 0.000000 3262.813721 0.000000 0.289434 0.000000 -0.957198 1.000000 1.000000 1.000000
2239.327148 0.000000 3276.464111 0.000000 0.432066 0.000000 -0.901842 1.000000 1.000000 1.000000
2199.317383 0.000000 3323.378418 0.000000 0.264880 0.000000 -0.964281 1.000000 1.000000 1.000000
2200.464600 0.000000 3322.676270 0.000000 0.294358 0.000000 -0.955695 1.000000 1.000000 1.000000
2295.652100 0.000000 3302.050537 0.000000 0.360382 0.000000 -0.932805 1.000000 1.000000 1.000000
2284.425293 0.000000 3270.019287 0.000000 0.492879 0.000000 -0.870098 1.000000 1.000000 1.000000
2287.136475 0.000000 3284.162354 0.000000 0.534179 0.000000 -0.845371 1.000000 1.000000 1.000000
2289.074707 0.000000 3285.338379 0.000000 0.077715 0.000000 -0.996976 1.000000 1.000000 1.000000
2259.005127 0.000000 3359.919434 0.000000 0.450759 0.000000 -0.892646 1.000000 1.000000 1.000000
2191.774414 0.000000 3364.023682 0.000000 0.560324 0.000000 -0.828273 1.000000 1.000000 1.000000
2213.904785 0.000000 3370.158936 0.000000 0.584432 0.000000 -0.811442 1.000000 1.000000 1.000000
2249.283936 0.000000 3371.606201 0.000000 0.046576 0.000000 -0.998915 1.000000 1.000000 1.000000
2275.493896 0.000000 3344.979980 0.000000 0.007935 0.000000 -0.999969 1.000000 1.000000 1.000000
2238.202393 0.000000 3390.715820 0.000000 0.443545 0.000000 -0.896252 1.000000 1.000000 1.000000
2206.085693 0.000000 3342.881836 0.000000 0.437714 0.000000 -0.899114 1.000000 1.000000 1.000000
2274.926514 0.000000 3339.026855 0.000000 0.289986 0.000000 -0.957031 1.000000 1.000000 1.000000
2218.094482 0.000000 3376.053223 0.000000 0.378100 0.000000 -0.925765 1.000000 1.000000 1.000000
2197.053711 0.000000 3347.038086 0.000000 0.534734 0.000000 -0.845021 1.000000 1.000000 1.000000
2201.768799 0.000000 3388.216553 0.000000 0.296457 0.000000 -0.955046 1.000000 1.000000 1.000000
2517.709961 0.000000 3322.365479 0.000000 0.586385 0.000000 -0.810033 1.000000 1.000000 1.000000
2526.827393 0.000000 3318.053955 0.000000 0.238114 0.000000 -0.971237 1.000000 1.000000 1.000000
2519.796875 0.000000 3325.624268 0.000000 0.496390 0.000000 -0.868100 1.000000 1.000000 1.000000
2451.334473 0.000000 3357.504883 0.000000 0.452826 0.000000 -0.891599 1.000000 1.000000 1.000000
2405.837402 0.000000 3395.387939 0.000000 0.023359 0.000000 -0.999727 1.000000 1.000000 1.000000
2404.534668 0.000000 3392.706543 0.000000 0.384065 0.000000 -0.923306 1.000000 1.000000 1.000000
2381.801758 0.000000 3413.362793 0.000000 0.294922 0.000000 -0.955521 1.000000 1.000000 1.000000
2383.416260 0.000000 3415.225830 0.000000 0.091053 0.000000 -0.995846 1.000000 1.000000 1.000000
2399.806885 0.000000 3398.279785 0.000000 0.194386 0.000000 -0.980925 1.000000 1.000000 1.000000
2450.193848 0.000000 3375.414062 0.000000 0.402231 0.000000 -0.915538 1.000000 1.000000 1.000000
2398.709961 0.000000 3401.970703 0.000000 0.170672 0.000000 -0.985328 1.000000 1.000000 1.000000
2396.028076 0.000000 3399.499512 0.000000 0.423744 0.000000 -0.905782 1.000000 1.000000 1.000000
2489.970703 0.000000 3351.933594 0.000000 0.182126 0.000000 -0.983275 1.000000 1.000000 1.000000
2517.053711 0.000000 3353.713379 0.000000 0.508584 0.000000 -0.861013 1.000000 1.000000 1.000000
2488.457031 0.000000 3349.348633 0.000000 0.075838 0.000000 -0.997120 1.000000 1.000000 1.000000
2465.730957 0.000000 3406.022705 0.000000 0.335799 0.000000 -0.941934 1.000000 1.000000 1.000000
2515.538330 0.000000 3352.323730 0.000000 0.134711 0.000000 -0.990885 1.000000 1.000000 1.000000
2472.033691 0.000000 3368.257568 0.000000 0.145799 0.000000 -0.989314 1.000000 1.000000 1.000000
2200.044922 0.000000 3426.048340 0.000000 0.491551 0.000000 -0.870849 1.000000 1.000000 1.000000
2191.774414 0.000000 3454.008057 0.000000 0.519015 0.000000 -0.854765 1.000000 1.000000 1.000000
2198.237793 0.000000 3440.694336 0.000000 0.454726 0.000000 -0.890631 1.000000 1.000000 1.000000
2592.855469 0.000000 3275.026855 0.000000 0.414624 0.000000 -0.909993 1.000000 1.000000 1.000000
2625.625977 0.000000 3243.982422 0.000000 0.050790 0.000000 -0.998709 1.000000 1.000000 1.000000
2593.520996 0.000000 3277.979492 0.000000 0.566230 0.000000 -0.824247 1.000000 1.000000 1.000000
2603.960938 0.000000 3270.994629 0.000000 0.583047 0.000000 -0.812439 1.000000 1.000000 1.000000
2713.744141 0.000000 3254.704834 0.000000 0.569848 0.000000 -0.821750 1.000000 1.000000 1.000000
2700.252197 0.000000 3308.927734 0.000000 0.388688 0.000000 -0.921369 1.000000 1.000000 1.000000
2709.396484 0.000000 3253.137695 0.000000 0.017714 0.000000 -0.999843 1.000000 1.000000 1.000000
2711.448975 0.000000 3267.719482 0.000000 0.166876 0.000000 -0.985978 1.000000 1.000000 1.000000
2695.653564 0.000000 3297.458008 0.000000 0.165768 0.000000 -0.986165 1.000000 1.000000 1.000000
2708.248047 0.000000 3254.618896 0.000000 0.330486 0.000000 -0.943811 1.000000 1.000000 1.000000
2712.787842 0.000000 3266.410156 0.000000 0.435571 0.000000 -0.900154 1.000000 1.000000 1.000000
2596.762207 0.000000 3352.411865 0.000000 0.514497 0.000000 -0.857492 1.000000 1.000000 1.000000
2594.380615 0.000000 3355.623291 0.000000 0.566323 0.000000 -0.824183 1.000000 1.000000 1.000000
2590.204102 0.000000 3360.894287 0.000000 0.154674 0.000000 -0.987966 1.000000 1.000000 1.000000
2733.048584 0.000000 3329.717041 0.000000 0.523962 0.000000 -0.851742 1.000000 1.000000 1.000000
2713.021240 0.000000 3340.071533 0.000000 0.088050 0.000000 -0.996116 1.000000 1.000000 1.000000
2651.149414 0.000000 3348.909668 0.000000 0.573664 0.000000 -0.819091 1.000000 1.000000 1.000000
2718.306885 0.000000 3335.930420 0.000000 0.587735 0.000000 -0.809053 1.000000 1.000000 1.000000
2737.328369 0.000000 3325.545898 0.000000 0.399317 0.000000 -0.916813 1.000000 1.000000 1.000000
2764.514160 0.000000 3274.104492 0.000000 0.505456 0.000000 -0.862852 1.000000 1.000000 1.000000
2752.319824 0.000000 3269.255371 0.000000 0.039873 0.000000 -0.999205 1.000000 1.000000 1.000000
2746.384033 0.000000 3287.297119 0.000000 0.247504 0.000000 -0.968887 1.000000 1.000000 1.000000
2784.781006 0.000000 3264.748047 0.000000 0.153898 0.000000 -0.988087 1.000000 1.000000 1.000000
2746.832764 0.000000 3276.682129 0.000000 0.353334 0.000000 -0.935497 1.000000 1.000000 1.000000
2766.677734 0.000000 3252.000488 0.000000 0.438318 0.000000 -0.898820 1.000000 1.000000 1.000000
2743.849854 0.000000 3326.682861 0.000000 0.012707 0.000000 -0.999919 1.000000 1.000000 1.000000
2739.693359 0.000000 3324.547607 0.000000 0.290952 0.000000 -0.956738 1.000000 1.000000 1.000000
2752.647949 0.000000 3304.265381 0.000000 0.334823 0.000000 -0.942281 1.000000 1.000000 1.000000
2762.518066 0.000000 3275.728271 0.000000 0.059028 0.000000 -0.998256 1.000000 1.000000 1.000000
2759.374512 0.000000 3317.342773 0.000000 0.054734 0.000000 -0.998501 1.000000 1.000000 1.000000
2761.160156 0.000000 3272.522217 0.000000 0.319334 0.000000 -0.947642 1.000000 1.000000 1.000000
2875.659424 0.000000 3240.176025 0.000000 0.551848 0.000000 -0.833944 1.000000 1.000000 1.000000
2916.013916 0.000000 3298.487793 0.000000 0.258347 0.000000 -0.966052 1.000000 1.000000 1.000000
2913.194580 0.000000 3290.065186 0.000000 0.455834 0.000000 -0.890065 1.000000 1.000000 1.000000
2914.904785 0.000000 3291.827637 0.000000 0.153004 0.000000 -0.988226 1.000000 1.000000 1.000000
2918.193848 0.000000 3296.516602 0.000000 0.378856 0.000000 -0.925456 1.000000 1.000000 1.000000
1815.489380 0.000000 3651.781982 0.000000 0.075869 0.000000 -0.997118 1.000000 1.000000 1.000000
3071.993652 0.000000 2928.945068 0.000000 0.104858 0.000000 -0.994487 1.000000 1.000000 1.000000
3081.486572 0.000000 2962.923340 0.000000 0.366639 0.000000 -0.930363 1.000000 1.000000 1.000000
3088.640625 0.000000 2934.941406 0.000000 0.459591 0.000000 -0.888131 1.000000 1.000000 1.000000
3080.269043 0.000000 2967.112793 0.000000 0.537802 0.000000 -0.843071 1.000000 1.000000 1.000000
3067.934082 0.000000 2968.160156 0.000000 0.528449 0.000000 -0.848965 1.000000 1.000000 1.000000
3082.610352 0.000000 2961.019287 0.000000 0.413561 0.000000 -0.910476 1.000000 1.000000 1.000000
2994.014160 0.000000 3028.076660 0.000000 0.419842 0.000000 -0.907597 1.000000 1.000000 1.000000
3001.871338 0.000000 3014.761963 0.000000 0.123796 0.000000 -0.992308 1.000000 1.000000 1.000000
3079.878906 0.000000 3040.581543 0.000000 0.224575 0.000000 -0.974457 1.000000 1.000000 1.000000
3095.660889 0.000000 3045.692383 0.000000 0.494083 0.000000 -0.869415 1.000000 1.000000 1.000000
3088.394043 0.000000 3041.797852 0.000000 0.067904 0.000000 -0.997692 1.000000 1.000000 1.000000
3061.759277 0.000000 3032.533447 0.000000 0.573173 0.000000 -0.819434 1.000000 1.000000 1.000000
3090.975098 0.000000 3040.701660 0.000000 0.292308 0.000000 -0.956324 1.000000 1.000000 1.000000
3098.779541 0.000000 3044.706055 0.000000 0.563902 0.000000 -0.825842 1.000000 1.000000 1.000000
3048.604980 0.000000 3039.789062 0.000000 0.341014 0.000000 -0.940058 1.000000 1.000000 1.000000
3066.179688 0.000000 3047.258545 0.000000 0.116060 0.000000 -0.993242 1.000000 1.000000 1.000000
3048.124023 0.000000 3041.682861 0.000000 0.462186 0.000000 -0.886783 1.000000 1.000000 1.000000
3059.935791 0.000000 3032.035400 0.000000 0.324544 0.000000 -0.945871 1.000000 1.000000 1.000000
3151.262695 0.000000 2944.771973 0.000000 0.409000 0.000000 -0.912534 1.000000 1.000000 1.000000
3127.046631 0.000000 2953.104980 0.000000 0.173846 0.000000 -0.984773 1.000000 1.000000 1.000000
3181.639160 0.000000 2924.262695 0.000000 0.356587 0.000000 -0.934262 1.000000 1.000000 1.000000
3149.007812 0.000000 2965.810791 0.000000 0.297547 0.000000 -0.954707 1.000000 1.000000 1.000000
3127.958740 0.000000 2940.103516 0.000000 0.445962 0.000000 -0.895052 1.000000 1.000000 1.000000
3147.323975 0.000000 2942.614746 0.000000 0.490922 0.000000 -0.871204 1.000000 1.000000 1.000000
3123.967285 0.000000 2938.449707 0.000000 0.263239 0.000000 -0.964731 1.000000 1.000000 1.000000
3185.726074 0.000000 2922.710938 0.000000 0.142632 0.000000 -0.989776 1.000000 1.000000 1.000000
3114.040283 0.000000 2963.184326 0.000000 0.385559 0.000000 -0.922683 1.000000 1.000000 1.000000
3119.375488 0.000000 2905.181152 0.000000 0.512851 0.000000 -0.858478 1.000000 1.000000 1.000000
3103.443604 0.000000 2962.392822 0.000000 0.319158 0.000000 -0.947702 1.000000 1.000000 1.000000
3143.421143 0.000000 2916.513916 0.000000 0.380677 0.000000 -0.924708 1.000000 1.000000 1.000000
3121.702393 0.000000 2915.411377 0.000000 0.556261 0.000000 -0.831008 1.000000 1.000000 1.000000
3185.086670 0.000000 2920.500244 0.000000 0.044759 0.000000 -0.998998 1.000000 1.000000 1.000000
3151.049316 0.000000 2952.559570 0.000000 0.372511 0.000000 -0.928028 1.000000 1.000000 1.000000
3176.781982 0.000000 2926.539307 0.000000 0.500605 0.000000 -0.865676 1.000000 1.000000 1.000000
3116.401855 0.000000 2960.752197 0.000000 0.424250 0.000000 -0.905545 1.000000 1.000000 1.000000
3224.834961 0.000000 2925.053711 0.000000 0.166054 0.000000 -0.986117 1.000000 1.000000 1.000000
3202.210205 0.000000 2923.131592 0.000000 0.467699 0.000000 -0.883888 1.000000 1.000000 1.000000
3213.661377 0.000000 2912.396484 0.000000 0.527318 0.000000 -0.849668 1.000000 1.000000 1.000000
3218.288818 0.000000 2953.104980 0.000000 0.521800 0.000000 -0.853068 1.000000 1.000000 1.000000
3269.375732 0.000000 2916.993408 0.000000 0.096634 0.000000 -0.995320 1.000000 1.000000 1.000000
3217.568848 0.000000 2920.237061 0.000000 0.496461 0.000000 -0.868059 1.000000 1.000000 1.000000
3259.121338 0.000000 2917.331787 0.000000 0.515107 0.000000 -0.857126 1.000000 1.000000 1.000000
3250.289307 0.000000 2956.015869 0.000000 0.205275 0.000000 -0.978704 1.000000 1.000000 1.000000
3274.551270 0.000000 2919.011719 0.000000 0.221703 0.000000 -0.975114 1.000000 1.000000 1.000000
3212.968262 0.000000 2924.906738 0.000000 0.524626 0.000000 -0.851333 1.000000 1.000000 1.000000
3225.080078 0.000000 2959.198486 0.000000 0.319742 0.000000 -0.947505 1.000000 1.000000 1.000000
3271.235596 0.000000 2920.413818 0.000000 0.031895 0.000000 -0.999491 1.000000 1.000000 1.000000
3265.236084 0.000000 2948.627930 0.000000 0.111965 0.000000 -0.993712 1.000000 1.000000 1.000000
3219.770020 0.000000 2917.541016 0.000000 0.429249 0.000000 -0.903186 1.000000 1.000000 1.000000
3250.600830 0.000000 2961.966309 0.000000 0.412121 0.000000 -0.911129 1.000000 1.000000 1.000000
3259.996826 0.000000 2967.939941 0.000000 0.214373 0.000000 -0.976752 1.000000 1.000000 1.000000
3234.481689 0.000000 2883.938965 0.000000 0.296098 0.000000 -0.955157 1.000000 1.000000 1.000000
3254.162109 0.000000 2965.760498 0.000000 0.323993 0.000000 -0.946060 1.000000 1.000000 1.000000
3256.970459 0.000000 2918.353760 0.000000 0.325816 0.000000 -0.945433 1.000000 1.000000 1.000000
3202.811279 0.000000 2913.338379 0.000000 0.334259 0.000000 -0.942481 1.000000 1.000000 1.000000
3212.127441 0.000000 2927.083252 0.000000 0.475796 0.000000 -0.879556 1.000000 1.000000 1.000000
3272.362305 0.000000 2918.470215 0.000000 0.280731 0.000000 -0.959786 1.000000 1.000000 1.000000
3214.524658 0.000000 2916.843750 0.000000 0.147496 0.000000 -0.989063 1.000000 1.000000 1.000000
3250.230469 0.000000 2888.492188 0.000000 0.010544 0.000000 -0.999944 1.000000 1.000000 1.000000
3252.547852 0.000000 2961.301025 0.000000 0.311514 0.000000 -0.950242 1.000000 1.000000 1.000000
3226.051758 0.000000 2923.669922 0.000000 0.549491 0.000000 -0.835500 1.000000 1.000000 1.000000
3219.055176 0.000000 2919.148193 0.000000 0.117934 0.000000 -0.993021 1.000000 1.000000 1.000000
3281.182617 0.000000 2959.184082 0.000000 0.272496 0.000000 -0.962157 1.000000 1.000000 1.000000
3221.368164 0.000000 2955.812012 0.000000 0.023875 0.000000 -0.999715 1.000000 1.000000 1.000000
3184.122070 0.000000 3021.891357 0.000000 0.121772 0.000000 -0.992558 1.000000 1.000000 1.000000
3135.870117 0.000000 3002.171143 0.000000 0.578242 0.000000 -0.815865 1.000000 1.000000 1.000000
3102.244385 0.000000 2997.636475 0.000000 0.142049 0.000000 -0.989860 1.000000 1.000000 1.000000
3144.922852 0.000000 2971.996338 0.000000 0.299776 0.000000 -0.954010 1.000000 1.000000 1.000000
3133.035645 0.000000 2989.533936 0.000000 0.181533 0.000000 -0.983385 1.000000 1.000000 1.000000
3114.118652 0.000000 3012.121094 0.000000 0.280010 0.000000 -0.959997 1.000000 1.000000 1.000000
3181.120605 0.000000 3022.261230 0.000000 0.087220 0.000000 -0.996189 1.000000 1.000000 1.000000
3163.107178 0.000000 3047.307617 0.000000 0.559681 0.000000 -0.828708 1.000000 1.000000 1.000000
3150.667725 0.000000 3044.568359 0.000000 0.409882 0.000000 -0.912139 1.000000 1.000000 1.000000
3144.260742 0.000000 2970.105469 0.000000 0.391968 0.000000 -0.919979 1.000000 1.000000 1.000000
3121.364990 0.000000 2978.368408 0.000000 0.141956 0.000000 -0.989873 1.000000 1.000000 1.000000
3182.899658 0.000000 3023.052246 0.000000 0.521885 0.000000 -0.853016 1.000000 1.000000 1.000000
3105.624268 0.000000 3042.296631 0.000000 0.390458 0.000000 -0.920621 1.000000 1.000000 1.000000
3165.947754 0.000000 3046.778809 0.000000 0.204766 0.000000 -0.978811 1.000000 1.000000 1.000000
3249.329590 0.000000 3028.107422 0.000000 0.250424 0.000000 -0.968136 1.000000 1.000000 1.000000
3283.215088 0.000000 3006.120605 0.000000 0.335641 0.000000 -0.941990 1.000000 1.000000 1.000000
3258.910156 0.000000 3025.077881 0.000000 0.498381 0.000000 -0.866958 1.000000 1.000000 1.000000
3195.145508 0.000000 3028.692871 0.000000 0.280052 0.000000 -0.959985 1.000000 1.000000 1.000000
2999.034180 0.000000 3075.278564 0.000000 0.457597 0.000000 -0.889160 1.000000 1.000000 1.000000
3008.249512 0.000000 3100.017822 0.000000 0.453019 0.000000 -0.891501 1.000000 1.000000 1.000000
3002.240967 0.000000 3075.946777 0.000000 0.345202 0.000000 -0.938528 1.000000 1.000000 1.000000
2985.524658 0.000000 3136.185547 0.000000 0.434864 0.000000 -0.900496 1.000000 1.000000 1.000000
3004.358887 0.000000 3118.681152 0.000000 0.297282 0.000000 -0.954790 1.000000 1.000000 1.000000
2942.918945 0.000000 3120.996582 0.000000 0.006449 0.000000 -0.999979 1.000000 1.000000 1.000000
2990.957520 0.000000 3074.298096 0.000000 0.321892 0.000000 -0.946776 1.000000 1.000000 1.000000
3009.968018 0.000000 3108.945557 0.000000 0.337679 0.000000 -0.941261 1.000000 1.000000 1.000000
2946.267334 0.000000 3122.128906 0.000000 0.533251 0.000000 -0.845957 1.000000 1.000000 1.000000
3007.021729 0.000000 3106.352051 0.000000 0.119932 0.000000 -0.992782 1.000000 1.000000 1.000000
2990.055908 0.000000 3075.506836 0.000000 0.092738 0.000000 -0.995691 1.000000 1.000000 1.000000
3042.350586 0.000000 3105.022461 0.000000 0.434726 0.000000 -0.900563 1.000000 1.000000 1.000000
3011.483154 0.000000 3110.857910 0.000000 0.176924 0.000000 -0.984225 1.000000 1.000000 1.000000
3035.084473 0.000000 3100.205811 0.000000 0.115266 0.000000 -0.993335 1.000000 1.000000 1.000000
3070.463623 0.000000 3101.653076 0.000000 0.413266 0.000000 -0.910610 1.000000 1.000000 1.000000
3011.054932 0.000000 3145.577148 0.000000 0.389273 0.000000 -0.921123 1.000000 1.000000 1.000000
3099.956055 0.000000 3082.241699 0.000000 0.373368 0.000000 -0.927683 1.000000 1.000000 1.000000
3075.646484 0.000000 3133.188232 0.000000 0.494979 0.000000 -0.868905 1.000000 1.000000 1.000000
3084.325439 0.000000 3147.830566 0.000000 0.575845 0.000000 -0.817559 1.000000 1.000000 1.000000
3079.649902 0.000000 3134.598145 0.000000 0.458258 0.000000 -0.888819 1.000000 1.000000 1.000000
3051.162598 0.000000 3059.584473 0.000000 0.093810 0.000000 -0.995590 1.000000 1.000000 1.000000
3032.024658 0.000000 3101.793213 0.000000 0.387535 0.000000 -0.921855 1.000000 1.000000 1.000000
3062.440918 0.000000 3060.126709 0.000000 0.215514 0.000000 -0.976501 1.000000 1.000000 1.000000
3014.435547 0.000000 3097.176025 0.000000 0.083701 0.000000 -0.996491 1.000000 1.000000 1.000000
3039.274170 0.000000 3106.100098 0.000000 0.426829 0.000000 -0.904333 1.000000 1.000000 1.000000
3012.255127 0.000000 3066.777100 0.000000 0.119560 0.000000 -0.992827 1.000000 1.000000 1.000000
3051.723633 0.000000 3093.813477 0.000000 0.579581 0.000000 -0.814915 1.000000 1.000000 1.000000
3061.357422 0.000000 3136.745850 0.000000 0.442958 0.000000 -0.896542 1.000000 1.000000 1.000000
3023.908691 0.000000 3133.564453 0.000000 0.586967 0.000000 -0.809611 1.000000 1.000000 1.000000
3068.227051 0.000000 3102.710449 0.000000 0.179619 0.000000 -0.983736 1.000000 1.000000 1.000000
3086.636230 0.000000 3147.667236 0.000000 0.349753 0.000000 -0.936842 1.000000 1.000000 1.000000
3029.141602 0.000000 3126.763428 0.000000 0.573425 0.000000 -0.819258 1.000000 1.000000 1.000000
3020.029541 0.000000 3133.843506 0.000000 0.498484 0.000000 -0.866899 1.000000 1.000000 1.000000
3013.372803 0.000000 3073.579346 0.000000 0.447836 0.000000 -0.894116 1.000000 1.000000 1.000000
3077.716553 0.000000 3133.731445 0.000000 0.131036 0.000000 -0.991378 1.000000 1.000000 1.000000
3050.717285 0.000000 3099.815674 0.000000 0.557412 0.000000 -0.830236 1.000000 1.000000 1.000000
3037.991211 0.000000 3107.581543 0.000000 0.431418 0.000000 -0.902152 1.000000 1.000000 1.000000
3049.354248 0.000000 3059.535400 0.000000 0.458550 0.000000 -0.888669 1.000000 1.000000 1.000000
3054.725342 0.000000 3140.764404 0.000000 0.098524 0.000000 -0.995135 1.000000 1.000000 1.000000
3053.838623 0.000000 3101.945557 0.000000 0.367024 0.000000 -0.930211 1.000000 1.000000 1.000000
3039.760986 0.000000 3107.696045 0.000000 0.500392 0.000000 -0.865799 1.000000 1.000000 1.000000
3074.464355 0.000000 3103.220215 0.000000 0.415857 0.000000 -0.909430 1.000000 1.000000 1.000000
3036.962891 0.000000 3106.519043 0.000000 0.210552 0.000000 -0.977583 1.000000 1.000000 1.000000
3066.959961 0.000000 3103.413330 0.000000 0.282975 0.000000 -0.959127 1.000000 1.000000 1.000000
3051.272217 0.000000 3090.589355 0.000000 0.540890 0.000000 -0.841093 1.000000 1.000000 1.000000
2951.108398 0.000000 3195.006836 0.000000 0.280763 0.000000 -0.959777 1.000000 1.000000 1.000000
2989.575928 0.000000 3194.268555 0.000000 0.025614 0.000000 -0.999672 1.000000 1.000000 1.000000
2994.488281 0.000000 3198.319824 0.000000 0.149457 0.000000 -0.988768 1.000000 1.000000 1.000000
2956.010498 0.000000 3194.062012 0.000000 0.462320 0.000000 -0.886713 1.000000 1.000000 1.000000
3003.299561 0.000000 3211.240723 0.000000 0.029837 0.000000 -0.999555 1.000000 1.000000 1.000000
2990.310547 0.000000 3198.375732 0.000000 0.233980 0.000000 -0.972241 1.000000 1.000000 1.000000
2995.708008 0.000000 3195.065674 0.000000 0.414691 0.000000 -0.909962 1.000000 1.000000 1.000000
3002.534912 0.000000 3171.611572 0.000000 0.523732 0.000000 -0.851883 1.000000 1.000000 1.000000
2977.861084 0.000000 3219.202637 0.000000 0.344636 0.000000 -0.938736 1.000000 1.000000 1.000000
2940.437256 0.000000 3210.640381 0.000000 0.428766 0.000000 -0.903416 1.000000 1.000000 1.000000
2927.770020 0.000000 3195.354004 0.000000 0.201327 0.000000 -0.979524 1.000000 1.000000 1.000000
3009.439453 0.000000 3195.147949 0.000000 0.475401 0.000000 -0.879769 1.000000 1.000000 1.000000
2930.075195 0.000000 3236.869141 0.000000 0.061658 0.000000 -0.998097 1.000000 1.000000 1.000000
3001.119385 0.000000 3171.696777 0.000000 0.301601 0.000000 -0.953434 1.000000 1.000000 1.000000
3012.461426 0.000000 3227.937988 0.000000 0.139789 0.000000 -0.990181 1.000000 1.000000 1.000000
3073.063232 0.000000 3149.557129 0.000000 0.105708 0.000000 -0.994397 1.000000 1.000000 1.000000
3090.230225 0.000000 3198.800781 0.000000 0.177437 0.000000 -0.984132 1.000000 1.000000 1.000000
3056.130615 0.000000 3154.758057 0.000000 0.262859 0.000000 -0.964834 1.000000 1.000000 1.000000
3066.101074 0.000000 3154.595459 0.000000 0.347282 0.000000 -0.937761 1.000000 1.000000 1.000000
3028.987305 0.000000 3156.911377 0.000000 0.384551 0.000000 -0.923104 1.000000 1.000000 1.000000
3033.663330 0.000000 3183.313477 0.000000 0.349909 0.000000 -0.936784 1.000000 1.000000 1.000000
3087.265625 0.000000 3171.691650 0.000000 0.063913 0.000000 -0.997956 1.000000 1.000000 1.000000
3069.471680 0.000000 3151.904297 0.000000 0.042443 0.000000 -0.999099 1.000000 1.000000 1.000000
3083.168213 0.000000 3202.534180 0.000000 0.276402 0.000000 -0.961042 1.000000 1.000000 1.000000
3053.399658 0.000000 3205.383057 0.000000 0.573637 0.000000 -0.819109 1.000000 1.000000 1.000000
3161.938477 0.000000 3143.297607 0.000000 0.386779 0.000000 -0.922172 1.000000 1.000000 1.000000
3131.214111 0.000000 3084.743408 0.000000 0.271230 0.000000 -0.962515 1.000000 1.000000 1.000000
3143.248535 0.000000 3077.567139 0.000000 0.059527 0.000000 -0.998227 1.000000 1.000000 1.000000
3157.421875 0.000000 3137.242920 0.000000 0.176841 0.000000 -0.984239 1.000000 1.000000 1.000000
3143.670166 0.000000 3112.917480 0.000000 0.366824 0.000000 -0.930290 1.000000 1.000000 1.000000
3141.957031 0.000000 3065.647461 0.000000 0.305961 0.000000 -0.952044 1.000000 1.000000 1.000000
3161.305664 0.000000 3141.269775 0.000000 0.092214 0.000000 -0.995739 1.000000 1.000000 1.000000
3159.782715 0.000000 3140.113525 0.000000 0.539409 0.000000 -0.842044 1.000000 1.000000 1.000000
3113.125000 0.000000 3122.090088 0.000000 0.023248 0.000000 -0.999730 1.000000 1.000000 1.000000
3242.504883 0.000000 3124.740723 0.000000 0.015559 0.000000 -0.999879 1.000000 1.000000 1.000000
3216.673584 0.000000 3113.595947 0.000000 0.255852 0.000000 -0.966716 1.000000 1.000000 1.000000
3216.596924 0.000000 3072.066162 0.000000 0.322022 0.000000 -0.946732 1.000000 1.000000 1.000000
3268.002686 0.000000 3102.019531 0.000000 0.517071 0.000000 -0.855942 1.000000 1.000000 1.000000
3241.063232 0.000000 3129.863770 0.000000 0.479435 0.000000 -0.877577 1.000000 1.000000 1.000000
3206.943604 0.000000 3067.542725 0.000000 0.384469 0.000000 -0.923138 1.000000 1.000000 1.000000
3244.905273 0.000000 3125.552246 0.000000 0.332676 0.000000 -0.943041 1.000000 1.000000 1.000000
3266.464111 0.000000 3100.221924 0.000000 0.199644 0.000000 -0.979869 1.000000 1.000000 1.000000
3254.706299 0.000000 3124.640625 0.000000 0.491692 0.000000 -0.870769 1.000000 1.000000 1.000000
3164.305420 0.000000 3149.557129 0.000000 0.254066 0.000000 -0.967187 1.000000 1.000000 1.000000
3109.035400 0.000000 3201.251221 0.000000 0.131433 0.000000 -0.991325 1.000000 1.000000 1.000000
3175.918213 0.000000 3163.816650 0.000000 0.437723 0.000000 -0.899110 1.000000 1.000000 1.000000
3165.607422 0.000000 3163.153320 0.000000 0.080924 0.000000 -0.996720 1.000000 1.000000 1.000000
3173.079102 0.000000 3153.998047 0.000000 0.439514 0.000000 -0.898236 1.000000 1.000000 1.000000
3141.403320 0.000000 3203.010010 0.000000 0.080496 0.000000 -0.996755 1.000000 1.000000 1.000000
3103.313477 0.000000 3203.253174 0.000000 0.007214 0.000000 -0.999974 1.000000 1.000000 1.000000
3179.131348 0.000000 3158.122070 0.000000 0.296490 0.000000 -0.955036 1.000000 1.000000 1.000000
3156.870361 0.000000 3206.110840 0.000000 0.515514 0.000000 -0.856881 1.000000 1.000000 1.000000
3126.038330 0.000000 3212.934814 0.000000 0.264790 0.000000 -0.964306 1.000000 1.000000 1.000000
3108.911133 0.000000 3151.813477 0.000000 0.421687 0.000000 -0.906741 1.000000 1.000000 1.000000
3127.614258 0.000000 3212.722900 0.000000 0.177136 0.000000 -0.984186 1.000000 1.000000 1.000000
3178.556641 0.000000 3159.239746 0.000000 0.032717 0.000000 -0.999465 1.000000 1.000000 1.000000
3206.582275 0.000000 3161.069336 0.000000 0.331851 0.000000 -0.943332 1.000000 1.000000 1.000000
3215.839111 0.000000 3157.347168 0.000000 0.402789 0.000000 -0.915293 1.000000 1.000000 1.000000
3237.225830 0.000000 3166.240234 0.000000 0.023023 0.000000 -0.999735 1.000000 1.000000 1.000000
3208.989990 0.000000 3159.661133 0.000000 0.321856 0.000000 -0.946789 1.000000 1.000000 1.000000
3254.169678 0.000000 3201.764648 0.000000 0.468015 0.000000 -0.883721 1.000000 1.000000 1.000000
3254.568604 0.000000 3204.066895 0.000000 0.218935 0.000000 -0.975739 1.000000 1.000000 1.000000
3200.631836 0.000000 3190.850342 0.000000 0.066297 0.000000 -0.997800 1.000000 1.000000 1.000000
3251.055664 0.000000 3190.303955 0.000000 0.451579 0.000000 -0.892231 1.000000 1.000000 1.000000
3223.333008 0.000000 3158.730713 0.000000 0.310291 0.000000 -0.950642 1.000000 1.000000 1.000000
3222.219238 0.000000 3156.030273 0.000000 0.208539 0.000000 -0.978014 1.000000 1.000000 1.000000
3220.733154 0.000000 3156.271729 0.000000 0.143434 0.000000 -0.989660 1.000000 1.000000 1.000000
3314.426514 0.000000 2911.043945 0.000000 0.554331 0.000000 -0.832296 1.000000 1.000000 1.000000
3318.790771 0.000000 2905.315674 0.000000 0.067983 0.000000 -0.997687 1.000000 1.000000 1.000000
3360.417969 0.000000 2908.050049 0.000000 0.448147 0.000000 -0.893960 1.000000 1.000000 1.000000
3311.203613 0.000000 2932.822021 0.000000 0.472455 0.000000 -0.881355 1.000000 1.000000 1.000000
3324.531982 0.000000 2909.334229 0.000000 0.229786 0.000000 -0.973241 1.000000 1.000000 1.000000
3306.098877 0.000000 2914.858643 0.000000 0.462974 0.000000 -0.886372 1.000000 1.000000 1.000000
3311.205811 0.000000 2935.910645 0.000000 0.193313 0.000000 -0.981137 1.000000 1.000000 1.000000
3447.917480 0.000000 2880.124512 0.000000 0.218292 0.000000 -0.975884 1.000000 1.000000 1.000000
3434.294922 0.000000 2914.319824 0.000000 0.586776 0.000000 -0.809750 1.000000 1.000000 1.000000
3408.112793 0.000000 2902.490234 0.000000 0.463657 0.000000 -0.886015 1.000000 1.000000 1.000000
3451.015625 0.000000 2899.782715 0.000000 0.148117 0.000000 -0.988970 1.000000 1.000000 1.000000
3396.762939 0.000000 2903.865723 0.000000 0.156959 0.000000 -0.987605 1.000000 1.000000 1.000000
3381.781738 0.000000 2903.910645 0.000000 0.047430 0.000000 -0.998875 1.000000 1.000000 1.000000
3387.304443 0.000000 2879.519775 0.000000 0.430612 0.000000 -0.902537 1.000000 1.000000 1.000000
3396.455811 0.000000 2906.139404 0.000000 0.429267 0.000000 -0.903178 1.000000 1.000000 1.000000
3447.608887 0.000000 2882.206055 0.000000 0.474013 0.000000 -0.880518 1.000000 1.000000 1.000000
3419.475830 0.000000 2920.333008 0.000000 0.300661 0.000000 -0.953731 1.000000 1.000000 1.000000
3316.077148 0.000000 3015.038086 0.000000 0.369404 0.000000 -0.929269 1.000000 1.000000 1.000000
3333.564453 0.000000 3002.973877 0.000000 0.442804 0.000000 -0.896618 1.000000 1.000000 1.000000
3304.186768 0.000000 3005.395752 0.000000 0.291298 0.000000 -0.956632 1.000000 1.000000 1.000000
3290.170166 0.000000 2996.297363 0.000000 0.150629 0.000000 -0.988590 1.000000 1.000000 1.000000
3317.551025 0.000000 2994.078857 0.000000 0.504199 0.000000 -0.863587 1.000000 1.000000 1.000000
3316.250488 0.000000 3018.373047 0.000000 0.209672 0.000000 -0.977772 1.000000 1.000000 1.000000
3317.387451 0.000000 3018.281494 0.000000 0.369303 0.000000 -0.929309 1.000000 1.000000 1.000000
3413.378662 0.000000 2995.699219 0.000000 0.028969 0.000000 -0.999580 1.000000 1.000000 1.000000
3380.769287 0.000000 3054.848389 0.000000 0.413390 0.000000 -0.910554 1.000000 1.000000 1.000000
3407.053467 0.000000 3029.802002 0.000000 0.028354 0.000000 -0.999598 1.000000 1.000000 1.000000
3412.586426 0.000000 3025.367920 0.000000 0.090186 0.000000 -0.995925 1.000000 1.000000 1.000000
3379.127441 0.000000 3048.747559 0.000000 0.185951 0.000000 -0.982559 1.000000 1.000000 1.000000
3408.575684 0.000000 3024.804932 0.000000 0.328925 0.000000 -0.944356 1.000000 1.000000 1.000000
3381.418213 0.000000 3053.119385 0.000000 0.273582 0.000000 -0.961849 1.000000 1.000000 1.000000
3532.054443 0.000000 2937.887939 0.000000 0.043890 0.000000 -0.999036 1.000000 1.000000 1.000000
3512.032227 0.000000 2929.192383 0.000000 0.273514 0.000000 -0.961868 1.000000 1.000000 1.000000
3494.087891 0.000000 2929.547363 0.000000 0.000407 0.000000 -1.000000 1.000000 1.000000 1.000000
3505.277344 0.000000 2915.089355 0.000000 0.052697 0.000000 -0.998611 1.000000 1.000000 1.000000
3557.412354 0.000000 2961.446289 0.000000 0.455645 0.000000 -0.890162 1.000000 1.000000 1.000000
3483.439941 0.000000 2927.358154 0.000000 0.125945 0.000000 -0.992037 1.000000 1.000000 1.000000
3470.646484 0.000000 2917.207275 0.000000 0.139647 0.000000 -0.990201 1.000000 1.000000 1.000000
3554.334961 0.000000 2945.724854 0.000000 0.247538 0.000000 -0.968878 1.000000 1.000000 1.000000
3552.593262 0.000000 2943.686523 0.000000 0.488395 0.000000 -0.872623 1.000000 1.000000 1.000000
3536.352539 0.000000 2922.177979 0.000000 0.524912 0.000000 -0.851157 1.000000 1.000000 1.000000
3498.590576 0.000000 2919.985840 0.000000 0.563311 0.000000 -0.826245 1.000000 1.000000 1.000000
3474.802490 0.000000 2902.814697 0.000000 0.027989 0.000000 -0.999608 1.000000 1.000000 1.000000
3473.744873 0.000000 2900.820068 0.000000 0.342117 0.000000 -0.939657 1.000000 1.000000 1.000000
3468.945801 0.000000 2916.339355 0.000000 0.454228 0.000000 -0.890885 1.000000 1.000000 1.000000
3556.500244 0.000000 2914.171387 0.000000 0.194013 0.000000 -0.980999 1.000000 1.000000 1.000000
3519.811279 0.000000 2911.843506 0.000000 0.221774 0.000000 -0.975098 1.000000 1.000000 1.000000
3556.441406 0.000000 2942.148682 0.000000 0.109639 0.000000 -0.993971 1.000000 1.000000 1.000000
3559.914551 0.000000 2957.984863 0.000000 0.001586 0.000000 -0.999999 1.000000 1.000000 1.000000
3582.537598 0.000000 2920.237061 0.000000 0.361245 0.000000 -0.932471 1.000000 1.000000 1.000000
3566.812012 0.000000 2961.511963 0.000000 0.333683 0.000000 -0.942685 1.000000 1.000000 1.000000
3575.060303 0.000000 2922.029297 0.000000 0.212056 0.000000 -0.977258 1.000000 1.000000 1.000000
3577.937012 0.000000 2924.906738 0.000000 0.392796 0.000000 -0.919625 1.000000 1.000000 1.000000
3570.289551 0.000000 2959.408447 0.000000 0.171653 0.000000 -0.985157 1.000000 1.000000 1.000000
3620.330322 0.000000 2961.073242 0.000000 0.078703 0.000000 -0.996898 1.000000 1.000000 1.000000
3572.562988 0.000000 2959.093750 0.000000 0.272742 0.000000 -0.962087 1.000000 1.000000 1.000000
3621.754883 0.000000 2962.335449 0.000000 0.466284 0.000000 -0.884635 1.000000 1.000000 1.000000
3567.630859 0.000000 2959.851074 0.000000 0.003686 0.000000 -0.999993 1.000000 1.000000 1.000000
3574.985107 0.000000 2959.976318 0.000000 0.214851 0.000000 -0.976647 1.000000 1.000000 1.000000
3491.295410 0.000000 3010.221436 0.000000 0.178942 0.000000 -0.983860 1.000000 1.000000 1.000000
3494.451660 0.000000 3004.151367 0.000000 0.542654 0.000000 -0.839956 1.000000 1.000000 1.000000
3547.886475 0.000000 2980.618896 0.000000 0.273684 0.000000 -0.961820 1.000000 1.000000 1.000000
3472.772461 0.000000 3023.517090 0.000000 0.012803 0.000000 -0.999918 1.000000 1.000000 1.000000
3473.987061 0.000000 3022.793945 0.000000 0.458547 0.000000 -0.888670 1.000000 1.000000 1.000000
3630.846680 0.000000 3046.069336 0.000000 0.269434 0.000000 -0.963019 1.000000 1.000000 1.000000
3615.706543 0.000000 3032.082275 0.000000 0.560775 0.000000 -0.827968 1.000000 1.000000 1.000000
3629.966553 0.000000 2978.220215 0.000000 0.046141 0.000000 -0.998935 1.000000 1.000000 1.000000
3562.719482 0.000000 3041.024170 0.000000 0.214658 0.000000 -0.976689 1.000000 1.000000 1.000000
3584.169678 0.000000 3030.087891 0.000000 0.416039 0.000000 -0.909347 1.000000 1.000000 1.000000
3632.437988 0.000000 3041.359375 0.000000 0.208972 0.000000 -0.977922 1.000000 1.000000 1.000000
3648.994873 0.000000 3025.408936 0.000000 0.046758 0.000000 -0.998906 1.000000 1.000000 1.000000
3594.371338 0.000000 2992.180908 0.000000 0.264153 0.000000 -0.964481 1.000000 1.000000 1.000000
3636.564941 0.000000 2982.022217 0.000000 0.462011 0.000000 -0.886874 1.000000 1.000000 1.000000
3629.705811 0.000000 3042.865967 0.000000 0.501506 0.000000 -0.865154 1.000000 1.000000 1.000000
3634.720703 0.000000 2983.753906 0.000000 0.269084 0.000000 -0.963117 1.000000 1.000000 1.000000
3586.914307 0.000000 3031.116455 0.000000 0.473460 0.000000 -0.880815 1.000000 1.000000 1.000000
3634.420166 0.000000 3039.885010 0.000000 0.244232 0.000000 -0.969717 1.000000 1.000000 1.000000
3596.403809 0.000000 2991.473145 0.000000 0.045906 0.000000 -0.998946 1.000000 1.000000 1.000000
3592.587646 0.000000 2993.191162 0.000000 0.051309 0.000000 -0.998683 1.000000 1.000000 1.000000
3635.601318 0.000000 3036.368652 0.000000 0.385010 0.000000 -0.922912 1.000000 1.000000 1.000000
3594.422607 0.000000 2995.717773 0.000000 0.140414 0.000000 -0.990093 1.000000 1.000000 1.000000
3598.239990 0.000000 2988.645752 0.000000 0.226796 0.000000 -0.973942 1.000000 1.000000 1.000000
3636.864014 0.000000 3036.895752 0.000000 0.200777 0.000000 -0.979637 1.000000 1.000000 1.000000
3285.149414 0.000000 3125.010254 0.000000 0.468506 0.000000 -0.883460 1.000000 1.000000 1.000000
3338.889648 0.000000 3142.396729 0.000000 0.212768 0.000000 -0.977103 1.000000 1.000000 1.000000
3372.088623 0.000000 3104.758301 0.000000 0.274695 0.000000 -0.961531 1.000000 1.000000 1.000000
3361.822266 0.000000 3123.747314 0.000000 0.346126 0.000000 -0.938188 1.000000 1.000000 1.000000
3289.971191 0.000000 3128.588623 0.000000 0.503944 0.000000 -0.863737 1.000000 1.000000 1.000000
3374.408203 0.000000 3105.163574 0.000000 0.326563 0.000000 -0.945175 1.000000 1.000000 1.000000
3360.383301 0.000000 3122.695068 0.000000 0.139444 0.000000 -0.990230 1.000000 1.000000 1.000000
3428.027344 0.000000 3103.694824 0.000000 0.210622 0.000000 -0.977567 1.000000 1.000000 1.000000
3433.183105 0.000000 3083.025146 0.000000 0.574853 0.000000 -0.818257 1.000000 1.000000 1.000000
3414.482422 0.000000 3079.341064 0.000000 0.012015 0.000000 -0.999928 1.000000 1.000000 1.000000
3402.845703 0.000000 3109.516113 0.000000 0.480538 0.000000 -0.876974 1.000000 1.000000 1.000000
3431.059814 0.000000 3109.140625 0.000000 0.308891 0.000000 -0.951097 1.000000 1.000000 1.000000
3409.333496 0.000000 3116.279541 0.000000 0.221300 0.000000 -0.975206 1.000000 1.000000 1.000000
3410.369629 0.000000 3148.148438 0.000000 0.348950 0.000000 -0.937141 1.000000 1.000000 1.000000
3410.315674 0.000000 3089.127930 0.000000 0.013087 0.000000 -0.999914 1.000000 1.000000 1.000000
3416.692383 0.000000 3093.813477 0.000000 0.095285 0.000000 -0.995450 1.000000 1.000000 1.000000
3428.486816 0.000000 3108.893555 0.000000 0.260744 0.000000 -0.965408 1.000000 1.000000 1.000000
3403.820312 0.000000 3067.286621 0.000000 0.437141 0.000000 -0.899393 1.000000 1.000000 1.000000
3397.852295 0.000000 3104.054199 0.000000 0.419783 0.000000 -0.907624 1.000000 1.000000 1.000000
3393.251953 0.000000 3059.555908 0.000000 0.293933 0.000000 -0.955826 1.000000 1.000000 1.000000
3430.364502 0.000000 3085.282959 0.000000 0.237673 0.000000 -0.971345 1.000000 1.000000 1.000000
3356.675293 0.000000 3150.077637 0.000000 0.506177 0.000000 -0.862430 1.000000 1.000000 1.000000
3333.747070 0.000000 3214.725098 0.000000 0.106489 0.000000 -0.994314 1.000000 1.000000 1.000000
3330.339844 0.000000 3163.105225 0.000000 0.580452 0.000000 -0.814294 1.000000 1.000000 1.000000
3291.514160 0.000000 3177.907715 0.000000 0.471286 0.000000 -0.881980 1.000000 1.000000 1.000000
3298.731689 0.000000 3203.818115 0.000000 0.421573 0.000000 -0.906795 1.000000 1.000000 1.000000
3304.662842 0.000000 3188.590332 0.000000 0.428326 0.000000 -0.903624 1.000000 1.000000 1.000000
3341.456055 0.000000 3221.989746 0.000000 0.025429 0.000000 -0.999677 1.000000 1.000000 1.000000
3288.168213 0.000000 3176.490479 0.000000 0.343910 0.000000 -0.939003 1.000000 1.000000 1.000000
3374.906982 0.000000 3160.469971 0.000000 0.255147 0.000000 -0.966902 1.000000 1.000000 1.000000
3302.214844 0.000000 3180.121582 0.000000 0.246142 0.000000 -0.969234 1.000000 1.000000 1.000000
3372.332520 0.000000 3152.304688 0.000000 0.329206 0.000000 -0.944258 1.000000 1.000000 1.000000
3290.170166 0.000000 3176.266113 0.000000 0.550695 0.000000 -0.834707 1.000000 1.000000 1.000000
3304.127930 0.000000 3180.533936 0.000000 0.413536 0.000000 -0.910488 1.000000 1.000000 1.000000
3326.745117 0.000000 3150.074219 0.000000 0.112823 0.000000 -0.993615 1.000000 1.000000 1.000000
3358.048340 0.000000 3151.152588 0.000000 0.314062 0.000000 -0.949402 1.000000 1.000000 1.000000
3373.593506 0.000000 3160.910156 0.000000 0.549376 0.000000 -0.835575 1.000000 1.000000 1.000000
3378.291504 0.000000 3171.330811 0.000000 0.188823 0.000000 -0.982011 1.000000 1.000000 1.000000
3396.040039 0.000000 3198.865723 0.000000 0.228966 0.000000 -0.973434 1.000000 1.000000 1.000000
3380.334717 0.000000 3155.116943 0.000000 0.124069 0.000000 -0.992274 1.000000 1.000000 1.000000
3399.804688 0.000000 3195.326172 0.000000 0.336026 0.000000 -0.941853 1.000000 1.000000 1.000000
3418.649414 0.000000 3151.965088 0.000000 0.517575 0.000000 -0.855638 1.000000 1.000000 1.000000
3395.452637 0.000000 3194.859863 0.000000 0.587047 0.000000 -0.809553 1.000000 1.000000 1.000000
3467.066650 0.000000 3210.261230 0.000000 0.446970 0.000000 -0.894549 1.000000 1.000000 1.000000
3426.172119 0.000000 3196.609131 0.000000 0.506040 0.000000 -0.862510 1.000000 1.000000 1.000000
3402.254395 0.000000 3187.494141 0.000000 0.400119 0.000000 -0.916463 1.000000 1.000000 1.000000
3423.458740 0.000000 3197.733154 0.000000 0.366224 0.000000 -0.930527 1.000000 1.000000 1.000000
3431.411621 0.000000 3216.392578 0.000000 0.388962 0.000000 -0.921254 1.000000 1.000000 1.000000
3397.496582 0.000000 3196.669922 0.000000 0.178905 0.000000 -0.983866 1.000000 1.000000 1.000000
3380.679199 0.000000 3171.597168 0.000000 0.116587 0.000000 -0.993180 1.000000 1.000000 1.000000
3397.717529 0.000000 3169.227051 0.000000 0.026553 0.000000 -0.999647 1.000000 1.000000 1.000000
3397.697021 0.000000 3237.953369 0.000000 0.383761 0.000000 -0.923433 1.000000 1.000000 1.000000
3394.620605 0.000000 3169.813965 0.000000 0.548306 0.000000 -0.836278 1.000000 1.000000 1.000000
3462.068115 0.000000 3209.419922 0.000000 0.054871 0.000000 -0.998493 1.000000 1.000000 1.000000
3456.720459 0.000000 3198.115234 0.000000 0.563817 0.000000 -0.825899 1.000000 1.000000 1.000000
3440.931396 0.000000 3203.267334 0.000000 0.502900 0.000000 -0.864345 1.000000 1.000000 1.000000
3405.418701 0.000000 3184.908691 0.000000 0.527658 0.000000 -0.849457 1.000000 1.000000 1.000000
3467.042969 0.000000 3213.699707 0.000000 0.223989 0.000000 -0.974592 1.000000 1.000000 1.000000
3386.676758 0.000000 3233.928467 0.000000 0.042762 0.000000 -0.999085 1.000000 1.000000 1.000000
3637.147949 0.000000 3119.579102 0.000000 0.584951 0.000000 -0.811069 1.000000 1.000000 1.000000
3595.795898 0.000000 3109.160156 0.000000 0.053622 0.000000 -0.998561 1.000000 1.000000 1.000000
3558.508057 0.000000 3145.577148 0.000000 0.522841 0.000000 -0.852430 1.000000 1.000000 1.000000
3565.492432 0.000000 3092.708252 0.000000 0.524730 0.000000 -0.851269 1.000000 1.000000 1.000000
3594.523438 0.000000 3113.066406 0.000000 0.046913 0.000000 -0.998899 1.000000 1.000000 1.000000
3570.866943 0.000000 3079.588379 0.000000 0.050182 0.000000 -0.998740 1.000000 1.000000 1.000000
3599.581543 0.000000 3110.717041 0.000000 0.208372 0.000000 -0.978050 1.000000 1.000000 1.000000
3603.136475 0.000000 3101.856445 0.000000 0.516280 0.000000 -0.856420 1.000000 1.000000 1.000000
3606.835205 0.000000 3120.762695 0.000000 0.516060 0.000000 -0.856552 1.000000 1.000000 1.000000
3568.264893 0.000000 3078.125977 0.000000 0.092709 0.000000 -0.995693 1.000000 1.000000 1.000000
3643.610107 0.000000 3087.825195 0.000000 0.470387 0.000000 -0.882460 1.000000 1.000000 1.000000
3610.763184 0.000000 3066.340576 0.000000 0.106672 0.000000 -0.994294 1.000000 1.000000 1.000000
3594.288086 0.000000 3126.871582 0.000000 0.315066 0.000000 -0.949070 1.000000 1.000000 1.000000
3613.751953 0.000000 3098.935059 0.000000 0.146547 0.000000 -0.989204 1.000000 1.000000 1.000000
3567.482666 0.000000 3133.843506 0.000000 0.293624 0.000000 -0.955921 1.000000 1.000000 1.000000
3596.198975 0.000000 3087.863770 0.000000 0.397570 0.000000 -0.917572 1.000000 1.000000 1.000000
3596.014893 0.000000 3111.319824 0.000000 0.562945 0.000000 -0.826494 1.000000 1.000000 1.000000
3599.881104 0.000000 3112.917480 0.000000 0.306386 0.000000 -0.951907 1.000000 1.000000 1.000000
3642.215088 0.000000 3086.416260 0.000000 0.350320 0.000000 -0.936630 1.000000 1.000000 1.000000
3603.072998 0.000000 3116.522217 0.000000 0.540780 0.000000 -0.841164 1.000000 1.000000 1.000000
3569.553467 0.000000 3133.738281 0.000000 0.085566 0.000000 -0.996333 1.000000 1.000000 1.000000
3605.158203 0.000000 3121.656494 0.000000 0.527545 0.000000 -0.849527 1.000000 1.000000 1.000000
3590.937256 0.000000 3080.904541 0.000000 0.043601 0.000000 -0.999049 1.000000 1.000000 1.000000
3570.776367 0.000000 3103.492432 0.000000 0.466255 0.000000 -0.884651 1.000000 1.000000 1.000000
3596.983154 0.000000 3111.993164 0.000000 0.514875 0.000000 -0.857265 1.000000 1.000000 1.000000
3536.395752 0.000000 3179.950684 0.000000 0.379587 0.000000 -0.925156 1.000000 1.000000 1.000000
3467.633789 0.000000 3214.994629 0.000000 0.149989 0.000000 -0.988688 1.000000 1.000000 1.000000
3500.838867 0.000000 3182.139893 0.000000 0.350694 0.000000 -0.936490 1.000000 1.000000 1.000000
3517.837891 0.000000 3176.500732 0.000000 0.400456 0.000000 -0.916316 1.000000 1.000000 1.000000
3494.087891 0.000000 3199.500488 0.000000 0.198264 0.000000 -0.980149 1.000000 1.000000 1.000000
3526.318604 0.000000 3205.512939 0.000000 0.334696 0.000000 -0.942326 1.000000 1.000000 1.000000
3491.046875 0.000000 3195.326172 0.000000 0.212206 0.000000 -0.977225 1.000000 1.000000 1.000000
3520.686523 0.000000 3214.227539 0.000000 0.567704 0.000000 -0.823233 1.000000 1.000000 1.000000
3528.185791 0.000000 3208.480469 0.000000 0.113363 0.000000 -0.993554 1.000000 1.000000 1.000000
3470.221924 0.000000 3214.632568 0.000000 0.121328 0.000000 -0.992612 1.000000 1.000000 1.000000
3496.661377 0.000000 3183.322021 0.000000 0.443456 0.000000 -0.896296 1.000000 1.000000 1.000000
3520.443359 0.000000 3216.919434 0.000000 0.353343 0.000000 -0.935494 1.000000 1.000000 1.000000
3499.468750 0.000000 3199.379883 0.000000 0.216094 0.000000 -0.976373 1.000000 1.000000 1.000000
3551.553467 0.000000 3236.829590 0.000000 0.510257 0.000000 -0.860022 1.000000 1.000000 1.000000
3541.750732 0.000000 3196.492432 0.000000 0.239155 0.000000 -0.970981 1.000000 1.000000 1.000000
3496.660889 0.000000 3184.908691 0.000000 0.399369 0.000000 -0.916790 1.000000 1.000000 1.000000
3581.599609 0.000000 3167.571777 0.000000 0.039791 0.000000 -0.999208 1.000000 1.000000 1.000000
3637.850098 0.000000 3194.215820 0.000000 0.238552 0.000000 -0.971130 1.000000 1.000000 1.000000
3604.563232 0.000000 3202.122070 0.000000 0.177612 0.000000 -0.984101 1.000000 1.000000 1.000000
3635.347412 0.000000 3183.709961 0.000000 0.403180 0.000000 -0.915120 1.000000 1.000000 1.000000
3607.269531 0.000000 3192.404785 0.000000 0.471809 0.000000 -0.881701 1.000000 1.000000 1.000000
3616.164551 0.000000 3162.720459 0.000000 0.441735 0.000000 -0.897145 1.000000 1.000000 1.000000
3590.559570 0.000000 3166.945312 0.000000 0.148713 0.000000 -0.988880 1.000000 1.000000 1.000000
3605.178223 0.000000 3192.508301 0.000000 0.046466 0.000000 -0.998920 1.000000 1.000000 1.000000
3586.520508 0.000000 3165.623779 0.000000 0.424981 0.000000 -0.905202 1.000000 1.000000 1.000000
3566.257812 0.000000 3165.399170 0.000000 0.415504 0.000000 -0.909592 1.000000 1.000000 1.000000
3570.011475 0.000000 3237.198975 0.000000 0.247911 0.000000 -0.968783 1.000000 1.000000 1.000000
2934.695801 0.000000 3239.443115 0.000000 0.514158 0.000000 -0.857695 1.000000 1.000000 1.000000
2974.848877 0.000000 3289.109375 0.000000 0.254991 0.000000 -0.966944 1.000000 1.000000 1.000000
2966.042480 0.000000 3258.675049 0.000000 0.249115 0.000000 -0.968474 1.000000 1.000000 1.000000
2935.610107 0.000000 3244.831543 0.000000 0.478785 0.000000 -0.877932 1.000000 1.000000 1.000000
3003.658203 0.000000 3310.690918 0.000000 0.463981 0.000000 -0.885845 1.000000 1.000000 1.000000
2941.482910 0.000000 3298.387207 0.000000 0.377853 0.000000 -0.925865 1.000000 1.000000 1.000000
2957.808838 0.000000 3280.718262 0.000000 0.311291 0.000000 -0.950315 1.000000 1.000000 1.000000
2964.441162 0.000000 3281.825195 0.000000 0.191111 0.000000 -0.981569 1.000000 1.000000 1.000000
2963.264893 0.000000 3280.270508 0.000000 0.187111 0.000000 -0.982339 1.000000 1.000000 1.000000
2966.641357 0.000000 3257.482422 0.000000 0.080310 0.000000 -0.996770 1.000000 1.000000 1.000000
3083.859131 0.000000 3294.168213 0.000000 0.331291 0.000000 -0.943529 1.000000 1.000000 1.000000
3022.335693 0.000000 3239.457275 0.000000 0.414401 0.000000 -0.910094 1.000000 1.000000 1.000000
3406.832275 0.000000 3257.898926 0.000000 0.210228 0.000000 -0.977652 1.000000 1.000000 1.000000
3462.847412 0.000000 3255.493164 0.000000 0.267870 0.000000 -0.963455 1.000000 1.000000 1.000000
3517.837891 0.000000 3266.485107 0.000000 0.361567 0.000000 -0.932346 1.000000 1.000000 1.000000
3533.984131 0.000000 3243.503662 0.000000 0.250478 0.000000 -0.968122 1.000000 1.000000 1.000000
3669.422852 0.000000 2969.099609 0.000000 0.174682 0.000000 -0.984625 1.000000 1.000000 1.000000
3672.181152 0.000000 2966.001221 0.000000 0.012323 0.000000 -0.999924 1.000000 1.000000 1.000000
3698.285156 0.000000 2968.487061 0.000000 0.206299 0.000000 -0.978489 1.000000 1.000000 1.000000
3673.969238 0.000000 2964.165283 0.000000 0.112499 0.000000 -0.993652 1.000000 1.000000 1.000000
3696.431396 0.000000 2967.918945 0.000000 0.154731 0.000000 -0.987957 1.000000 1.000000 1.000000
3697.583252 0.000000 2966.891846 0.000000 0.040102 0.000000 -0.999196 1.000000 1.000000 1.000000
3694.599609 0.000000 2966.305176 0.000000 0.483048 0.000000 -0.875594 1.000000 1.000000 1.000000
3696.839111 0.000000 2970.222900 0.000000 0.312535 0.000000 -0.949906 1.000000 1.000000 1.000000
3710.925293 0.000000 2994.182617 0.000000 0.046121 0.000000 -0.998936 1.000000 1.000000 1.000000
3723.829102 0.000000 3053.765381 0.000000 0.078571 0.000000 -0.996908 1.000000 1.000000 1.000000
3713.629639 0.000000 2995.025391 0.000000 0.259866 0.000000 -0.965645 1.000000 1.000000 1.000000
3694.182373 0.000000 2969.857666 0.000000 0.565601 0.000000 -0.824679 1.000000 1.000000 1.000000
3700.895264 0.000000 3004.354492 0.000000 0.251433 0.000000 -0.967875 1.000000 1.000000 1.000000
3650.766602 0.000000 3023.284424 0.000000 0.320035 0.000000 -0.947406 1.000000 1.000000 1.000000
3659.192383 0.000000 3053.425293 0.000000 0.459687 0.000000 -0.888081 1.000000 1.000000 1.000000
3703.085449 0.000000 3005.396484 0.000000 0.109945 0.000000 -0.993938 1.000000 1.000000 1.000000
3722.427979 0.000000 3029.863770 0.000000 0.411231 0.000000 -0.911531 1.000000 1.000000 1.000000
3723.941406 0.000000 3033.787354 0.000000 0.439362 0.000000 -0.898310 1.000000 1.000000 1.000000
3722.235596 0.000000 3033.559082 0.000000 0.447140 0.000000 -0.894464 1.000000 1.000000 1.000000
3671.762695 0.000000 2969.542969 0.000000 0.483808 0.000000 -0.875174 1.000000 1.000000 1.000000
3817.970215 0.000000 3055.851807 0.000000 0.042595 0.000000 -0.999092 1.000000 1.000000 1.000000
3768.777588 0.000000 3036.334473 0.000000 0.546574 0.000000 -0.837411 1.000000 1.000000 1.000000
3771.506348 0.000000 3036.013916 0.000000 0.303554 0.000000 -0.952814 1.000000 1.000000 1.000000
3880.769531 0.000000 3058.471436 0.000000 0.454693 0.000000 -0.890648 1.000000 1.000000 1.000000
3879.218018 0.000000 3053.548584 0.000000 0.082643 0.000000 -0.996579 1.000000 1.000000 1.000000
3843.671631 0.000000 3058.616943 0.000000 0.230310 0.000000 -0.973117 1.000000 1.000000 1.000000
3832.249756 0.000000 3053.864746 0.000000 0.413836 0.000000 -0.910351 1.000000 1.000000 1.000000
3845.006104 0.000000 3059.304443 0.000000 0.350925 0.000000 -0.936403 1.000000 1.000000 1.000000
3933.974121 0.000000 3042.131592 0.000000 0.446194 0.000000 -0.894936 1.000000 1.000000 1.000000
3999.943359 0.000000 3045.300781 0.000000 0.505689 0.000000 -0.862716 1.000000 1.000000 1.000000
3994.674561 0.000000 3042.865967 0.000000 0.010710 0.000000 -0.999943 1.000000 1.000000 1.000000
3944.991699 0.000000 3053.667236 0.000000 0.169760 0.000000 -0.985485 1.000000 1.000000 1.000000
3930.739258 0.000000 3037.277588 0.000000 0.108810 0.000000 -0.994063 1.000000 1.000000 1.000000
3987.716309 0.000000 3058.741455 0.000000 0.015910 0.000000 -0.999873 1.000000 1.000000 1.000000
3928.179932 0.000000 3043.063965 0.000000 0.530291 0.000000 -0.847816 1.000000 1.000000 1.000000
3930.716553 0.000000 3050.564453 0.000000 0.571928 0.000000 -0.820304 1.000000 1.000000 1.000000
3650.118164 0.000000 3125.010254 0.000000 0.566500 0.000000 -0.824062 1.000000 1.000000 1.000000
3659.736572 0.000000 3069.559082 0.000000 0.317585 0.000000 -0.948230 1.000000 1.000000 1.000000
3661.031006 0.000000 3059.488525 0.000000 0.005277 0.000000 -0.999986 1.000000 1.000000 1.000000
3654.985840 0.000000 3123.506104 0.000000 0.514314 0.000000 -0.857602 1.000000 1.000000 1.000000
3662.912842 0.000000 3060.666016 0.000000 0.418893 0.000000 -0.908036 1.000000 1.000000 1.000000
3660.988525 0.000000 3067.892578 0.000000 0.438777 0.000000 -0.898596 1.000000 1.000000 1.000000
3741.998535 0.000000 3070.078369 0.000000 0.085822 0.000000 -0.996310 1.000000 1.000000 1.000000
3816.828857 0.000000 3096.962158 0.000000 0.550383 0.000000 -0.834912 1.000000 1.000000 1.000000
3800.219482 0.000000 3139.249268 0.000000 0.082365 0.000000 -0.996602 1.000000 1.000000 1.000000
3754.037598 0.000000 3074.642334 0.000000 0.263779 0.000000 -0.964583 1.000000 1.000000 1.000000
3796.854492 0.000000 3139.178955 0.000000 0.338871 0.000000 -0.940833 1.000000 1.000000 1.000000
3763.438721 0.000000 3087.512451 0.000000 0.043122 0.000000 -0.999070 1.000000 1.000000 1.000000
3799.910156 0.000000 3136.218262 0.000000 0.354141 0.000000 -0.935192 1.000000 1.000000 1.000000
3755.500977 0.000000 3078.938232 0.000000 0.210740 0.000000 -0.977542 1.000000 1.000000 1.000000
3805.786377 0.000000 3102.344482 0.000000 0.113059 0.000000 -0.993588 1.000000 1.000000 1.000000
3803.717285 0.000000 3102.092529 0.000000 0.200391 0.000000 -0.979716 1.000000 1.000000 1.000000
3753.282471 0.000000 3075.714355 0.000000 0.083464 0.000000 -0.996511 1.000000 1.000000 1.000000
3663.266113 0.000000 3173.537598 0.000000 0.401482 0.000000 -0.915867 1.000000 1.000000 1.000000
3660.292969 0.000000 3173.571533 0.000000 0.157227 0.000000 -0.987563 1.000000 1.000000 1.000000
3828.299561 0.000000 3194.742676 0.000000 0.014906 0.000000 -0.999889 1.000000 1.000000 1.000000
3755.875488 0.000000 3149.458740 0.000000 0.522901 0.000000 -0.852393 1.000000 1.000000 1.000000
3760.011719 0.000000 3150.863770 0.000000 0.399477 0.000000 -0.916743 1.000000 1.000000 1.000000
3821.768555 0.000000 3175.090088 0.000000 0.318449 0.000000 -0.947940 1.000000 1.000000 1.000000
3812.730713 0.000000 3182.149170 0.000000 0.511512 0.000000 -0.859276 1.000000 1.000000 1.000000
3773.504883 0.000000 3193.623047 0.000000 0.347404 0.000000 -0.937716 1.000000 1.000000 1.000000
3820.177979 0.000000 3175.791504 0.000000 0.525004 0.000000 -0.851100 1.000000 1.000000 1.000000
3818.854248 0.000000 3174.978027 0.000000 0.365477 0.000000 -0.930820 1.000000 1.000000 1.000000
3862.065918 0.000000 3142.508789 0.000000 0.506442 0.000000 -0.862274 1.000000 1.000000 1.000000
3840.397217 0.000000 3060.644043 0.000000 0.536556 0.000000 -0.843864 1.000000 1.000000 1.000000
3912.069092 0.000000 3082.050781 0.000000 0.225020 0.000000 -0.974354 1.000000 1.000000 1.000000
3902.496338 0.000000 3071.651611 0.000000 0.416406 0.000000 -0.909179 1.000000 1.000000 1.000000
3865.426270 0.000000 3145.379395 0.000000 0.081881 0.000000 -0.996642 1.000000 1.000000 1.000000
3905.043457 0.000000 3071.365967 0.000000 0.449085 0.000000 -0.893489 1.000000 1.000000 1.000000
3863.020996 0.000000 3144.984375 0.000000 0.530333 0.000000 -0.847789 1.000000 1.000000 1.000000
3866.795654 0.000000 3061.049072 0.000000 0.155372 0.000000 -0.987856 1.000000 1.000000 1.000000
3860.205811 0.000000 3142.064941 0.000000 0.385737 0.000000 -0.922609 1.000000 1.000000 1.000000
3920.255859 0.000000 3096.035400 0.000000 0.179877 0.000000 -0.983689 1.000000 1.000000 1.000000
3867.720459 0.000000 3071.537842 0.000000 0.581851 0.000000 -0.813295 1.000000 1.000000 1.000000
3868.918213 0.000000 3072.880127 0.000000 0.514250 0.000000 -0.857640 1.000000 1.000000 1.000000
3882.397949 0.000000 3059.507080 0.000000 0.510117 0.000000 -0.860105 1.000000 1.000000 1.000000
3980.636230 0.000000 3083.025146 0.000000 0.114850 0.000000 -0.993383 1.000000 1.000000 1.000000
3925.375977 0.000000 3094.070557 0.000000 0.385777 0.000000 -0.922592 1.000000 1.000000 1.000000
4010.970947 0.000000 3071.420654 0.000000 0.507276 0.000000 -0.861784 1.000000 1.000000 1.000000
3955.549561 0.000000 3111.468506 0.000000 0.132550 0.000000 -0.991176 1.000000 1.000000 1.000000
3959.492188 0.000000 3113.066406 0.000000 0.193967 0.000000 -0.981008 1.000000 1.000000 1.000000
3992.071777 0.000000 3134.598145 0.000000 0.410044 0.000000 -0.912066 1.000000 1.000000 1.000000
3959.643311 0.000000 3117.922607 0.000000 0.569515 0.000000 -0.821981 1.000000 1.000000 1.000000
4006.979248 0.000000 3093.347168 0.000000 0.377952 0.000000 -0.925825 1.000000 1.000000 1.000000
3940.993164 0.000000 3094.432373 0.000000 0.492382 0.000000 -0.870379 1.000000 1.000000 1.000000
3939.618164 0.000000 3113.816650 0.000000 0.504489 0.000000 -0.863418 1.000000 1.000000 1.000000
3932.715820 0.000000 3125.213379 0.000000 0.299986 0.000000 -0.953944 1.000000 1.000000 1.000000
4009.278564 0.000000 3070.729492 0.000000 0.582971 0.000000 -0.812493 1.000000 1.000000 1.000000
4007.150879 0.000000 3095.054688 0.000000 0.088049 0.000000 -0.996116 1.000000 1.000000 1.000000
3957.903809 0.000000 3112.130371 0.000000 0.541770 0.000000 -0.840527 1.000000 1.000000 1.000000
3977.817627 0.000000 3085.282959 0.000000 0.345608 0.000000 -0.938379 1.000000 1.000000 1.000000
3841.781006 0.000000 3165.108643 0.000000 0.355086 0.000000 -0.934833 1.000000 1.000000 1.000000
3847.117676 0.000000 3149.458740 0.000000 0.516229 0.000000 -0.856451 1.000000 1.000000 1.000000
3890.437500 0.000000 3216.322754 0.000000 0.032565 0.000000 -0.999470 1.000000 1.000000 1.000000
3897.169189 0.000000 3231.780273 0.000000 0.114260 0.000000 -0.993451 1.000000 1.000000 1.000000
3919.155518 0.000000 3154.885742 0.000000 0.436043 0.000000 -0.899926 1.000000 1.000000 1.000000
3919.785645 0.000000 3152.304688 0.000000 0.064281 0.000000 -0.997932 1.000000 1.000000 1.000000
3844.332764 0.000000 3166.979248 0.000000 0.131537 0.000000 -0.991311 1.000000 1.000000 1.000000
3888.693848 0.000000 3214.251953 0.000000 0.009240 0.000000 -0.999957 1.000000 1.000000 1.000000
3838.237061 0.000000 3149.638672 0.000000 0.252550 0.000000 -0.967584 1.000000 1.000000 1.000000
3880.124023 0.000000 3208.627686 0.000000 0.222014 0.000000 -0.975043 1.000000 1.000000 1.000000
3853.715088 0.000000 3163.395752 0.000000 0.059463 0.000000 -0.998231 1.000000 1.000000 1.000000
3844.147705 0.000000 3159.551270 0.000000 0.583379 0.000000 -0.812200 1.000000 1.000000 1.000000
3851.968994 0.000000 3166.225098 0.000000 0.149575 0.000000 -0.988750 1.000000 1.000000 1.000000
3856.019775 0.000000 3205.348633 0.000000 0.537744 0.000000 -0.843108 1.000000 1.000000 1.000000
3848.395996 0.000000 3150.596191 0.000000 0.361758 0.000000 -0.932272 1.000000 1.000000 1.000000
3903.801758 0.000000 3209.459717 0.000000 0.069358 0.000000 -0.997592 1.000000 1.000000 1.000000
3924.482910 0.000000 3160.062744 0.000000 0.269325 0.000000 -0.963049 1.000000 1.000000 1.000000
4010.783936 0.000000 3194.742676 0.000000 0.536064 0.000000 -0.844177 1.000000 1.000000 1.000000
4005.044678 0.000000 3150.535156 0.000000 0.309322 0.000000 -0.950957 1.000000 1.000000 1.000000
3959.340088 0.000000 3172.149658 0.000000 0.229858 0.000000 -0.973224 1.000000 1.000000 1.000000
3933.233643 0.000000 3168.110352 0.000000 0.510366 0.000000 -0.859958 1.000000 1.000000 1.000000
4000.594482 0.000000 3197.271484 0.000000 0.553657 0.000000 -0.832744 1.000000 1.000000 1.000000
3980.648926 0.000000 3192.694824 0.000000 0.008382 0.000000 -0.999965 1.000000 1.000000 1.000000
3928.646729 0.000000 3166.808350 0.000000 0.006259 0.000000 -0.999980 1.000000 1.000000 1.000000
4001.311035 0.000000 3195.445312 0.000000 0.284090 0.000000 -0.958798 1.000000 1.000000 1.000000
3930.804443 0.000000 3169.050781 0.000000 0.242105 0.000000 -0.970250 1.000000 1.000000 1.000000
3982.559326 0.000000 3190.086914 0.000000 0.330014 0.000000 -0.943976 1.000000 1.000000 1.000000
3929.633545 0.000000 3168.044189 0.000000 0.198860 0.000000 -0.980028 1.000000 1.000000 1.000000
4000.401367 0.000000 3177.573730 0.000000 0.016068 0.000000 -0.999871 1.000000 1.000000 1.000000
4001.701904 0.000000 3176.561279 0.000000 0.541761 0.000000 -0.840532 1.000000 1.000000 1.000000
3926.807617 0.000000 3164.185547 0.000000 0.568290 0.000000 -0.822828 1.000000 1.000000 1.000000
4091.759766 0.000000 3033.762939 0.000000 0.372023 0.000000 -0.928224 1.000000 1.000000 1.000000
4098.564453 0.000000 3040.737793 0.000000 0.465958 0.000000 -0.884807 1.000000 1.000000 1.000000
4090.070068 0.000000 3035.460205 0.000000 0.569638 0.000000 -0.821896 1.000000 1.000000 1.000000
4099.747070 0.000000 3039.577393 0.000000 0.350240 0.000000 -0.936660 1.000000 1.000000 1.000000
4092.458008 0.000000 3035.088623 0.000000 0.505140 0.000000 -0.863038 1.000000 1.000000 1.000000
4147.815430 0.000000 3058.780273 0.000000 0.186122 0.000000 -0.982527 1.000000 1.000000 1.000000
4149.318848 0.000000 3058.534424 0.000000 0.469077 0.000000 -0.883157 1.000000 1.000000 1.000000
4071.917480 0.000000 3122.066650 0.000000 0.306000 0.000000 -0.952031 1.000000 1.000000 1.000000
4102.162598 0.000000 3118.519043 0.000000 0.233177 0.000000 -0.972434 1.000000 1.000000 1.000000
4065.744385 0.000000 3146.474854 0.000000 0.332688 0.000000 -0.943037 1.000000 1.000000 1.000000
4105.205566 0.000000 3115.393311 0.000000 0.293823 0.000000 -0.955860 1.000000 1.000000 1.000000
4028.123291 0.000000 3067.542725 0.000000 0.566018 0.000000 -0.824393 1.000000 1.000000 1.000000
4087.444336 0.000000 3105.692627 0.000000 0.194308 0.000000 -0.980941 1.000000 1.000000 1.000000
4073.041016 0.000000 3119.410645 0.000000 0.508136 0.000000 -0.861277 1.000000 1.000000 1.000000
4102.851562 0.000000 3116.161621 0.000000 0.292887 0.000000 -0.956147 1.000000 1.000000 1.000000
4030.256348 0.000000 3067.035400 0.000000 0.571196 0.000000 -0.820813 1.000000 1.000000 1.000000
4015.973633 0.000000 3085.965576 0.000000 0.083378 0.000000 -0.996518 1.000000 1.000000 1.000000
4105.703125 0.000000 3116.677246 0.000000 0.259816 0.000000 -0.965658 1.000000 1.000000 1.000000
4153.050293 0.000000 3060.207275 0.000000 0.566581 0.000000 -0.824006 1.000000 1.000000 1.000000
4168.666504 0.000000 3067.963135 0.000000 0.177199 0.000000 -0.984175 1.000000 1.000000 1.000000
4108.818848 0.000000 3117.849854 0.000000 0.114482 0.000000 -0.993425 1.000000 1.000000 1.000000
4194.230469 0.000000 3146.594727 0.000000 0.492485 0.000000 -0.870321 1.000000 1.000000 1.000000
4165.889160 0.000000 3063.862793 0.000000 0.241149 0.000000 -0.970488 1.000000 1.000000 1.000000
4148.586914 0.000000 3061.980713 0.000000 0.485751 0.000000 -0.874097 1.000000 1.000000 1.000000
4197.003906 0.000000 3120.276855 0.000000 0.306985 0.000000 -0.951714 1.000000 1.000000 1.000000
4123.039551 0.000000 3085.149902 0.000000 0.396509 0.000000 -0.918031 1.000000 1.000000 1.000000
4105.935547 0.000000 3115.518311 0.000000 0.547814 0.000000 -0.836600 1.000000 1.000000 1.000000
4145.470703 0.000000 3142.837891 0.000000 0.015149 0.000000 -0.999885 1.000000 1.000000 1.000000
4167.934570 0.000000 3065.408936 0.000000 0.517871 0.000000 -0.855459 1.000000 1.000000 1.000000
4118.059570 0.000000 3076.994873 0.000000 0.403623 0.000000 -0.914926 1.000000 1.000000 1.000000
4196.435059 0.000000 3122.373047 0.000000 0.421579 0.000000 -0.906792 1.000000 1.000000 1.000000
4141.325195 0.000000 3143.914551 0.000000 0.281877 0.000000 -0.959450 1.000000 1.000000 1.000000
4172.520020 0.000000 3142.522217 0.000000 0.213221 0.000000 -0.977004 1.000000 1.000000 1.000000
4147.251465 0.000000 3143.287109 0.000000 0.102919 0.000000 -0.994690 1.000000 1.000000 1.000000
4060.277344 0.000000 3163.105225 0.000000 0.138776 0.000000 -0.990324 1.000000 1.000000 1.000000
4040.380615 0.000000 3210.056641 0.000000 0.038563 0.000000 -0.999256 1.000000 1.000000 1.000000
4104.085449 0.000000 3217.609375 0.000000 0.203521 0.000000 -0.979071 1.000000 1.000000 1.000000
4055.792480 0.000000 3200.701416 0.000000 0.110425 0.000000 -0.993885 1.000000 1.000000 1.000000
4038.072266 0.000000 3199.869385 0.000000 0.413539 0.000000 -0.910486 1.000000 1.000000 1.000000
4052.914795 0.000000 3196.289062 0.000000 0.395559 0.000000 -0.918441 1.000000 1.000000 1.000000
4077.233154 0.000000 3171.875488 0.000000 0.538283 0.000000 -0.842764 1.000000 1.000000 1.000000
4077.726074 0.000000 3168.486328 0.000000 0.007580 0.000000 -0.999971 1.000000 1.000000 1.000000
4060.088135 0.000000 3161.079346 0.000000 0.168131 0.000000 -0.985765 1.000000 1.000000 1.000000
4098.981445 0.000000 3224.062500 0.000000 0.178205 0.000000 -0.983993 1.000000 1.000000 1.000000
4170.750000 0.000000 3207.841064 0.000000 0.286787 0.000000 -0.957994 1.000000 1.000000 1.000000
4139.534180 0.000000 3182.139893 0.000000 0.073913 0.000000 -0.997265 1.000000 1.000000 1.000000
4174.327637 0.000000 3205.143066 0.000000 0.303427 0.000000 -0.952855 1.000000 1.000000 1.000000
4197.115723 0.000000 3196.670410 0.000000 0.108424 0.000000 -0.994105 1.000000 1.000000 1.000000
4123.893555 0.000000 3156.911377 0.000000 0.526450 0.000000 -0.850206 1.000000 1.000000 1.000000
4121.412109 0.000000 3159.661133 0.000000 0.112922 0.000000 -0.993604 1.000000 1.000000 1.000000
4135.356445 0.000000 3183.322021 0.000000 0.129105 0.000000 -0.991631 1.000000 1.000000 1.000000
4110.399902 0.000000 3163.644531 0.000000 0.166364 0.000000 -0.986064 1.000000 1.000000 1.000000
4199.972656 0.000000 3148.285156 0.000000 0.579450 0.000000 -0.815008 1.000000 1.000000 1.000000
4199.568359 0.000000 3144.578857 0.000000 0.463827 0.000000 -0.885926 1.000000 1.000000 1.000000
4200.432129 0.000000 3146.393555 0.000000 0.407350 0.000000 -0.913272 1.000000 1.000000 1.000000
4198.809570 0.000000 3118.677246 0.000000 0.482935 0.000000 -0.875656 1.000000 1.000000 1.000000
4199.471191 0.000000 3171.330811 0.000000 0.127215 0.000000 -0.991875 1.000000 1.000000 1.000000
4198.580078 0.000000 3149.853516 0.000000 0.495105 0.000000 -0.868833 1.000000 1.000000 1.000000
4215.800293 0.000000 3169.813965 0.000000 0.573928 0.000000 -0.818906 1.000000 1.000000 1.000000
3914.102051 0.000000 3273.595459 0.000000 0.164204 0.000000 -0.986426 1.000000 1.000000 1.000000
3959.932373 0.000000 3325.583740 0.000000 0.083265 0.000000 -0.996527 1.000000 1.000000 1.000000
3953.556396 0.000000 3332.535645 0.000000 0.271332 0.000000 -0.962486 1.000000 1.000000 1.000000
4026.157715 0.000000 3274.288818 0.000000 0.521197 0.000000 -0.853436 1.000000 1.000000 1.000000
4089.394531 0.000000 3288.304199 0.000000 0.385982 0.000000 -0.922506 1.000000 1.000000 1.000000
4027.761963 0.000000 3251.053711 0.000000 0.434020 0.000000 -0.900903 1.000000 1.000000 1.000000
4064.604248 0.000000 3290.174316 0.000000 0.484396 0.000000 -0.874849 1.000000 1.000000 1.000000
4027.008057 0.000000 3279.136963 0.000000 0.427797 0.000000 -0.903875 1.000000 1.000000 1.000000
4026.244385 0.000000 3277.173096 0.000000 0.578581 0.000000 -0.815625 1.000000 1.000000 1.000000
4064.004395 0.000000 3288.282227 0.000000 0.462908 0.000000 -0.886407 1.000000 1.000000 1.000000
4065.666748 0.000000 3289.411865 0.000000 0.473065 0.000000 -0.881028 1.000000 1.000000 1.000000
4091.123291 0.000000 3290.743896 0.000000 0.015786 0.000000 -0.999875 1.000000 1.000000 1.000000
4132.321777 0.000000 3245.395508 0.000000 0.297213 0.000000 -0.954811 1.000000 1.000000 1.000000
4129.166016 0.000000 3248.682861 0.000000 0.015512 0.000000 -0.999880 1.000000 1.000000 1.000000
8425.217773 0.000000 684.759460 0.000000 0.346071 0.000000 -0.938208 1.000000 1.000000 1.000000
8586.998047 0.000000 636.532593 0.000000 0.521419 0.000000 -0.853301 1.000000 1.000000 1.000000
7334.103027 0.000000 759.317871 0.000000 0.209963 0.000000 -0.977709 1.000000 1.000000 1.000000
"}
